{"version":2,"hash":{"type":"Buffer","data":"eQWrMfOm+MwOOK8k6P0hGPY1UyYlVwsKk1D28iIxOUzxSXQOlW16noTJyKi6mQU92a+zKHt+fjyOITDr7bwxEmoLjNM/jWMi88dUb0biP9bUXPyuHJoe+O6O04sLv46CAFx+rAx0DcvOTlt2TpFIn5a/ZuaEGAGneEOxfuMPKUA="},"indexValueMap":{"V9lesu7vaBrpNN60IRrtH8OQNWsKokLYxBPKGOu+ZWA=":{"valueMac":{"type":"Buffer","data":"85ifCe/fJykVcAqJvHhcCRPAA7QOuw1/BaOPYrYH/EQ="}},"R+J2gfLwL6B++Z8iF1az5JrgKx5JQJjBx3JQHOWM/kg=":{"valueMac":{"type":"Buffer","data":"HNFCQ2nP/rF18QoW0IaDqh3YYZlPWMRNXQ6L9r6w6rc="}},"HKNV3w4InmZRgNBCra9zrB4OdsyypSE2QMwZI9Lksdc=":{"valueMac":{"type":"Buffer","data":"ISHuasZb44LgjMbJInMiSujsbAjBupNr1q4LUjxX6lw="}},"BAVRqhbIMzOXQVZj2MLGlefHrHhfU2Io9dWlmPZU5ec=":{"valueMac":{"type":"Buffer","data":"nig+0FObkyjM/vXx6mx2WB60yHD4nGr59QGy9rQ03Cc="}},"YjYND9mM/2G85vgysza/gKHUbTMmLHzZ5zGGAZJxY84=":{"valueMac":{"type":"Buffer","data":"TnztVGJHqPedco8Mq1W9q+mxp0HWN8emZikdmS0nTI4="}},"5MDESLLGwHQbg8JzBMHfnSuzioX2jC3bmegoPeVtz9g=":{"valueMac":{"type":"Buffer","data":"R1Dv0egkImxl66SZZk2PTJ4AYRbNO7fi3eov2PdioUg="}},"ZeUNLstFYPZINgos/75mzPKcI6GxxZhyECEKVFY9yHw=":{"valueMac":{"type":"Buffer","data":"h56Um0Gt3E5SWyNTnPzHpNXH82l19F1Xb9CqVxq1i/I="}},"lA4ty8AHf/0uWWdEgfw404bOZwXgJzfPgG2XQRxg9SQ=":{"valueMac":{"type":"Buffer","data":"/3WeIGbIZkt0/+FKzCybWbvHFAD00wriPjCrefFJMOk="}},"swxRFXn7bHS0uiUoQ7tZHuGdGOZXnzr5d16fXqRu9qU=":{"valueMac":{"type":"Buffer","data":"o79l5wWEJyTMFj1OH/U8YTeMIDptvAQCb31XmplwfQs="}},"k7o2QzutHgD7bHyHMwDB8oPglPvNynVYAznRQdph10g=":{"valueMac":{"type":"Buffer","data":"7yn7ZQPEkAJ6rntmtVE8xYmSVgeHYx78EolZO6mEcxM="}},"9QiOECk13R2Kh7VqcJLncSWi2PTcGnKlbZXlRs+jYck=":{"valueMac":{"type":"Buffer","data":"3+RWyI2dbhSrCT24838zS2BP2jo1O936lUhnK+EcXqM="}},"Jez6fmgMJdzQQo+IkS9cD8kzjqoMdKEAgccD+vOV8uI=":{"valueMac":{"type":"Buffer","data":"aZQRngjJeZPfjc0TlEeP2e5hjSlIZjEahLr7XvQ/E3o="}},"vtd+hkece5K8uEgtvw4aJuyLzRpKfeAis0ULoHdFX5Y=":{"valueMac":{"type":"Buffer","data":"E8yxnuyec8u/QYebJQvVYVGJrG3WacvNBAEZWUNVolQ="}},"JfLQ3V4Jzrv3OdBbLsyGw8Ry4TuPO1QnTzkT6huFLQ8=":{"valueMac":{"type":"Buffer","data":"aG31YOJsBFNaEh3f1z2ZO2o0owGVb+aHmLKtsZR3fmU="}},"Mh5Hi2msjq1MLLll7n29YMeOMMxDseTNB6Xw7BsMzi4=":{"valueMac":{"type":"Buffer","data":"vD7Lt9VQevEeAK9PC6GAxGbycUN5Q1pcGxIuXX0a340="}}}}