{"noiseKey":{"private":{"type":"Buffer","data":"gDpLtA5nlzN9pSUJP3PpA/QdpLRmGUnTaKAogqSwRVg="},"public":{"type":"Buffer","data":"SWU8w/Uz9mgn5NGLrLg+crxenhkiEBeePVkvYt0wBSw="}},"pairingEphemeralKeyPair":{"private":{"type":"Buffer","data":"MMFTTUaw6OpylHJffCpzFy8UmS31ppzWiWpzk2SHu0U="},"public":{"type":"Buffer","data":"YXin07pNDhKVAQs6xLdHN68PI2983TLbDDyV6CiDsXQ="}},"signedIdentityKey":{"private":{"type":"Buffer","data":"6CR62C4nIayh11XCPLzvxI5GMB+8x1U2aph0zf1KGXA="},"public":{"type":"Buffer","data":"5gEdwPyfhChmpsRhlde7HuAwpFLRPdJ3CRlBgtpJUG4="}},"signedPreKey":{"keyPair":{"private":{"type":"Buffer","data":"oM+ya6ZvlgHd/+Ov8v6NBXfkAFG/MjnFieoohrGEyno="},"public":{"type":"Buffer","data":"36JXNH6riomNl4CfzUpZexNqy5fFXgLF5YQK/ref6hc="}},"signature":{"type":"Buffer","data":"e+GopDSQaVJlIMvJuggDRt7c6Y86jaQX/H/XV9Q8DOQdhWCaErQZBrHueOEBOMQ+/gwx6O7aL+AP6fXh7X0dhQ=="},"keyId":1},"registrationId":42,"advSecretKey":"Ww5+jUr4WRjkkhj1cQBMZKk+x1EiZy+lOviZSEfP3PE=","processedHistoryMessages":[{"key":{"remoteJid":"201062925567@s.whatsapp.net","fromMe":true,"id":"53673ED52A532D4AE80444B8B62ABCD1"},"messageTimestamp":1735854046},{"key":{"remoteJid":"201062925567@s.whatsapp.net","fromMe":true,"id":"B179CABB02BC8C7983DA7FFA8FB253EE"},"messageTimestamp":1735854053},{"key":{"remoteJid":"201062925567@s.whatsapp.net","fromMe":true,"id":"AA3006355EE7D4491CCD3FA84814FAB6"},"messageTimestamp":1735854067},{"key":{"remoteJid":"201062925567@s.whatsapp.net","fromMe":true,"id":"A8143B1A374E4A7B7B00FDE05F41E818"},"messageTimestamp":1735854075},{"key":{"remoteJid":"201062925567@s.whatsapp.net","fromMe":true,"id":"A4E8D7266C5DFDFE712D7325A88D4AAA"},"messageTimestamp":1735854114},{"key":{"remoteJid":"201062925567@s.whatsapp.net","fromMe":true,"id":"2EE810107ECEFCF8DCFBBB2C127239B7"},"messageTimestamp":1735854117},{"key":{"remoteJid":"201062925567@s.whatsapp.net","fromMe":true,"id":"305D5792165BF80DF0F5CE934DE8F23F"},"messageTimestamp":1735854119}],"nextPreKeyId":87,"firstUnuploadedPreKeyId":87,"accountSyncCounter":1,"accountSettings":{"unarchiveChats":false},"deviceId":"tnuCNVxRTCCi4gj_tb_gWQ","phoneId":"571e5f60-f601-422e-920f-5d8629a7c26f","identityId":{"type":"Buffer","data":"Y/BMsHxKMtfX98AfTJorFtVqPjI="},"registered":true,"backupToken":{"type":"Buffer","data":"S13FpMTKAKspqp7IQJRXZqhN8Wo="},"registration":{},"pairingCode":"JPV1A1F3","lastPropHash":"1QYmo","routingInfo":{"type":"Buffer","data":"CAUIAg=="},"me":{"id":"201062925567:51@s.whatsapp.net","name":"صأصأغ ـششيم ألغ ـدأرينxX-","jid":"201062925567@s.whatsapp.net","lid":"16287052890345:51@lid"},"account":{"details":"CIrrnJkGENCP3LsGGAEgACgA","accountSignatureKey":"Luc4WUKwKGg04AmXw6tR0nyzbGbrRpniVeDNpDMM0x4=","accountSignature":"+BMeoJY0KeLYaLdKf1BfV6p6UpegelcGtulrJspuzM6Xk01wvnVfCMvRRMp/Ebp5nmh43z1XRNkDQfLY5Km2AQ==","deviceSignature":"STZupOtgv53Ft64cmLiEgaxXAHhDTndTsQw41h81A0if6ud67UNGkPCpXx3IlKzMyreMpxHqjbyCNc5xTdQJiA=="},"signalIdentities":[{"identifier":{"name":"201062925567:51@s.whatsapp.net","deviceId":0},"identifierKey":{"type":"Buffer","data":"BS7nOFlCsChoNOAJl8OrUdJ8s2xm60aZ4lXgzaQzDNMe"}}],"platform":"smba","lastAccountSyncTimestamp":1735854035,"myAppStateKeyId":"AAAAANre"}