[{"senderKeyId":1898612426,"senderChainKey":{"iteration":4,"seed":"3BbjSvkbW2o8mz0T5Mhuq2Ng4L2YyjCSps+4TQ6pddU="},"senderSigningKey":{"public":"BXY/x8HrP2RIpj1Xi8UwqTgPiIBSbtx+pV9AvzAAl3MJ"},"senderMessageKeys":[]},{"senderKeyId":1898612426,"senderChainKey":{"iteration":2,"seed":"fZGmbaazX9UgpIFr5ID2qA9ibbG608Ha0I5xtHRO1HM="},"senderSigningKey":{"public":"BXY/x8HrP2RIpj1Xi8UwqTgPiIBSbtx+pV9AvzAAl3MJ"},"senderMessageKeys":[]},{"senderKeyId":1661752219,"senderChainKey":{"iteration":7,"seed":"rEsjMTlImREROoyMMDdl6IzPL0JMh3j06FGPgoRBNLo="},"senderSigningKey":{"public":"BS9WXKcFvDlTw2+k92w7Oor9M08NcCxWSG63L/o8CRkk"},"senderMessageKeys":[]}]