[{"senderKeyId":1098334894,"senderChainKey":{"iteration":1,"seed":"KwCEoeYE+ftOWsRo3wZym4chHlNxSfJcRkcKKnKxSV8="},"senderSigningKey":{"public":"BWwYfVprphZgFAes1cmK7wRBnZhdeFwI9/j24EST9aZ4"},"senderMessageKeys":[]},{"senderKeyId":923300974,"senderChainKey":{"iteration":3,"seed":"elW57LrVDhtbNTlCwoKAhrDI81doIzALnFx/lNcQLCI="},"senderSigningKey":{"public":"BUocwdXv8aCO31ZVBDAIP0Volh2EmDvpbixdFoZxX7M4"},"senderMessageKeys":[]},{"senderKeyId":1392628048,"senderChainKey":{"iteration":22,"seed":"7IR7j+Kf6nRnTeWsIWrswgJ6Ct7bkIyvC74xFGBbPgA="},"senderSigningKey":{"public":"Bf6SfO5GnvvZrPh3+y0EHs/LcaF7Bd/3NEoTwA57s3cp"},"senderMessageKeys":[]}]