[{"senderKeyId":194164104,"senderChainKey":{"iteration":6,"seed":"fP/Du8RDEuQZJ9o1jcJsl8H65J3bzUAUeOUJXtQVE6o="},"senderSigningKey":{"public":"BRMZPv3lJXTfabNCthi2Wn57qLFpYCkYs+mWIMKvlX5D"},"senderMessageKeys":[{"iteration":3,"seed":"eiORP2MT4dINTjI95BodCrTcfpBuVru2itOiw89oQo4="}]},{"senderKeyId":194164104,"senderChainKey":{"iteration":1,"seed":"+vXGma+fAxmphN2bCXQwEvbqapaeQDzradSbXmcLtQI="},"senderSigningKey":{"public":"BRMZPv3lJXTfabNCthi2Wn57qLFpYCkYs+mWIMKvlX5D"}},{"senderKeyId":194164104,"senderChainKey":{"iteration":2,"seed":"zN9nRyvOe4sjzdKOXS1byMx6GEuQJhBMr9x+ofWjdlM="},"senderSigningKey":{"public":"BRMZPv3lJXTfabNCthi2Wn57qLFpYCkYs+mWIMKvlX5D"}},{"senderKeyId":194164104,"senderChainKey":{"iteration":4,"seed":"ymUhhqh52NL40DnYMsyJTp/WnXBcF/cv8qN8pnpC1w8="},"senderSigningKey":{"public":"BRMZPv3lJXTfabNCthi2Wn57qLFpYCkYs+mWIMKvlX5D"}},{"senderKeyId":194164104,"senderChainKey":{"iteration":5,"seed":"yOWhXEfq6T6QcCdlBym+T3dpuzTIztx4CnVAjY49uJg="},"senderSigningKey":{"public":"BRMZPv3lJXTfabNCthi2Wn57qLFpYCkYs+mWIMKvlX5D"}}]