[{"senderKeyId":46138874,"senderChainKey":{"iteration":34,"seed":"5pgmWtf82uDgvrm/dMG0lYiIRfnq0n3dUMhjzfcu8C0="},"senderSigningKey":{"public":"BTTBa/JB7t30RaY04d82fl9Pg7jsF+M50QHiMbjTR8Ir"}},{"senderKeyId":1468855820,"senderChainKey":{"iteration":9,"seed":"4VNWkA6BKtiJVREi/zg4ePryZ8DgITRXeHoMG5QnIug="},"senderSigningKey":{"public":"BQajqJJN0DEijmccbrMyiazkorJ8n2+FpLB9NjllDz9W"}},{"senderKeyId":1580442664,"senderChainKey":{"iteration":5,"seed":"wW3q5w80H3LhI3fWipknH9MlrR9p4lzEZOr2JjQmPSc="},"senderSigningKey":{"public":"Bf5AKAUCpDatXA6xTDlEg2ybBrx5ilV3lhHaKgT+ehNK"}}]