[{"senderKeyId":904920727,"senderChainKey":{"iteration":5,"seed":"1E7wyefGsyTInfkAg0iYcy14yQ8hl4Wy85Rqp0txYic="},"senderSigningKey":{"public":"BSIh4MeDL0c2HUqMGdIphHmW6FEYXD5T2eUq4259R0la"},"senderMessageKeys":[]},{"senderKeyId":1393722853,"senderChainKey":{"iteration":5,"seed":"DPOrKDjV8oqOPwHolYFlraqhxHfLSMwJ2KqCkSDRLrU="},"senderSigningKey":{"public":"BRkqzg3os5Y6qJK9LIXHQAetn1KyiziaP70wDnyEmw0c"}},{"senderKeyId":806805872,"senderChainKey":{"iteration":4,"seed":"ZCUmRBSCTtQf2r9nOE22QvQN8AHxkgKkpufv/vIz3Cw="},"senderSigningKey":{"public":"Bf81wpYdU3w2ta5dY2l9oVok47if2r5E3UNdD6Jr5/QX"}},{"senderKeyId":63110900,"senderChainKey":{"iteration":2,"seed":"PIa6hS/eL99RmLH5wAgl98GSPa/cfQYGFSeQkZQhSXU="},"senderSigningKey":{"public":"Bewqf6I1Dk3jwGc6HHE3gGLGJVfRx6YskL2Npau77aQd"}}]