[{"senderKeyId":318663186,"senderChainKey":{"iteration":15,"seed":"E8WPrrJ4HT1tsdPdnFl0jORBia4kL+EDSC8Xr9FMIak="},"senderSigningKey":{"public":"Bea/2nhUhw+UAs9k955qizPfAvV9Ccoc0hjUiD0I2zpj"},"senderMessageKeys":[{}]},{"senderKeyId":751609332,"senderChainKey":{"iteration":17,"seed":"6jmQ+OABTw897q1OYAoIgDJSev9xhaLpoC6XnB2QE/k="},"senderSigningKey":{"public":"BWd3pY0IUpG7qC3QwiIjURpg0eCYbpQqEjXedNvebloS"}},{"senderKeyId":2007697385,"senderChainKey":{"iteration":2,"seed":"IhFaelaWbTT9U0rsbBXsV9+YMWT57JglGEVRlDx5Bgw="},"senderSigningKey":{"public":"BZ13BMIH5DnFKJQvWHyOhNqSto5+63Tgm+d/mBqPrRFm"}}]