{"noiseKey":{"private":{"type":"Buffer","data":"yA9RkEIaUW5rWvyHoFxpSknCe8zx/T9zkexmPcyCtnc="},"public":{"type":"Buffer","data":"EGp0oH2C7czYBmOZv0Iv80dDirg8hIOMfCJrjWzQWF4="}},"pairingEphemeralKeyPair":{"private":{"type":"Buffer","data":"ePuZRCstZbPtSa460PolhQP3dKTFMSHb4/i7rbmCAFs="},"public":{"type":"Buffer","data":"N1cxuNR4Hdampn4tEnG7wWVFJVP94FOkNV93mOVsAnk="}},"signedIdentityKey":{"private":{"type":"Buffer","data":"2PCyJT+WNRERpnnIoVSW/Zw2Mebus5MD6plTz1wy0FE="},"public":{"type":"Buffer","data":"v3giajKN4sRGy+u6ZG1dUdNVonSDBURReNw2cfatKC0="}},"signedPreKey":{"keyPair":{"private":{"type":"Buffer","data":"ACdstimUFPGyHljn101pA+v2/N3SYMPyQV0u+48O0UE="},"public":{"type":"Buffer","data":"7af+eL7u6LOpf4gDskUZ5NgpHoF9QRDvSLLMjXVa8Xg="}},"signature":{"type":"Buffer","data":"A71fRvXJvrWaFXmFXK1j/Hdk3AAIdoFMr18xxCEiH7oZ0Y15GeBdQcWK6ecKVjh7fQgtrxnKDDUzY9QeweY0jg=="},"keyId":1},"registrationId":15,"advSecretKey":"bn2F/1NhjI4a794AOSKwRQO1/SeVMW8dRpuxJOvmiSA=","processedHistoryMessages":[{"key":{"remoteJid":"17146121800@s.whatsapp.net","fromMe":true,"id":"3B59AB3929E7AFF4B524B8E78C750529"},"messageTimestamp":1735359257},{"key":{"remoteJid":"17146121800@s.whatsapp.net","fromMe":true,"id":"3DF496286720481A41888A2EE4F9C208"},"messageTimestamp":1735359257},{"key":{"remoteJid":"17146121800@s.whatsapp.net","fromMe":true,"id":"A933D64A3B537D18D5AA222F0C7F566D"},"messageTimestamp":1735359264},{"key":{"remoteJid":"17146121800@s.whatsapp.net","fromMe":true,"id":"2F32E2F6DBE7BFBE41AD3D954CF6E35E"},"messageTimestamp":1735359266}],"nextPreKeyId":2320,"firstUnuploadedPreKeyId":2320,"accountSyncCounter":1,"accountSettings":{"unarchiveChats":false},"registered":true,"pairingCode":"ER53MV7M","routingInfo":{"type":"Buffer","data":"CAgIBQ=="},"me":{"id":"17146121800:47@s.whatsapp.net","name":"Sylphiette 🌱","jid":"17146121800@s.whatsapp.net","lid":"157157215485978:47@lid"},"account":{"details":"CMa8o9gBEI/2vbsGGAEgACgA","accountSignatureKey":"fDEM6RVK+RVF0jIonH6iI4Rw6ULYCYAWFfBP4T8zyn8=","accountSignature":"41Zb0VF1w09lQEgzRLQZ29iT//8gZac58uflx/kxZeD2gHKLPj0eOD6PCq9JLlFeYZiJ6o6RzYgAQpikd/wFDQ==","deviceSignature":"MKTQNyba4dO8fqJL/WjjI7n6r+IGC2bGrbsjuD65Z8Mgfc8ONcIs0KsM6bCT6VzG2vBTCEK7gy00Afeoesunig=="},"signalIdentities":[{"identifier":{"name":"17146121800:47@s.whatsapp.net","deviceId":0},"identifierKey":{"type":"Buffer","data":"BXwxDOkVSvkVRdIyKJx+oiOEcOlC2AmAFhXwT+E/M8p/"}}],"platform":"android","lastAccountSyncTimestamp":1735637557,"myAppStateKeyId":"AAAAACET","lastPropHash":"4fGXPd"}