[{"senderKeyId":165671958,"senderChainKey":{"iteration":105,"seed":"S3YwjdbfcYgySHitt8VnH7SVH/JhexZ4BRsFKvnczlI="},"senderSigningKey":{"public":"BfOPYzTt1R1xCHzZGreyRxxG9Z+FtmQKXvgC6b6FZmoq","private":"eG0JMrLE9i4qeSPUANyNkSxPnINMc/lMlMl0vcnY+VA="},"senderMessageKeys":[{"iteration":1,"seed":"pV4jd/7ZfNSKnF3xr2O8afplGpL+OUmgIkf6Lq2NxvM="},{"iteration":3,"seed":"ZAbtnXp8je3gvZd40SJ6LAZ9LdVE54DFCyfeAY5SwBU="},{"iteration":5,"seed":"MoC54RKIWXtrdBBg0O3OpKmgOuiGiwTfajT7+JOtKeY="},{"iteration":7,"seed":"SzyWIo9wt81t53vxEAcFer4ydbcYWNiztPu8Zng45Zs="},{"iteration":9,"seed":"DoeuvqqH94BCTLUxZl1ISudKE4oYeDTuPrRpGz4jrac="},{"iteration":11,"seed":"e3inxf2DvEGn3lQi8v3WATGMKsPYroqp6d7d/Yjroj0="},{"iteration":13,"seed":"U3MqT0KfA27/k8Y1m8F/c5Aw1zGVLYh/0M/NuQluSxc="},{"iteration":15,"seed":"dqODgppqPTFgyupKxGOfDW8fHXepFQ417h8h0J1vdDE="},{"iteration":17,"seed":"Cpk+NXe2OmQ0ZRs0wnKM9W0VmR7Cv9E+7kOyOUGUNVw="},{"iteration":19,"seed":"7+0guJ1bimOlBVF96RZR8+qmuG8okMMnEVv/VQmtbgs="},{"iteration":21,"seed":"ajXLQoPxugRYf5ml5XY+kQNBGpR16DvWIZv83IEXMSM="},{"iteration":23,"seed":"bUpqi0JSxf9/zPGOShN7BkpI82YKO4EmitubsH/hOOQ="},{"iteration":25,"seed":"IHAwiRGc9nwLzr/Qo7qGxb+fJ0aNDGPG/QLdBPe989E="},{"iteration":27,"seed":"DWQTLQZYMk89Rtc/8yuzXKpGx0wO2WRa6OCTpbHImWQ="},{"iteration":29,"seed":"7FiqU3LBC43PpI89G16gPy/ImmNVFmiYvZ4WearEq/A="},{"iteration":31,"seed":"T/bT/ba+Lu9yIvTDl/lKmXxjO3gmbZnouasA/nJ7q64="},{"iteration":33,"seed":"L5xVba9dKItDn1pJo8eTuhikkTjSNVTYtB0lMvJfinQ="},{"iteration":35,"seed":"0now/o0MIpbD5xcf6UiDlKQKaPzdUr9lhXz5pv58C3Q="},{"iteration":37,"seed":"3rMbU0USf1onSgP+IH1UCsFF9SnXOvq8JebJBKvLvCI="},{"iteration":39,"seed":"T3lhWIF/eckRDmbIQXB381yEcMRcxwSSxdlrXEuGSX0="},{"iteration":41,"seed":"Opq1mdya0LBtx6tyZWj6+dPjcv7KhObaMKDlHbapwqg="},{"iteration":43,"seed":"hlvd+EWM+/1l3/RJHYv9DlfLDW8NF3hnutON4pljCNw="},{"iteration":45,"seed":"Lu5BMdN+NjrmOXQJ+YFHFDFsiXcDU1D/4hg0zwMP4Dg="},{"iteration":47,"seed":"Z9mcPhsiT7hd2Uk/t2qEJ8+SPAdJUq63SCWdMw0DL3Q="},{"iteration":49,"seed":"4f+BdmS7UbTW4QVMN3FofOxnmfHvGn57eAYvZma3RYE="},{"iteration":51,"seed":"Ps8RRQe5Gc2jNPA/U4yiKOwdwRXBTjyZR3Sf3JWGslA="},{"iteration":53,"seed":"meMUdSzktBx4oUmDBn8pBDMqAr5SF9x4yNFsDZy6+GE="},{"iteration":55,"seed":"/T2YSMXmMWxBsUWEaUDLTH8a0aehKDzYhJE6BNLmdsY="},{"iteration":57,"seed":"2QF2SjuwkpJGj2/lUlnjU3DZ9fqyyBNJtDd4jyVboEA="},{"iteration":59,"seed":"xgN+NW8/bQfGI7CF/MYHdBQK1+nKLSwuix2+BiaRxvQ="},{"iteration":61,"seed":"njqxZcuQGBOtU8YVZ8Dz+iQTlF4Ms0MAT1wCs8V4Fyg="},{"iteration":63,"seed":"733/zrWBp0JmJjayF2D7mBNdKrSUxAepMrvIBxMtQ7I="},{"iteration":65,"seed":"cIkQ0qnrFtdNRtfk9Y4awEISBPpzZ28NKFtEDWvqzXQ="},{"iteration":67,"seed":"VpuZhdnjBvib1BClsWvwOicfwib56hN0MoZ1YBnrb3A="},{"iteration":69,"seed":"/OnnFpr6fRVpakiHUcoSdXXcHO0YQPpDntHkqTxjme4="},{"iteration":71,"seed":"b2Zz4MZQvMaT6BAc5XLx5mDOdtewAv8IPebM1ch4t/o="},{"iteration":73,"seed":"DdHK4T93dXYFKzrYd7c7R/qrqhULfzGepAtt1XC5yIg="},{"iteration":75,"seed":"Zt02Ywj1UfRsswnNmsdHWHAbbEKsBsb2+Ltb0xtpVLk="},{"iteration":77,"seed":"69uC8ugguhP5RaVkAYlfVk9mWEBLv8NkQwqwqTIqqvo="},{"iteration":79,"seed":"gHBi0XUx7UZ39CV7QWWmiKNF7kg9KjKHm8Njo9+PnPs="},{"iteration":81,"seed":"mtr90smMSt6r1w2AbXmev3pDzOfnOY46oL5rweXvHz0="},{"iteration":83,"seed":"iuftfUC333a53kRPhr/79HY7W+OXasL6x9IIkAaEDEA="},{"iteration":85,"seed":"+BdvEeq86a8wU2+xJQRDCUvMHqMHwDiadMcB+j6du1s="},{"iteration":87,"seed":"2Ru6gusdi4xFu1/K9y1rTxr24TTXV682YIZi6c9aXDo="},{"iteration":89,"seed":"CPosMCtcqzqy4Bzp4T7vqllW92oD95OwenaTvhjKEeM="},{"iteration":91,"seed":"Fnnt3l05cyLtd8H9m2JaSRfuKifA8NZAHCY78A+jUXA="},{"iteration":93,"seed":"Rt1YgvGpRjm2EDvQwQ1xFKDml7PU2zVoInUZGcxVW3E="},{"iteration":95,"seed":"/OmJaMAQibHrtGB2xFrlDqzhszKMGrTy7gNIPPCvSME="},{"iteration":97,"seed":"veqHynshNzgtqsmgsAWtbz2QBkrrOu71TEFyTnjZbUI="},{"iteration":99,"seed":"5TtDHyqxZJbCJcrC2AR/hceEDMC/cl1zGLIrKfc4rOA="},{"iteration":101,"seed":"sZ9R3lJ6CVSdJPqOv4O4thCYaJorJgpYVFmO6nYGgWg="},{"iteration":103,"seed":"ipM8DwkZ2bBEBOc+buX2rAJ0mrLroAs+DjXqD7AG4WY="}]}]