[{"senderKeyId":1896810621,"senderChainKey":{"iteration":33,"seed":"clb3rrBV5HO1t/IrubxkHb5JN+XSsXyTep5+Ea4RAFU="},"senderSigningKey":{"public":"BRJ8XEeKA9CzYxDWvZxtxFU5xPLDz87LC/uqv/D/DD4k","private":"UEH1/p8v5949z6AeGboPdNlZOkz9ku1eoOrhWX0OxXw="},"senderMessageKeys":[{"iteration":1,"seed":"6JaMfJvt+oTx6f1UdbJJwtklnhXU8IeOnoBTcIyfj2o="},{"iteration":3,"seed":"+pN4+OhY4pOsS80Q1kD5g2eL9VOUdTRy5CJSi/vZPso="},{"iteration":5,"seed":"0+WHvVjM738r8VMJavcltr05kUWAySVa5WK6lvC+ZKs="},{"iteration":7,"seed":"4afrqSf9hNq6y2wEJ2Sns22fI0hSHFP0/wimAiuyJqs="},{"iteration":9,"seed":"nFMUxOiiOdIvJVtkWl/aX3WL8FwN/NZAoC691w2oLsg="},{"iteration":11,"seed":"6r9dsA+yt2KrV6pUToqgkiCfy0B0ZnNLUbNu5RpmSwU="},{},{},{},{},{},{},{},{},{},{}]}]