[{"senderKeyId":2118266424,"senderChainKey":{"iteration":1,"seed":"fB6w58h0mIs3SDgghXjQ+ekDM44pKIFHZgUvfmfZqSQ="},"senderSigningKey":{"public":"BdBcyvr5LwMVdxaxRv7JiHpLinhcaxuS16QWiC6SHiVq"},"senderMessageKeys":[]},{"senderKeyId":697787321,"senderChainKey":{"iteration":15,"seed":"r6Ry9U6S4ntwfVmdIfKW2wzupLqERsuiUhVjyLwQuH4="},"senderSigningKey":{"public":"BbiX88mZWkz2y6FTGWoZlBZRKO1xUP02tWHfxYNLqPcf"},"senderMessageKeys":[]},{"senderKeyId":2064636372,"senderChainKey":{"iteration":8,"seed":"R/E2Stj0wv/vngsyKlziqN/mRTSim7wB4mUhLmIeyeg="},"senderSigningKey":{"public":"BRzCagpy0HR4l4mC+HWk2yDI1a60T1ZCaahgMv+XJhJE"}},{"senderKeyId":1781351400,"senderChainKey":{"iteration":50,"seed":"76c9JNpIwmdNhXN4bsFeBIQ3VNusKmOH6FDq4assR3A="},"senderSigningKey":{"public":"BZ3YGK1ZzKmg0CBJg2Vq3+jYLyuUiMrHshgKve1t3nxk"}}]