[{"senderKeyId":316217101,"senderChainKey":{"iteration":53,"seed":"eSC/oPG7jmq8cZDepxiV0qrpEkis5Oz3DjrYNTXANEw="},"senderSigningKey":{"public":"BZf0wuVHt6DK6JTndtEvIii2+YvBm+VOyr3PqTb9bJxt","private":"0MUQDwp8kZYW1TyHIGti/bWszrbC5ik9/XZ2VwUHbVw="},"senderMessageKeys":[{"iteration":1,"seed":"BIyW1t8kjo+TxXC7tizWtIUxmTsoZh0tP2Cd7+ayf7s="},{"iteration":3,"seed":"QmAAnqVegcK942CPGSeGHzVBSsKNiB+kiRAU3mLpsHU="},{"iteration":5,"seed":"AJLnZdGroOdgic5GcQDPJW4y/hd30ZY5uXdGw6Bf2DM="},{"iteration":7,"seed":"9G9ipMswSBcEOf7Fra9w9ky7nZ43IpfM+Pvjz3qgaIc="},{"iteration":9,"seed":"Z0pxPrPjt2OSdohB+rFz3V9B1RYn1g+bP/saro/IpQ8="},{"iteration":11,"seed":"Gj+BIQRSQEF0KZmIMUFZfj8LimsPNsmZd5Cf1TKi3Y8="},{},{},{},{},{},{},{},{},{},{},{},{},{},{},{},{},{},{},{},{}]}]