{"5212431268546:34@s.whatsapp.net":true,"51955995001@s.whatsapp.net":true,"51973750839@s.whatsapp.net":true,"51903291962@s.whatsapp.net":true,"51938865393@s.whatsapp.net":true,"50671992646@s.whatsapp.net":true,"51981712292@s.whatsapp.net":true,"51902449934@s.whatsapp.net":true,"51903052677@s.whatsapp.net":true,"17146121800@s.whatsapp.net":true,"51915119280@s.whatsapp.net":true,"50557865603@s.whatsapp.net":true,"50557865603:34@s.whatsapp.net":true,"50557865603:35@s.whatsapp.net":true,"5213535351017@s.whatsapp.net":true,"51927775638@s.whatsapp.net":true,"51965202275@s.whatsapp.net":true,"51982277311@s.whatsapp.net":true,"51966019376@s.whatsapp.net":true,"212780214867@s.whatsapp.net":true,"5214781101175@s.whatsapp.net":true,"5493756562999@s.whatsapp.net":true,"5493835498093@s.whatsapp.net":true,"5493751614461@s.whatsapp.net":true,"51928067958@s.whatsapp.net":true,"51994382533@s.whatsapp.net":true,"5216862406136@s.whatsapp.net":true,"51987769033@s.whatsapp.net":true,"5219817515053@s.whatsapp.net":true,"51933340768@s.whatsapp.net":true,"5493884962954@s.whatsapp.net":true,"5217293437436@s.whatsapp.net":true,"595985893205@s.whatsapp.net":true,"573057852461@s.whatsapp.net":true,"51959163866@s.whatsapp.net":true,"5217321181966@s.whatsapp.net":true,"51946509137@s.whatsapp.net":true,"51946509137:27@s.whatsapp.net":true,"51946509137:28@s.whatsapp.net":true,"51944317718@s.whatsapp.net":true,"5492926400294@s.whatsapp.net":true,"51901960389@s.whatsapp.net":true,"5493782547072@s.whatsapp.net":true,"595985963118@s.whatsapp.net":true,"50767277352@s.whatsapp.net":true,"5217774800345@s.whatsapp.net":true,"5215534215245@s.whatsapp.net":true,"5215534215245:75@s.whatsapp.net":true,"5219181157424@s.whatsapp.net":true,"595984561720@s.whatsapp.net":true,"51925295769@s.whatsapp.net":true,"51915220222@s.whatsapp.net":true,"51929448472@s.whatsapp.net":true,"51902591675@s.whatsapp.net":true,"5217351869872@s.whatsapp.net":true,"51902130433@s.whatsapp.net":true,"51991055096@s.whatsapp.net":true,"51967492148@s.whatsapp.net":true,"51956375551@s.whatsapp.net":true,"51997423864@s.whatsapp.net":true,"5212431268546@s.whatsapp.net":true}