[{"senderKeyId":445317026,"senderChainKey":{"iteration":26,"seed":"bqlyZbe1ge2wEZXxEoNa9SkzGzeZF7iMe7Ib1XiWiuM="},"senderSigningKey":{"public":"BQkBV13zFHkmCxvG84UpoXE0pAKSc47WGEOsMUErroko"},"senderMessageKeys":[]},{"senderKeyId":445317026,"senderChainKey":{"iteration":4,"seed":"J+xBZwPH/gX5iaet9lCUQfIQfsWHegXQLwqXNFy2Y+U="},"senderSigningKey":{"public":"BQkBV13zFHkmCxvG84UpoXE0pAKSc47WGEOsMUErroko"},"senderMessageKeys":[]},{"senderKeyId":391261550,"senderChainKey":{"iteration":17,"seed":"tH6a/AvXKItitN+hfw+dVLtWB+OPJijTTLRFgOa83fQ="},"senderSigningKey":{"public":"BVvdCKUrSgzYaE2b/z3SJVNh9jXHnQ9nrH0WfIWymLQi"}},{"senderKeyId":869805403,"senderChainKey":{"iteration":122,"seed":"4ho7DztXezLsjgIzXY2PDfj3zo4zTS5k7vRpJjoDOuE="},"senderSigningKey":{"public":"BUdtiVNLi3oY5nVwCZhm5GEWQE/4VfyKQDeJ0AXtYcdp"}}]