{"_sessions":{"BcqalB1+4tXZdnuMn300Dt9SWjkiOS+OHtNMpegMlzlw":{"registrationId":1635501820,"currentRatchet":{"ephemeralKeyPair":{"pubKey":"BWriOiF8FeYpkJ1Ba7OospRZTcWBdf0LyTon40xUB8QL","privKey":"0KWBUcBaH5nqSHuriomY6f2y1ZBxEYZQfBc707VkwEY="},"lastRemoteEphemeralKey":"Berek7tcVixZPDgCOmX6BMEvCkJaH60596piQsmh38VX","previousCounter":0,"rootKey":"P7An5+nIzjHJLHNUC2RFxn7RntL42a9g0tECrfKwJJo="},"indexInfo":{"baseKey":"BcqalB1+4tXZdnuMn300Dt9SWjkiOS+OHtNMpegMlzlw","baseKeyType":1,"closed":-1,"used":1735857693027,"created":1735857693027,"remoteIdentityKey":"BZ6rPbsMOn3HcNT1b0pXYfho6QZ9PXFLOI0FyBOZ7DU/"},"_chains":{"BWriOiF8FeYpkJ1Ba7OospRZTcWBdf0LyTon40xUB8QL":{"chainKey":{"counter":0,"key":"TxpSqdp/6CyH4NIw2Z4jEQERaBgWTNV+B2MhSklp1EI="},"chainType":1,"messageKeys":{}}},"pendingPreKey":{"signedKeyId":10,"baseKey":"BcqalB1+4tXZdnuMn300Dt9SWjkiOS+OHtNMpegMlzlw","preKeyId":4818619}}},"version":"v1"}