{"_sessions":{"BVCURybPb0+hMoLxE53TGHa+Owyt0z36wGqz6F/SxJZx":{"registrationId":1376692921,"currentRatchet":{"ephemeralKeyPair":{"pubKey":"BTBL+7MYXfxglZzjCHczh9Vs4IQha/RKfzFdos1PyM8H","privKey":"eJEvw7I/kGwJ0DT5RmlwElP9O7qLB5wUu82PkZNSdnc="},"lastRemoteEphemeralKey":"BepbxZgyP/iN4GbVnTDwPhpqLTN0SKZNba9fTEJ8WFkX","previousCounter":0,"rootKey":"YLcFzkUXeULYbJYEb8x5pxhRbdbLi9kTYMYqygaSdU0="},"indexInfo":{"baseKey":"BVCURybPb0+hMoLxE53TGHa+Owyt0z36wGqz6F/SxJZx","baseKeyType":1,"closed":-1,"used":1735852241610,"created":1735852241610,"remoteIdentityKey":"BTLobZcByovt1lqfIjKhONS4MFCJv3r18nTtgwQG+sRy"},"_chains":{"BTBL+7MYXfxglZzjCHczh9Vs4IQha/RKfzFdos1PyM8H":{"chainKey":{"counter":0,"key":"F1KVXa9RSQpXfakNybfI5JvOU5DD3BZd6tAkYMEl3/U="},"chainType":1,"messageKeys":{}}},"pendingPreKey":{"signedKeyId":0,"baseKey":"BVCURybPb0+hMoLxE53TGHa+Owyt0z36wGqz6F/SxJZx","preKeyId":1827322}}},"version":"v1"}