{"_sessions":{"BUIPPe3Jl9bU+Hrx2TKYZkOpO4Fn2LOlIOYOTRUjsFxN":{"registrationId":505289381,"currentRatchet":{"ephemeralKeyPair":{"pubKey":"BXEtdBJ7jUw7syzL4Qn4mUvREMwGNrSnGxLw58IsA4l5","privKey":"IOCapTLKI1amBiLgVolz/rw42RKHOiE3IGKd9rPq0Ek="},"lastRemoteEphemeralKey":"BeEcj2dKLh/6a8BGEkc5ZpBhNPZXtQXgAHC4Vq9JcXZ7","previousCounter":0,"rootKey":"A0E8GmW8QrDdOmhBp3fezXZbAr+Zk3daG9FH3ZcFCA0="},"indexInfo":{"baseKey":"BUIPPe3Jl9bU+Hrx2TKYZkOpO4Fn2LOlIOYOTRUjsFxN","baseKeyType":1,"closed":-1,"used":1735857386934,"created":1735852241691,"remoteIdentityKey":"BS1TJCuXS/uTflLXoTxqs/WoVlHfhiOkgc5oLFrKsmcd"},"_chains":{"BeEcj2dKLh/6a8BGEkc5ZpBhNPZXtQXgAHC4Vq9JcXZ7":{"chainKey":{"counter":0,"key":"plhILyMtUShQqaOpGOF6a6jzHuPxf2QH401S7hXPBlA="},"chainType":2,"messageKeys":{}},"BXEtdBJ7jUw7syzL4Qn4mUvREMwGNrSnGxLw58IsA4l5":{"chainKey":{"counter":-1,"key":"gJCEuX/PrP5X//yPT5Q19z4AlVYN5ow7/LW5VRIIipA="},"chainType":1,"messageKeys":{}}}}},"version":"v1"}