{"_sessions":{"Bdm3kJGEGamYylapH8hGnzOcSrLxe7wbTKxi+sznjt44":{"registrationId":1915061666,"currentRatchet":{"ephemeralKeyPair":{"pubKey":"BaNdEzJapGS7iye3WuRT+iSJHSNNTYMvq6FxmmsHr40V","privKey":"0C2KDtm9rClTF1hz30xrfbZR7meD8XboFmjkOT/393A="},"lastRemoteEphemeralKey":"BS3l3MYAU983EJ8SY/qaGvMY8hnERFm0VLmrnZL9d+dm","previousCounter":0,"rootKey":"2sUQev4AnwTOlwQoric/RHTfMM6121uS8CXVOVLotW4="},"indexInfo":{"baseKey":"Bdm3kJGEGamYylapH8hGnzOcSrLxe7wbTKxi+sznjt44","baseKeyType":1,"closed":-1,"used":1735858219604,"created":1735858217539,"remoteIdentityKey":"BWEYYTpJhZ8t0UrWf82yrC6HyXT9f1Di8zubUFshb290"},"_chains":{"BS3l3MYAU983EJ8SY/qaGvMY8hnERFm0VLmrnZL9d+dm":{"chainKey":{"counter":0,"key":"YPwpbQAnGG7OUOGWYFjifM7BC7oj/d0OzYoEPRg8OAE="},"chainType":2,"messageKeys":{}},"BaNdEzJapGS7iye3WuRT+iSJHSNNTYMvq6FxmmsHr40V":{"chainKey":{"counter":0,"key":"/aDEAwqrnsPz7HpTJyDDIrKhGWIlR0xWO4ejS75iEww="},"chainType":1,"messageKeys":{}}}}},"version":"v1"}