{"_sessions":{"Bb+8GMl/2h3wD0RATE8T1uq0xzNVhroRs+nvCS92eQAv":{"registrationId":37,"currentRatchet":{"ephemeralKeyPair":{"pubKey":"BXXI2u6IQiqKVwLRZqjB3VJUIbHSAcFJaY/PCZQ6mE0u","privKey":"EIWwvG2uz8AYUJ7kNrcX0jp8HM68OHED3fuA1SAyDFQ="},"lastRemoteEphemeralKey":"BRlWWMoQXDOKE8v3+NvML3KASB08POHOGmt57bMTS+wp","previousCounter":0,"rootKey":"LOESPxTR2Bw8nnLxP+cJAM2Y7IHmEfsq2TJ9dMV26wM="},"indexInfo":{"baseKey":"Bb+8GMl/2h3wD0RATE8T1uq0xzNVhroRs+nvCS92eQAv","baseKeyType":1,"closed":-1,"used":1735853125551,"created":1735853125551,"remoteIdentityKey":"BRwxFzho6c4DOc+MewtrL8rCtoUUIghAQLkFh5lKxIV+"},"_chains":{"BXXI2u6IQiqKVwLRZqjB3VJUIbHSAcFJaY/PCZQ6mE0u":{"chainKey":{"counter":1,"key":"Sg+XfLCXQnF/7rLaMA5HXoEFSMBMLaw0SoFZ5TJH3Qs="},"chainType":1,"messageKeys":{}}},"pendingPreKey":{"signedKeyId":1,"baseKey":"Bb+8GMl/2h3wD0RATE8T1uq0xzNVhroRs+nvCS92eQAv","preKeyId":10}}},"version":"v1"}