{"_sessions":{"BefHEMxx+HNYse6zHHsuzqzaO3MRBUbB371piqg+vEAF":{"registrationId":1653556840,"currentRatchet":{"ephemeralKeyPair":{"pubKey":"Ba7csS2eHlvovt1QafKL7TiTbuMPE/r0Ds9uIzkJrU0p","privKey":"wN00P9r9mwerMYABJTjEnZXojioxfIM5bYoGTVvMEXc="},"lastRemoteEphemeralKey":"BTva73iGr39tSq2zq4FcioZWv1xFQV+3KptF32A4268E","previousCounter":0,"rootKey":"3tqvIqbp7m3ovk6lXHaWMYsSGgmq7bIQIqcpUuCoPw8="},"indexInfo":{"baseKey":"BefHEMxx+HNYse6zHHsuzqzaO3MRBUbB371piqg+vEAF","baseKeyType":1,"closed":-1,"used":1735857693061,"created":1735857693061,"remoteIdentityKey":"BVzX3CQQuzl84D7T5YiIHiex2a+a5ioXyOMwWkbDEl9o"},"_chains":{"Ba7csS2eHlvovt1QafKL7TiTbuMPE/r0Ds9uIzkJrU0p":{"chainKey":{"counter":0,"key":"gUEJsBJBLOh8O11GOQH4XhnSvLsOagzPKtN4o6FpibA="},"chainType":1,"messageKeys":{}}},"pendingPreKey":{"signedKeyId":1,"baseKey":"BefHEMxx+HNYse6zHHsuzqzaO3MRBUbB371piqg+vEAF","preKeyId":14064353}}},"version":"v1"}