{"_sessions":{"BefbSbkzkcG4DgMmDLAA1plUOfSRWtDWDNwKxsEZQMhV":{"registrationId":50,"currentRatchet":{"ephemeralKeyPair":{"pubKey":"BS1NDV+8Gt6aBoQ45WnYFyC8L5IYcFGt193kOMqetqpj","privKey":"uFnlk9+FKyayUOkjzKV/OL8DMeU6PhEfok/jQefqxGg="},"lastRemoteEphemeralKey":"BXyh/yHGeNxrOvIiu0RAmKiBdtb9mkjWTx3GTQ1Mqxpi","previousCounter":0,"rootKey":"loEnSzHAU+BCsIhKO8rCCUTMCeTOoDSrtoSSTnJitAU="},"indexInfo":{"baseKey":"BefbSbkzkcG4DgMmDLAA1plUOfSRWtDWDNwKxsEZQMhV","baseKeyType":1,"closed":-1,"used":1735858579739,"created":1735858579739,"remoteIdentityKey":"BVwRtnKnDZ4BMZfARsMK9R4pCkZoNa8WZ4bGBh8uaIM8"},"_chains":{"BS1NDV+8Gt6aBoQ45WnYFyC8L5IYcFGt193kOMqetqpj":{"chainKey":{"counter":0,"key":"lB9PgQpWksPSwZ5Ng7vI2fdvyjUwbGOE9e4y5tuaER4="},"chainType":1,"messageKeys":{}}},"pendingPreKey":{"signedKeyId":1,"baseKey":"BefbSbkzkcG4DgMmDLAA1plUOfSRWtDWDNwKxsEZQMhV"}}},"version":"v1"}