{"_sessions":{"BXlc2LfqL+phlGwahBoVY/oPjH93Q7LOCnrA2jX2RGI5":{"registrationId":735411848,"currentRatchet":{"ephemeralKeyPair":{"pubKey":"BQlvwYEktVj/WP9bolZWal3tjQxg9IcsTaasUgZfdmkJ","privKey":"gNDOqcLWK8z3vCPMjJYMOdJ9s+fsJ2vqTH+ROFm0TEI="},"lastRemoteEphemeralKey":"BYzWvLgFegcWU8yk89Jpded39Y19wyk9eRZstt+0WiQ/","previousCounter":0,"rootKey":"9aPmMiwfW70fRnAB41WX/zWQNDf6bHOyrSsjSD10lQs="},"indexInfo":{"baseKey":"BXlc2LfqL+phlGwahBoVY/oPjH93Q7LOCnrA2jX2RGI5","baseKeyType":1,"closed":-1,"used":1735857692827,"created":1735857692827,"remoteIdentityKey":"BRNGBjQdv9+x2zrE2GH58NMuMzrkDpnpJT7fDQqMXiV4"},"_chains":{"BQlvwYEktVj/WP9bolZWal3tjQxg9IcsTaasUgZfdmkJ":{"chainKey":{"counter":0,"key":"nYUcgAKviYWmYHLJlr9rS1MkSdDUNug41dx2Efdzfgg="},"chainType":1,"messageKeys":{}}},"pendingPreKey":{"signedKeyId":6,"baseKey":"BXlc2LfqL+phlGwahBoVY/oPjH93Q7LOCnrA2jX2RGI5","preKeyId":2588018}}},"version":"v1"}