{"_sessions":{"BYm23OznegroHkFm4Q16PRjmAwUI76EWggCY12kfhrQH":{"registrationId":251,"currentRatchet":{"ephemeralKeyPair":{"pubKey":"BV2CLURPvIKcKC/mXlVjRY/z1HEby8aJtrmT2sdWpNlS","privKey":"iIxMVq+5hX17HqnO42GOASg8Dw2sunn9bzzmg/55NGY="},"lastRemoteEphemeralKey":"BSfwBo0qsZxNkATuuG9n26VKtUItuhJ455ceQTKFVE47","previousCounter":0,"rootKey":"NnYP3jqwzDwYTqIJLkIx5UNIy81OQ43Vu4/5msnAst4="},"indexInfo":{"baseKey":"BYm23OznegroHkFm4Q16PRjmAwUI76EWggCY12kfhrQH","baseKeyType":1,"closed":1735855256721,"used":1735855256684,"created":1735855256684,"remoteIdentityKey":"BVatzeH5vJ1gAaQXs+fv3JQkKKsKohpC0/ccxPX6bWdW"},"_chains":{"BV2CLURPvIKcKC/mXlVjRY/z1HEby8aJtrmT2sdWpNlS":{"chainKey":{"counter":0,"key":"Ah0rd2kuq4AiyyvzocdG9WyvNIDfGRXsgK+8jLK4Ul4="},"chainType":1,"messageKeys":{}}},"pendingPreKey":{"signedKeyId":1,"baseKey":"BYm23OznegroHkFm4Q16PRjmAwUI76EWggCY12kfhrQH"}},"BRACQjMc7lB5Isj4suWApW531zAmY5ZdKnsfeenPaBYS":{"registrationId":251,"currentRatchet":{"ephemeralKeyPair":{"pubKey":"BbJa8s67ZFfduj5m6UcrcR5uTv2t68PKlVlY/DrnVx94","privKey":"wA2D0HO/RwFofxW/33+g1ODNpDmJZPucFzzR8G/Q62Y="},"lastRemoteEphemeralKey":"BSfwBo0qsZxNkATuuG9n26VKtUItuhJ455ceQTKFVE47","previousCounter":0,"rootKey":"sU5tu0wl/Bzd7/BYjsV/BYvWtzLmEvvXnSob4KP9oKM="},"indexInfo":{"baseKey":"BRACQjMc7lB5Isj4suWApW531zAmY5ZdKnsfeenPaBYS","baseKeyType":1,"closed":-1,"used":1735855256715,"created":1735855256715,"remoteIdentityKey":"BVatzeH5vJ1gAaQXs+fv3JQkKKsKohpC0/ccxPX6bWdW"},"_chains":{"BbJa8s67ZFfduj5m6UcrcR5uTv2t68PKlVlY/DrnVx94":{"chainKey":{"counter":10,"key":"GMaY97IYLxoI5uz87qI7Io5eEew9GaMF4uI3rbibmf8="},"chainType":1,"messageKeys":{}}},"pendingPreKey":{"signedKeyId":1,"baseKey":"BRACQjMc7lB5Isj4suWApW531zAmY5ZdKnsfeenPaBYS"}}},"version":"v1"}