{"_sessions":{"BSF7E+rBIw93BYdTJV1pUQLC+6faAkRzGKjhJ3a8SRY8":{"registrationId":2048523690,"currentRatchet":{"ephemeralKeyPair":{"pubKey":"BcC2WxZ9YqFHQ+rO4LMIWG73mP3quTYCtMYZU8n2Mr5M","privKey":"UHYFnTuLRmZnLbJSXHsB3MxZ+0eZDU3kUNsDE0tndUU="},"lastRemoteEphemeralKey":"BeaZ1MoJp/oIyeRFhxjXJ16OlbNqdR+cA3p0nnDtHzdo","previousCounter":0,"rootKey":"1bJRuQH0sMTIUre5876UbRV6SLWOXb1ktCVHWpAEujM="},"indexInfo":{"baseKey":"BSF7E+rBIw93BYdTJV1pUQLC+6faAkRzGKjhJ3a8SRY8","baseKeyType":1,"closed":-1,"used":1735854061694,"created":1735852241803,"remoteIdentityKey":"BUyDqlLPh36WXGD8MCV0VP0stzN7n2V8vFdXa8nPLW8E"},"_chains":{"BeaZ1MoJp/oIyeRFhxjXJ16OlbNqdR+cA3p0nnDtHzdo":{"chainKey":{"counter":0,"key":"UEnWj7NNxOA+e5ro1k4lsZ+m0NNUMrVwuF5iLhXtnIk="},"chainType":2,"messageKeys":{}},"BcC2WxZ9YqFHQ+rO4LMIWG73mP3quTYCtMYZU8n2Mr5M":{"chainKey":{"counter":-1,"key":"8iIGGItakV8mvr/KG6XlhWzX5J5APLPzcHDDRP4ZkfU="},"chainType":1,"messageKeys":{}}}}},"version":"v1"}