{"_sessions":{"BVAbYqdLEpAw2LCeccJwWTctB+cVDsaSMAdvEn2G8sYr":{"registrationId":1201831385,"currentRatchet":{"ephemeralKeyPair":{"pubKey":"BTo/qPept68MVkh4k1up5Wxe4WXooymNhZ5KYrpcJ3Zr","privKey":"AMbFzZCYrzK5tI+4Q4P9izp3+52jgVY4jR89dHPoaFQ="},"lastRemoteEphemeralKey":"BZYPz9KFVrS7zRd0kqiIBfWI8PKyDKeATf8CLax3daF5","previousCounter":0,"rootKey":"YjxGytFsTF+pDHLgEj6bPT/MNLlVVK9N9N6XSf6GzV8="},"indexInfo":{"baseKey":"BVAbYqdLEpAw2LCeccJwWTctB+cVDsaSMAdvEn2G8sYr","baseKeyType":2,"closed":-1,"used":1735852189869,"created":1735852189869,"remoteIdentityKey":"BUFXJMAW7m5KjfvyxITn81R1jJ+j4a+S4PUINLOjU5FE"},"_chains":{"BZYPz9KFVrS7zRd0kqiIBfWI8PKyDKeATf8CLax3daF5":{"chainKey":{"counter":0,"key":"z0wPH9XgJaHn/ldr9xuxaoaUtuDUUePJfNQsUbQMbcE="},"chainType":2,"messageKeys":{}},"BTo/qPept68MVkh4k1up5Wxe4WXooymNhZ5KYrpcJ3Zr":{"chainKey":{"counter":0,"key":"gpBkvx3ygpN1q5xF77xUfCaVcSDTMVcv2zGeSmb/74s="},"chainType":1,"messageKeys":{}}}}},"version":"v1"}