{"_sessions":{"BRw0AIg8WApGeGgTcBd7PbQ5Mo4KO/c9hXVuwy/pZJMF":{"registrationId":1379519692,"currentRatchet":{"ephemeralKeyPair":{"pubKey":"BXBRHlLCcimZZ7vCyzQG9n6OC/chU0N/BNuWtJsEP/Rq","privKey":"cO6LxrjXVlWLolm3Z57mIsKyySNCnTKVLgcyzwGnfVA="},"lastRemoteEphemeralKey":"BSPjRmVcUUue2ogu7FOPI4X3HledIJB5nbkrWIkMiCMF","previousCounter":0,"rootKey":"B36tizp+eZpZhrT9/Le2nptAy2/V7E43gQ65REdgv4Q="},"indexInfo":{"baseKey":"BRw0AIg8WApGeGgTcBd7PbQ5Mo4KO/c9hXVuwy/pZJMF","baseKeyType":1,"closed":-1,"used":1735852241560,"created":1735852241560,"remoteIdentityKey":"BeSPeUNos6Dmet6q5NGcZ7bqBL4Nj6aiQrR9LRzHFn1Y"},"_chains":{"BXBRHlLCcimZZ7vCyzQG9n6OC/chU0N/BNuWtJsEP/Rq":{"chainKey":{"counter":0,"key":"QmaYnuRBlBqc+N6fj2lhayRrlPdBGVzES9HjlnJqaic="},"chainType":1,"messageKeys":{}}},"pendingPreKey":{"signedKeyId":15,"baseKey":"BRw0AIg8WApGeGgTcBd7PbQ5Mo4KO/c9hXVuwy/pZJMF","preKeyId":512756}}},"version":"v1"}