{"_sessions":{"BauL4sYEmDvL6MI+ySffC0Ck98mIGw8TsTkCoHanF2Za":{"registrationId":826035370,"currentRatchet":{"ephemeralKeyPair":{"pubKey":"BW7JIRfA/n964nJ/9tQto+7Rf5xKtWxU0UPWcKYh1hFG","privKey":"EAOwlJ418l3E37R0n5EGCOrXu0Evo4nW1vtMYlDXf2g="},"lastRemoteEphemeralKey":"BT4ScAnSdKTzKHRD2Pc1f4U29cUwVpxyCL2bKVyVC79G","previousCounter":0,"rootKey":"Y4Vhr/PYLer9byjbQrlGbvCiffP5u1EgQO3aBgXCo0g="},"indexInfo":{"baseKey":"BauL4sYEmDvL6MI+ySffC0Ck98mIGw8TsTkCoHanF2Za","baseKeyType":1,"closed":-1,"used":1735858083147,"created":1735857692918,"remoteIdentityKey":"BXfIMczb51tKIRYTGpZdXCmyWTcURMlftw95RpTSwEd4"},"_chains":{"BT4ScAnSdKTzKHRD2Pc1f4U29cUwVpxyCL2bKVyVC79G":{"chainKey":{"counter":0,"key":"BvGYF517J3nwPFEZBoHT5RjhGcBSe7C+tJtbe5tqJUY="},"chainType":2,"messageKeys":{}},"BW7JIRfA/n964nJ/9tQto+7Rf5xKtWxU0UPWcKYh1hFG":{"chainKey":{"counter":-1,"key":"5X511+rJSKBnXbOJDBsCw+yxa6uXcT2K3HU4MmARusY="},"chainType":1,"messageKeys":{}}}}},"version":"v1"}