{"_sessions":{"BXIbizx43KUGB/2qterD/5UXgRK3ltfS5Up1jVk0QWdn":{"registrationId":1677815509,"currentRatchet":{"ephemeralKeyPair":{"pubKey":"BfkQnJm1YJSMwQ/IrZNDFvZWOBb4WXICzoQxXquh3TQK","privKey":"IPMzhD+ldqUAjeBweGRyEftQZ6GvcIggPHofqKlxT3E="},"lastRemoteEphemeralKey":"BeAbdjc3bjffDq+z7ycphyd6Vx64qgCjuArfYaQUpRxL","previousCounter":0,"rootKey":"862Hg4IgwcRLhnGDFrilac+y7vlk8+OoQ3u0WZsHGMs="},"indexInfo":{"baseKey":"BXIbizx43KUGB/2qterD/5UXgRK3ltfS5Up1jVk0QWdn","baseKeyType":2,"closed":-1,"used":1735854290651,"created":1735854290651,"remoteIdentityKey":"BRDg9ij6CiuulVdlNGbsDdAHZluofKy7+JSfQVg3CwdQ"},"_chains":{"BeAbdjc3bjffDq+z7ycphyd6Vx64qgCjuArfYaQUpRxL":{"chainKey":{"counter":0,"key":"KbMBy2V8hOo6XcmyagwM7nrGzmz9eLY/X3LZcDW7v2Y="},"chainType":2,"messageKeys":{}},"BfkQnJm1YJSMwQ/IrZNDFvZWOBb4WXICzoQxXquh3TQK":{"chainKey":{"counter":3,"key":"RkZltT07vfzASAbaq7nU15l/LrckZexuiIubyziuqCQ="},"chainType":1,"messageKeys":{}}}}},"version":"v1"}