{"_sessions":{"BSOzKWnwScha2am3uWkEZ0XU/yFPuj9KgIOZBamyHxIg":{"registrationId":1500130221,"currentRatchet":{"ephemeralKeyPair":{"pubKey":"BcNAl0Pfn6slyVfsS4B+Gi/8TiAkBULGGDrzNXD8WBUa","privKey":"MFbZxOj5r3hr7NiCx0FqGRMeBlG99yMZ71D2JjZ/R3s="},"lastRemoteEphemeralKey":"BfxuYXmJGD1w5WU5v1EVqllEYQo7FDtP2SLTNojX1UZ6","previousCounter":0,"rootKey":"9vuH3h1wxP2tB/r36pjLV+lo2HHTkSXNcXENVO9X56E="},"indexInfo":{"baseKey":"BSOzKWnwScha2am3uWkEZ0XU/yFPuj9KgIOZBamyHxIg","baseKeyType":1,"closed":-1,"used":1735852241591,"created":1735852241591,"remoteIdentityKey":"BU5/PZcSwxLBVU/d+J1SVAdkasxkGgZ9HF/djsGI1Rd1"},"_chains":{"BcNAl0Pfn6slyVfsS4B+Gi/8TiAkBULGGDrzNXD8WBUa":{"chainKey":{"counter":0,"key":"K/+VmgGwjgECb9hfY2Jrl6h64df4MdMgpqW9nJWqLjQ="},"chainType":1,"messageKeys":{}}},"pendingPreKey":{"signedKeyId":19,"baseKey":"BSOzKWnwScha2am3uWkEZ0XU/yFPuj9KgIOZBamyHxIg","preKeyId":10902698}}},"version":"v1"}