{"_sessions":{"BVA/whUJaIZfALR2MqmBBIMgHkGMcPCbIakXT0RoN2dw":{"registrationId":718124565,"currentRatchet":{"ephemeralKeyPair":{"pubKey":"Be4RXQ00n3EOklJWaB/QdoDnNayNiYtuHSljWkALsUkF","privKey":"CE47sHs4HNJIN7iwakwsdvjOv1vZHbZYkxEQ7RlHgWQ="},"lastRemoteEphemeralKey":"BXZrOjUcYZVf+bll+TePqOIfaXkqYAVdJXsd2xZhh6gl","previousCounter":0,"rootKey":"EzaQ/+PEP9S2EnokzfTwjd8w1hJkFmJh58Oc/UDIuvc="},"indexInfo":{"baseKey":"BVA/whUJaIZfALR2MqmBBIMgHkGMcPCbIakXT0RoN2dw","baseKeyType":1,"closed":-1,"used":1735857693022,"created":1735857693022,"remoteIdentityKey":"Bc6vl61SPddnTYtnBIAXOFC12kWzuWWFkoeFhmiGbzox"},"_chains":{"Be4RXQ00n3EOklJWaB/QdoDnNayNiYtuHSljWkALsUkF":{"chainKey":{"counter":0,"key":"WTc7pCJSOxwgGqbYIlhY9PiNBL3/XtvVu64FUcZeNBA="},"chainType":1,"messageKeys":{}}},"pendingPreKey":{"signedKeyId":3,"baseKey":"BVA/whUJaIZfALR2MqmBBIMgHkGMcPCbIakXT0RoN2dw","preKeyId":16307973}}},"version":"v1"}