{"_sessions":{"Bb59KDWduL7QIwI5pS/51VwWx23SU7kYuclE6m6zAeEQ":{"registrationId":1796585604,"currentRatchet":{"ephemeralKeyPair":{"pubKey":"Bcaf6myv2CISed75hR30uQcwMuPcmz7XZC+Jn9SSmT5t","privKey":"QLxkPhTDKGQMlyeaTWqAB/j+7FDdmCQEeMskuVbMCXs="},"lastRemoteEphemeralKey":"BVTwUaHZMgs8ghH3uABbRo/3TRAJ2aPrRYb4H9bdiOtp","previousCounter":0,"rootKey":"YpgNK/GqHHs4/4ZP+F+Djyibh2fE/HbV9T4ricUsfzU="},"indexInfo":{"baseKey":"Bb59KDWduL7QIwI5pS/51VwWx23SU7kYuclE6m6zAeEQ","baseKeyType":1,"closed":-1,"used":1735852241641,"created":1735852241641,"remoteIdentityKey":"BcJRbdDzWwUqioCrhPPD/gUs6cgU1p6nOLnr1aGGf442"},"_chains":{"Bcaf6myv2CISed75hR30uQcwMuPcmz7XZC+Jn9SSmT5t":{"chainKey":{"counter":0,"key":"U5tI63rEIwOo9l9yAyyGoP7j+S2EbwjN41/Est/AStQ="},"chainType":1,"messageKeys":{}}},"pendingPreKey":{"signedKeyId":1,"baseKey":"Bb59KDWduL7QIwI5pS/51VwWx23SU7kYuclE6m6zAeEQ","preKeyId":9911908}}},"version":"v1"}