{"_sessions":{"BRmA6oDvVzfic0xSK/zb9wI4xnjGtnbAuK6dPZ33V0ol":{"registrationId":909207269,"currentRatchet":{"ephemeralKeyPair":{"pubKey":"BRsN4eM+IaoDj+6SEsMPTHt3WF9EXzj2kvsRao2MWaMb","privKey":"sCYtza00/g9p67e1M+Kpb/LiI3B07pI5B5GEmcvuu1E="},"lastRemoteEphemeralKey":"BfdV5hWfVxcNiRMecZ3RJDIdohY8ssD+kvTGcpEYTZ57","previousCounter":0,"rootKey":"Wfkgc1XD5YCh4bKtQfLrI54qWp/O/bm1lim/9CExcc0="},"indexInfo":{"baseKey":"BRmA6oDvVzfic0xSK/zb9wI4xnjGtnbAuK6dPZ33V0ol","baseKeyType":1,"closed":1735581104405,"used":1735502102292,"created":1735502102292,"remoteIdentityKey":"BXwxDOkVSvkVRdIyKJx+oiOEcOlC2AmAFhXwT+E/M8p/"},"_chains":{"BRsN4eM+IaoDj+6SEsMPTHt3WF9EXzj2kvsRao2MWaMb":{"chainKey":{"counter":245,"key":"slgzr5P9Jz4xXSxl4Rc3Nm5v+Jq6H/f+ywi17Rk2cvY="},"chainType":1,"messageKeys":{}}},"pendingPreKey":{"signedKeyId":0,"baseKey":"BRmA6oDvVzfic0xSK/zb9wI4xnjGtnbAuK6dPZ33V0ol","preKeyId":11322402}},"BWSgKeai/nC8kEk70l4ovseXkBBw8qpU1zOAY7zYluoc":{"registrationId":909207269,"currentRatchet":{"ephemeralKeyPair":{"pubKey":"BdZXHIxHoEUYUUb6Qr1lgmhaIzSOciXJez0CTnXb6sd5","privKey":"YG4R4I+Aob2QfVb3DCxdE63x3hckW8FKxNYEorMCMHM="},"lastRemoteEphemeralKey":"BdiGyU0orHS4OWv1Nov/N2XaADyOV9t7jWEoFNHcRH9c","previousCounter":121,"rootKey":"xWQS+jYml0FZx+wD3OrEAKtGfE1BmOSZ+XCTmkKUGSQ="},"indexInfo":{"baseKey":"BWSgKeai/nC8kEk70l4ovseXkBBw8qpU1zOAY7zYluoc","baseKeyType":2,"closed":1735681181883,"used":1735616197445,"created":1735581104414,"remoteIdentityKey":"BXwxDOkVSvkVRdIyKJx+oiOEcOlC2AmAFhXwT+E/M8p/"},"_chains":{"BSnKIzRo787tBkT6Tocao8sF2bAiQg4ZRZXGkLATYxYr":{"chainKey":{"counter":0},"chainType":2,"messageKeys":{}},"BbSZFV3vk1lT9O3pl6Fb4ucyPiYr81Z/G1+UT+iv7jVO":{"chainKey":{"counter":0},"chainType":2,"messageKeys":{}},"BaUXTyGWl/iNMJuFDxA+ppMc0NKn5JStdRZL2pakaPEn":{"chainKey":{"counter":0},"chainType":2,"messageKeys":{}},"BX6TmM2Q9HU/lh/wuQ3UnrL94ozHH6Yq3BEQ960EEtNq":{"chainKey":{"counter":2},"chainType":2,"messageKeys":{}},"BZtrWsZAkTwrDR0lXVS4V7yXPERLQlqp7bTh2bS2Qapc":{"chainKey":{"counter":0},"chainType":2,"messageKeys":{}},"BcJ6tXQbHfNBu2f01urP8JutsBW2clbm/AoH8CkQEzZM":{"chainKey":{"counter":0},"chainType":2,"messageKeys":{}},"BQ+f5MZJ8s0gCCGDu+9UmV2Suzt/GHat10ATSsRJCKwf":{"chainKey":{"counter":1},"chainType":2,"messageKeys":{}},"BUVmfx0BrO1fq4FTd66J4KJhB55KBwnftEXFejCqrtgG":{"chainKey":{"counter":0},"chainType":2,"messageKeys":{}},"BWaRCuaw9B8h6e91ICD8KuS914NHupPbz4fe1J3173cR":{"chainKey":{"counter":0},"chainType":2,"messageKeys":{}},"BVkbCs7NYuWzFJsSr0dBWUyGBoV743XKkEyCBSvcmANj":{"chainKey":{"counter":1},"chainType":2,"messageKeys":{}},"BbWqsPq6owElTXc4xPDTBRKkwfCFdBHIp+t8I9d/8tNw":{"chainKey":{"counter":0},"chainType":2,"messageKeys":{}},"BZt38mMWU7blUyZP1a+an3brZ4aBJSxolalLckaVFZo+":{"chainKey":{"counter":0},"chainType":2,"messageKeys":{}},"BdiGyU0orHS4OWv1Nov/N2XaADyOV9t7jWEoFNHcRH9c":{"chainKey":{"counter":0,"key":"4xy+gQm+kf5zn1wu74o8Hu0ASoUvHxJylNY8LPS9X7c="},"chainType":2,"messageKeys":{}},"BdZXHIxHoEUYUUb6Qr1lgmhaIzSOciXJez0CTnXb6sd5":{"chainKey":{"counter":607,"key":"yRN6bmsitLu4JurZ0NWq1i2nkwZdEnZEMDvC1FVQ6cQ="},"chainType":1,"messageKeys":{}}}},"BUWDH/SuTbnOh+jOdSxb6e68x2yABj413H6XUHvz4UtC":{"registrationId":909207269,"currentRatchet":{"ephemeralKeyPair":{"pubKey":"BQoSmyOQ2+qaYoISvCLukFr6RvXp7kU/1lWI1JzW7iwq","privKey":"cNYTM+d8KuAyCY3rf1FAnQiETpT9XvxRdcIdBT6nNEY="},"lastRemoteEphemeralKey":"BSASItok9r/4lRVGbL/SnS3m59yiQAlhdK9u5iae7f4q","previousCounter":1,"rootKey":"z8yPQtmZvpCosH/Nm2x8+6B+bBzQvpN3ujjpEdE9l7I="},"indexInfo":{"baseKey":"BUWDH/SuTbnOh+jOdSxb6e68x2yABj413H6XUHvz4UtC","baseKeyType":2,"closed":1735768012931,"used":1735710493286,"created":1735681181889,"remoteIdentityKey":"BXwxDOkVSvkVRdIyKJx+oiOEcOlC2AmAFhXwT+E/M8p/"},"_chains":{"BdHuoP5NVikb+XD11pD/7hrPn+KfF+bU84EcVLLnCJw6":{"chainKey":{"counter":1},"chainType":2,"messageKeys":{}},"BUS+mmdX7kjCNpcXJ6NPwof6xe7xIK+YXxDNod/NHmMz":{"chainKey":{"counter":0},"chainType":2,"messageKeys":{}},"Bao4T+y7+6rISx34YZjPKkABv6SBAa9xAxZPLUNCUA90":{"chainKey":{"counter":0},"chainType":2,"messageKeys":{}},"BUNItJ6psFDXM9HM24V44r6gNBYvO6V8kN0vCgui3aVm":{"chainKey":{"counter":0},"chainType":2,"messageKeys":{}},"BWLSarNIF+qCZZGxFqbPGk2WUEDRLcCA7y0uv1hfdsoQ":{"chainKey":{"counter":0},"chainType":2,"messageKeys":{}},"BRSICSE4NONkwdmWLKCKMzpgH3k7jf6due8CD+eWFscu":{"chainKey":{"counter":0},"chainType":2,"messageKeys":{}},"Bb5jUI2J4mPQUD4KiS87TajmSlU1gp7O0gE/TqSvZ9QO":{"chainKey":{"counter":0},"chainType":2,"messageKeys":{}},"BcFP0oCrz+bZLGsHedtQN0PkhENJbtez+5A2bRX1uo1n":{"chainKey":{"counter":0},"chainType":2,"messageKeys":{}},"BX0sQJ/FtWn0y14iRSGJsSAlWANxRiyQnV0BsVXM95QX":{"chainKey":{"counter":0},"chainType":2,"messageKeys":{}},"Ba1E+YVjsoEaZ7rIT7GrD2QkxKia9yv7j4HLQKxqapgI":{"chainKey":{"counter":0},"chainType":2,"messageKeys":{}},"BcP4rAx58V9Qlo6pifmW0Z8PIPIhOs3HqGKa3GjQ0u1/":{"chainKey":{"counter":0},"chainType":2,"messageKeys":{}},"BSASItok9r/4lRVGbL/SnS3m59yiQAlhdK9u5iae7f4q":{"chainKey":{"counter":0,"key":"qNztFvXjkK2FTYSYdopzQ4CkDDGNuGp6vjCajfgd8YE="},"chainType":2,"messageKeys":{}},"BQoSmyOQ2+qaYoISvCLukFr6RvXp7kU/1lWI1JzW7iwq":{"chainKey":{"counter":1050,"key":"Vx7vIkDEptOa/TA50v5ibxPfPeV2H+eUd17tVHZJVr8="},"chainType":1,"messageKeys":{}}}},"BeGF7UQum6waFJQbsCQUb62ixpM51nfokiFA2tznhSpi":{"registrationId":909207269,"currentRatchet":{"ephemeralKeyPair":{"pubKey":"BY58A1RI7AGWuZKSFEsXsYtBdWIEzBrF6Es1d4S4RKBV","privKey":"+PxQcncEHdU6fo8C48pzsHNaYou4t9U67v8/33yPq10="},"lastRemoteEphemeralKey":"BeeXG3XWkIbwvfSHFfg5z82iVMqLQggEVYt/1KsfPoQE","previousCounter":98,"rootKey":"Xiywmz2rT01boXUXj+lXYCLHL5V9CHcNlmiEOAFgx28="},"indexInfo":{"baseKey":"BeGF7UQum6waFJQbsCQUb62ixpM51nfokiFA2tznhSpi","baseKeyType":2,"closed":-1,"used":1735858361347,"created":1735768012939,"remoteIdentityKey":"BXwxDOkVSvkVRdIyKJx+oiOEcOlC2AmAFhXwT+E/M8p/"},"_chains":{"BSfZ+mXGF0GXtt9as4Cxs1lKmiLgo3BAcf2pECSwKosx":{"chainKey":{"counter":0},"chainType":2,"messageKeys":{}},"BWjY6HQJl3XW94iHfNlMW4IF0uAZcWKg6+R+iSUrf3ZL":{"chainKey":{"counter":0},"chainType":2,"messageKeys":{}},"BbbuuY74EHoclukhzw5MhPpJZLvXrL0R103pluFXTT9K":{"chainKey":{"counter":0},"chainType":2,"messageKeys":{}},"BfbsU0IWGZJVXTNtnHaiVA75Y6qi5ISsDLW+LoiAuMEz":{"chainKey":{"counter":0},"chainType":2,"messageKeys":{}},"BaPOREwrVEnqclliLQ7y4HY0SU3Hk4ZTd3OKJoIFwkkl":{"chainKey":{"counter":0},"chainType":2,"messageKeys":{}},"BcNKdZqSAjeGn7Ia0aLklefOBMjFukLnFDhjzRALH9dK":{"chainKey":{"counter":43},"chainType":2,"messageKeys":{}},"Bb0388pLqkppOd4cc0tL7AUxIKn6Mek+m4xSG9yO62B3":{"chainKey":{"counter":0},"chainType":2,"messageKeys":{}},"BZCW0/2wQgB1ckwwWrUBkosUIMcKG8/LokqUWQ/Ozwp6":{"chainKey":{"counter":0},"chainType":2,"messageKeys":{}},"BXE+1q8evfseW6Z6KSp7B7/1UTs6rKdcWDXp0D44AwB7":{"chainKey":{"counter":0},"chainType":2,"messageKeys":{}},"BSHc0bD1xa6ZPlizJ6CqSw7vqwoBYNW8+fcBvUfmnwYK":{"chainKey":{"counter":0},"chainType":2,"messageKeys":{}},"BWyMS8FSDxbDHLwhxIdLwJm2VCI+pXRgQdBkLeZ7jk4a":{"chainKey":{"counter":0},"chainType":2,"messageKeys":{}},"BeSWJCclZYueqa6qgLsL7adx/pkzZFmHh3CTjiEbINZ8":{"chainKey":{"counter":0},"chainType":2,"messageKeys":{}},"BaJVciWowf+j4jb3gtBlivQZ09FVZAJdxQSOjBn0iOsD":{"chainKey":{"counter":0},"chainType":2,"messageKeys":{}},"BdhCxPbUE2dF8FaR+gphGeXgaCY2ohbnDHsEKuVeBXF9":{"chainKey":{"counter":2},"chainType":2,"messageKeys":{}},"BQIlggatevdDG4qDX5a7ITHsAmiC0sGXq0bnr+BmW5p7":{"chainKey":{"counter":0},"chainType":2,"messageKeys":{}},"Be7pjTAe5RHGdtFHHnbhfiUTSUoU/WCB7Xu7ypqLZFYb":{"chainKey":{"counter":0},"chainType":2,"messageKeys":{}},"BZZ8c+FFG0PjV20qKA9bt8wJEnZQs+0YnyWbupKr38hd":{"chainKey":{"counter":0},"chainType":2,"messageKeys":{}},"BRzH37vWbVgCra2+czqWWDEN+mYXTtca1lNydWX/Yjh0":{"chainKey":{"counter":0},"chainType":2,"messageKeys":{}},"BfYbTD35bXq+Vn1MGKtTWFtBbjL1G1Nta6INf8L60SV4":{"chainKey":{"counter":0},"chainType":2,"messageKeys":{}},"BcL+80qpOSPY64W6crJXElwDJc89QnH2O3bxwMQFJ4xy":{"chainKey":{"counter":0},"chainType":2,"messageKeys":{}},"BRkDsHvxwxSeVEmtXJb3Z9GWUULEp9PJNFYItZlZ671X":{"chainKey":{"counter":0},"chainType":2,"messageKeys":{}},"BTlYAxrKolFlY/VqjNfkXfJDS4eSn0hlzXezsdq01tYj":{"chainKey":{"counter":0},"chainType":2,"messageKeys":{}},"Bd9+lGKgpZ28zuYE9prRLiAmssWjp2uJxSuv3hKLOmQe":{"chainKey":{"counter":0},"chainType":2,"messageKeys":{}},"BRqgA7vqPcq8OoMyEngCPOFbwz62IbmfVEQfSqVRlr8L":{"chainKey":{"counter":0},"chainType":2,"messageKeys":{}},"BSaYg8Rk/nTQhJe4sDQB0NzPBjVLjicriCLvloPE1l8m":{"chainKey":{"counter":0},"chainType":2,"messageKeys":{}},"BZlGlliTXkAXWlM2m/bt0f+kovPlZRG7S7Zn1mGCcllQ":{"chainKey":{"counter":0},"chainType":2,"messageKeys":{}},"BckFeEyb5qZuzCN+TXSD2GxaV6Jg7TrTGCVSmeAvLOpm":{"chainKey":{"counter":0},"chainType":2,"messageKeys":{}},"BRN9KZ40RUpM5kKqVmd8DAt7aq5IoUwGvg4HymCW2oAN":{"chainKey":{"counter":0},"chainType":2,"messageKeys":{}},"BZa53v9DgkIMkpxxfd0c17zb9WSF/cgboIgl7TdBdZot":{"chainKey":{"counter":0},"chainType":2,"messageKeys":{}},"BfuZVEyZMth2V8iZy2e8OejHBJMi77k5tajnp4kUlCoL":{"chainKey":{"counter":0},"chainType":2,"messageKeys":{}},"BR5kB7f2D312gh0893SIxWWPkqTJjDc1JYNn/mH69WMn":{"chainKey":{"counter":0},"chainType":2,"messageKeys":{}},"BR+4JbMW/wA1qQ6YE70FoErfdsQuQjkw5qFzmYWSaEZ5":{"chainKey":{"counter":0},"chainType":2,"messageKeys":{}},"Ba4S3Uhd6ATcG3CUwjVDTGq7nfiCFui+rgz5RUtolUpi":{"chainKey":{"counter":0},"chainType":2,"messageKeys":{}},"BUxagf3TjPRCXwCw37UaBjnfKWdXdFLzGBO6Ns8dKQYV":{"chainKey":{"counter":0},"chainType":2,"messageKeys":{}},"BeGAUsRpCsbJ60L6WwIZXJu5kc0xOOQQ6ZkX4CSM1/cB":{"chainKey":{"counter":0},"chainType":2,"messageKeys":{}},"Bb6ySCgoP3WJV/Mw+XHWVCir3G5ojB0Y1VdgWqIMOyZh":{"chainKey":{"counter":0},"chainType":2,"messageKeys":{}},"BWTy34YOSddHuY9Rj84uFtp+Qu9ByNFxrn6IZkEm/hIj":{"chainKey":{"counter":0},"chainType":2,"messageKeys":{}},"BZPtebPkCmKHLHi4z2Dy1q1C8FRN1pv5IkCqaxn83flC":{"chainKey":{"counter":0},"chainType":2,"messageKeys":{}},"BUvo27LLMXJc3VL6+jUTPC6pRtdbIkL+mlq08bgOIV4/":{"chainKey":{"counter":0},"chainType":2,"messageKeys":{}},"BSuvmeer4R7SoZ0tTjkHVjZJxNH4qhwh3T8jWeTwD8Fn":{"chainKey":{"counter":1},"chainType":2,"messageKeys":{"0":"F6k/TmsgtUn3udKCyI9oTzB8L0HB+vc4MXlEGCuoups="}},"BeeXG3XWkIbwvfSHFfg5z82iVMqLQggEVYt/1KsfPoQE":{"chainKey":{"counter":0,"key":"gJuKivEKt/8WiuHmF0WLU5aXdsMctsh2kRlhqV7lAOI="},"chainType":2,"messageKeys":{}},"BY58A1RI7AGWuZKSFEsXsYtBdWIEzBrF6Es1d4S4RKBV":{"chainKey":{"counter":235,"key":"XOfiF3P4yetF1CfTru+b4+w0knBBz9nbcMS+1pHSnL0="},"chainType":1,"messageKeys":{}}}}},"version":"v1"}