{"_sessions":{"BSgpL/CmipD81aw6k9W56U5oI2g57p8vEBzFuIun/LQZ":{"registrationId":1932565145,"currentRatchet":{"ephemeralKeyPair":{"pubKey":"BTqzmh18YfX/P+wT780ajILBmuESTKbfFg/T7/GhBVZ0","privKey":"2KkPtSIrFVkZlOgeqcW3a4u/4e/p7AbXpIfbaRlTyUs="},"lastRemoteEphemeralKey":"BdYdQktAqzcL+TSbzISYlIecv39OElza8DZenc3oxjxo","previousCounter":0,"rootKey":"oWeE1mVZ1hF0gOKVMyMwsMHIqVt1YT1BVxAqPhCqMrQ="},"indexInfo":{"baseKey":"BSgpL/CmipD81aw6k9W56U5oI2g57p8vEBzFuIun/LQZ","baseKeyType":1,"closed":-1,"used":1735852241773,"created":1735852241773,"remoteIdentityKey":"BddVbERq+SFb5g17X/cg0CvMYki1/qsKGBqGrAcGO7It"},"_chains":{"BTqzmh18YfX/P+wT780ajILBmuESTKbfFg/T7/GhBVZ0":{"chainKey":{"counter":0,"key":"k8YkZ8kiPwItSg0kl9D2sed/uFa3Koecg3uR/gJwA/o="},"chainType":1,"messageKeys":{}}},"pendingPreKey":{"signedKeyId":23,"baseKey":"BSgpL/CmipD81aw6k9W56U5oI2g57p8vEBzFuIun/LQZ","preKeyId":14014604}}},"version":"v1"}