{"_sessions":{"BawAK6FuMgRKZ527UjF7kMnzicJkvZ2Zb1eIF4SFVOkb":{"registrationId":194431706,"currentRatchet":{"ephemeralKeyPair":{"pubKey":"BQQ21DjQyUPRQRkTNWvneqg/iYyzEk3drfCm/9dRnkZ8","privKey":"WBmlG6JtNtGBB4BqfjhIMq5Di50vo430TT1rpi1VO3U="},"lastRemoteEphemeralKey":"BTe4bdupeqHZHq+Pr1gndz04tYcQTNL/NFs8TvRx4ZZT","previousCounter":0,"rootKey":"T+CKnKCtEohPsxcVqk7zIzOB9uBbKeMOCjhKcA3VIFM="},"indexInfo":{"baseKey":"BawAK6FuMgRKZ527UjF7kMnzicJkvZ2Zb1eIF4SFVOkb","baseKeyType":1,"closed":-1,"used":1735857693032,"created":1735857693032,"remoteIdentityKey":"BbDLM/FicUpqrMnRSHfOnSAL3oPYNnXaW/zVo+LNRoE9"},"_chains":{"BQQ21DjQyUPRQRkTNWvneqg/iYyzEk3drfCm/9dRnkZ8":{"chainKey":{"counter":0,"key":"Lrbc0Os0wRcB+2doRVqi8ibEl0mWOhmsIOBs6etVGTk="},"chainType":1,"messageKeys":{}}},"pendingPreKey":{"signedKeyId":1,"baseKey":"BawAK6FuMgRKZ527UjF7kMnzicJkvZ2Zb1eIF4SFVOkb","preKeyId":15589180}}},"version":"v1"}