{"_sessions":{"BZFCH4/KoaWSTqtxIEkfgFQ3F4v1IMlnUL5sQ3008UZ0":{"registrationId":1988265459,"currentRatchet":{"ephemeralKeyPair":{"pubKey":"BeBJj1b08/WUbdPRuDfWLElizPMsMdGTrm7t79ElGOVS","privKey":"iB237WRNU03gMKX3qhNvRasO8C6GXsasUXY+zXFhK3k="},"lastRemoteEphemeralKey":"BVAQ8MA5cuRqn8s+PuH3q8buch2xQnWSRnpn5TN4yB0R","previousCounter":1,"rootKey":"I6m9QX9G/t0K8USeSo6ro1UYVYEWQq2QFwU2siTP6cI="},"indexInfo":{"baseKey":"BZFCH4/KoaWSTqtxIEkfgFQ3F4v1IMlnUL5sQ3008UZ0","baseKeyType":2,"closed":-1,"used":1735851582451,"created":1735851578553,"remoteIdentityKey":"BWO9rMcuAx2a3AzxeBV669FjxCP4Gys6k5iO50iHvzBu"},"_chains":{"BZefWzv5XSaTV/D37wSXUnUvOxZWfOOZmXzNSh8mFuls":{"chainKey":{"counter":0},"chainType":2,"messageKeys":{}},"BVAQ8MA5cuRqn8s+PuH3q8buch2xQnWSRnpn5TN4yB0R":{"chainKey":{"counter":0,"key":"UQvDh5YgwXB2zs39sZWcTD6rwzWnoKFUzk77lIu9Aho="},"chainType":2,"messageKeys":{}},"BeBJj1b08/WUbdPRuDfWLElizPMsMdGTrm7t79ElGOVS":{"chainKey":{"counter":1,"key":"MgqITjUzusT4uqokq8grKvp/mUCEGoxE1xrHsT0fTbQ="},"chainType":1,"messageKeys":{}}}}},"version":"v1"}