{"_sessions":{"Ba/0yBQgLPkzSQPJHQtSPMUDoRF74JWB8kzhlEjrn4UX":{"registrationId":1836707043,"currentRatchet":{"ephemeralKeyPair":{"pubKey":"BdO9thWOe7oGme+T44n4V/xo1GzLldIlD3c+sShkUShZ","privKey":"gFzSET/acfW2XTrtOq7QPx2bRk0KQv7Y3epwDn2OeG0="},"lastRemoteEphemeralKey":"BXUi8qFB4xWZAIf27FWoRuKyKM+Ufma39tc2edEzf1cQ","previousCounter":0,"rootKey":"4SGRxmcuUtVfMoV680getTm/0N6Rxc6i/J7Y5yFBX/Q="},"indexInfo":{"baseKey":"Ba/0yBQgLPkzSQPJHQtSPMUDoRF74JWB8kzhlEjrn4UX","baseKeyType":1,"closed":-1,"used":1735857692892,"created":1735857692892,"remoteIdentityKey":"BZl71wd9WNwxoEjKaG1TxaldizEb9QkatVt+wcRupt07"},"_chains":{"BdO9thWOe7oGme+T44n4V/xo1GzLldIlD3c+sShkUShZ":{"chainKey":{"counter":0,"key":"/fXz3MbhnQRrxTDqVozsW5QRNmX1J3wIMS67Jrw6s3Y="},"chainType":1,"messageKeys":{}}},"pendingPreKey":{"signedKeyId":7,"baseKey":"Ba/0yBQgLPkzSQPJHQtSPMUDoRF74JWB8kzhlEjrn4UX","preKeyId":12307242}}},"version":"v1"}