{"_sessions":{"BZVVNc0mwLJM9H5pkuLtZk21MphTuJBPm7xAdd89uNM3":{"registrationId":224,"currentRatchet":{"ephemeralKeyPair":{"pubKey":"BVXMRFvUrYWvHt944oU5BP0GsKKs0yfRtRT89qslkbxb","privKey":"mJqYN0ujLypQXqkJi+3UlmGJTjc1icaAUhKBehOU8Eo="},"lastRemoteEphemeralKey":"BXlwLekiGVtplFYXhi2pLLW2+fMtvBcv1x+pXOu83iML","previousCounter":0,"rootKey":"a/4Ff8C31fopC91ZX8q1M35EgP9zdmsJO/ITe9znnf4="},"indexInfo":{"baseKey":"BZVVNc0mwLJM9H5pkuLtZk21MphTuJBPm7xAdd89uNM3","baseKeyType":1,"closed":-1,"used":1735853918368,"created":1735853918368,"remoteIdentityKey":"BUsHO8ZypNS5snGmFUAXyolWaO9OM3kUBVA5IBu8cy8+"},"_chains":{"BVXMRFvUrYWvHt944oU5BP0GsKKs0yfRtRT89qslkbxb":{"chainKey":{"counter":1,"key":"PFoOPO3T022XH5wPXVaO22WHRjK3rELqbdgCgc6N4+M="},"chainType":1,"messageKeys":{}}},"pendingPreKey":{"signedKeyId":1,"baseKey":"BZVVNc0mwLJM9H5pkuLtZk21MphTuJBPm7xAdd89uNM3"}}},"version":"v1"}