{"_sessions":{"BR34r92xz6gS2M4efHeouBbNwyWUi/CKTSfzsmRNri1t":{"registrationId":183,"currentRatchet":{"ephemeralKeyPair":{"pubKey":"BTXjgB7cHePqb5E2qIgJL2b1u7FNI0LWXF8TlwMU3EVf","privKey":"uI2HRBHhAeDat8JBF2f4rZiIeVwtxzuIlPPwNC5j4UU="},"lastRemoteEphemeralKey":"BZE4UxAa40XNkMwJBdeMPKB9qvzMAWRB9v6k2vUnf1NF","previousCounter":0,"rootKey":"FseXgOrMAzXCBWWiQbJW8JC507vXh7lwnFfE1Lcw3T8="},"indexInfo":{"baseKey":"BR34r92xz6gS2M4efHeouBbNwyWUi/CKTSfzsmRNri1t","baseKeyType":2,"closed":-1,"used":1735852838723,"created":1735852838723,"remoteIdentityKey":"BaIhnoEVdsneZXj/JC7VuMwOnChRJm1Zi/Kd940Ic3Rw"},"_chains":{"BZE4UxAa40XNkMwJBdeMPKB9qvzMAWRB9v6k2vUnf1NF":{"chainKey":{"counter":0,"key":"BlDp+ExHiHfIjk5suXbn9nRfgN9R7Mqxlo30B1Xk1Uk="},"chainType":2,"messageKeys":{}},"BTXjgB7cHePqb5E2qIgJL2b1u7FNI0LWXF8TlwMU3EVf":{"chainKey":{"counter":-1,"key":"DIV/TQcJrF8rdwCH4C2AJ2sNTxU4QUN9ygj+K1/PDKo="},"chainType":1,"messageKeys":{}}}}},"version":"v1"}