{"_sessions":{"BdDRH08pMIVUpnhmLn2LlXQNjGascesy4d/+2xVgaPJb":{"registrationId":1664951653,"currentRatchet":{"ephemeralKeyPair":{"pubKey":"BTAzfRMIwKlWMuitTeyUkPbSEADlgSK5V3ULt3OdOEka","privKey":"mBHlGVGPYSJDbG+9oRVZFdc5yN0T+MNv5yEawmIttlE="},"lastRemoteEphemeralKey":"Be0FZZHKnOERWkRFduhdoC7SU9yPPAbjBE2VLWA3sFkv","previousCounter":0,"rootKey":"eOePW/jXDNTDhQcSoo78f6RkLYF0Nvwg9mMmKSYnjCY="},"indexInfo":{"baseKey":"BdDRH08pMIVUpnhmLn2LlXQNjGascesy4d/+2xVgaPJb","baseKeyType":1,"closed":-1,"used":1735852241581,"created":1735852241581,"remoteIdentityKey":"BX/gGLXViP9eLcwUHUIhT9P8M151qmAQkY0dHXywutR/"},"_chains":{"BTAzfRMIwKlWMuitTeyUkPbSEADlgSK5V3ULt3OdOEka":{"chainKey":{"counter":0,"key":"YoBWfz/wiq9WARgvbXOmoioggHK/2ZtK2Y/FIYIGWFU="},"chainType":1,"messageKeys":{}}},"pendingPreKey":{"signedKeyId":7,"baseKey":"BdDRH08pMIVUpnhmLn2LlXQNjGascesy4d/+2xVgaPJb","preKeyId":1033256}}},"version":"v1"}