{"_sessions":{"BRpO+gfU4aYyR3IQxMUwaZcruaY+cURzmKTTuX9vmR4K":{"registrationId":1041826697,"currentRatchet":{"ephemeralKeyPair":{"pubKey":"BcVZ6MK3/OG28rcDD2MvvpyKI4yWCHMq0TDdKiGTjkwD","privKey":"UC3k1kTCKMoc+OxsC/KUX5fGKCLNlZAlyRfgjWn+fGY="},"lastRemoteEphemeralKey":"BTXbf/gMy9QOJegek2/q6aI4TtYqnmONlaD+voWPzqId","previousCounter":0,"rootKey":"ris59SpqhM62yZBJAtHHrrFhfSjDuZC8W7HF87KGxz0="},"indexInfo":{"baseKey":"BRpO+gfU4aYyR3IQxMUwaZcruaY+cURzmKTTuX9vmR4K","baseKeyType":1,"closed":-1,"used":1735853361220,"created":1735852241813,"remoteIdentityKey":"BQB97iaigTL9BrgKQjsC9PgYGcGie0ADIoxPizngq1cu"},"_chains":{"BTXbf/gMy9QOJegek2/q6aI4TtYqnmONlaD+voWPzqId":{"chainKey":{"counter":0,"key":"SUlsTsiZuEOHs8xoGSlGqzpFR5nIikESFkiMOzhIGJo="},"chainType":2,"messageKeys":{}},"BcVZ6MK3/OG28rcDD2MvvpyKI4yWCHMq0TDdKiGTjkwD":{"chainKey":{"counter":-1,"key":"uItzwfU1b659Hbu7IpT4h8+llpR1nXuq13UD11g3xAQ="},"chainType":1,"messageKeys":{}}}}},"version":"v1"}