{"_sessions":{"Bdd6NB+wxYEBpLZIfRxVIcJhpsP64s/aMnOqhK7t0nxI":{"registrationId":30,"currentRatchet":{"ephemeralKeyPair":{"pubKey":"BWEG5PKIwBwNftgJbpY8hWWZHFvw8o0Gzje2lVHNjLA0","privKey":"6MHBTAB9f4p02w356L/HTl1ajbj/QM6hes/1iE2fPFs="},"lastRemoteEphemeralKey":"Bc8Tp8t7xxioEl02F9fI/QiiAkIbI9zyy2Aki7WY+IJl","previousCounter":0,"rootKey":"JT2bWnHZnnIXArwQMA+hf7248oYsGc79mofIt5Wt+LE="},"indexInfo":{"baseKey":"Bdd6NB+wxYEBpLZIfRxVIcJhpsP64s/aMnOqhK7t0nxI","baseKeyType":1,"closed":1735857560184,"used":1735857559222,"created":1735857559222,"remoteIdentityKey":"BcNpdS9pERPiTr6MKKTR6jTxtHJO8UvezZiXyMIkt98n"},"_chains":{"BWEG5PKIwBwNftgJbpY8hWWZHFvw8o0Gzje2lVHNjLA0":{"chainKey":{"counter":0,"key":"tRXw3KS33hmWHKZC7YuZ3Aj6dFv0yzS1LpFQdHPvDSY="},"chainType":1,"messageKeys":{}}},"pendingPreKey":{"signedKeyId":1,"baseKey":"Bdd6NB+wxYEBpLZIfRxVIcJhpsP64s/aMnOqhK7t0nxI"}},"BTCZ/miTeZskmXRF/ebIDp8fIW3OMbI/ZXNpBd3wfG1Q":{"registrationId":30,"currentRatchet":{"ephemeralKeyPair":{"pubKey":"BQdzFBtCJKwI/3US/8SRXPlTCjKGz3p1IEd17t7f91NK","privKey":"yHWhayP+981V1LW231OX51BYzTD9gv9Re7TCeWDzKFk="},"lastRemoteEphemeralKey":"BRp2YpCMGq1J8MlIGftLlr+ZBTS6QPDVrcrdROR8vLMI","previousCounter":0,"rootKey":"+uL4TqGYfI5MjgzarYxzdOV37qz2ON6sgizKfhQJcvo="},"indexInfo":{"baseKey":"BTCZ/miTeZskmXRF/ebIDp8fIW3OMbI/ZXNpBd3wfG1Q","baseKeyType":2,"closed":-1,"used":1735858086190,"created":1735857560193,"remoteIdentityKey":"BcNpdS9pERPiTr6MKKTR6jTxtHJO8UvezZiXyMIkt98n"},"_chains":{"BbfJ7nki8iBKExZcONPGFpobYu9b9PI8qQu53AcIhIhL":{"chainKey":{"counter":1},"chainType":2,"messageKeys":{}},"Be24gu0X18CAvK+Ni2ZiRSUINy3hHkK4WVK87eA8IRlr":{"chainKey":{"counter":1},"chainType":2,"messageKeys":{}},"BbEDx1B2MaybRDKi6KCH5MSzybD8D5RD5r/oqUVfBQ9i":{"chainKey":{"counter":1},"chainType":2,"messageKeys":{}},"BWf+NWTqBjpfhd89ZeWD926tEpF9485NXGWSQFLfagkP":{"chainKey":{"counter":0},"chainType":2,"messageKeys":{}},"BRp2YpCMGq1J8MlIGftLlr+ZBTS6QPDVrcrdROR8vLMI":{"chainKey":{"counter":1,"key":"21V2d1TvOLc7GsMCiW7SuEbUHbw37Ehly5FNTh47WSk="},"chainType":2,"messageKeys":{}},"BQdzFBtCJKwI/3US/8SRXPlTCjKGz3p1IEd17t7f91NK":{"chainKey":{"counter":1,"key":"OgGdD/Qkk8N5itx8M40ffS01/uYPMiza8ZlETpYB4Uc="},"chainType":1,"messageKeys":{}}}}},"version":"v1"}