{"_sessions":{"BcLRhhXLqQXTcJ24ysWBijLRQHFjpWCo4FJGqMTnOfoz":{"registrationId":967670328,"currentRatchet":{"ephemeralKeyPair":{"pubKey":"BTi82XwhGZQyGYVTdqveWtnPFS02LOYZSWjRI8xUU/tx","privKey":"KIo6U+5CEs6WAIoW1BRi62knsSwQ/9lBPRB7Azsj+2g="},"lastRemoteEphemeralKey":"BaStZa/sL/MC6OoKYjE5y7TTby1ZomMaoLH1Ag9IqnZ/","previousCounter":0,"rootKey":"CE4XJoYx5XzrVmBcbuFv5VD+UGwY1bH6hxzK/rUTLp0="},"indexInfo":{"baseKey":"BcLRhhXLqQXTcJ24ysWBijLRQHFjpWCo4FJGqMTnOfoz","baseKeyType":1,"closed":-1,"used":1735852241485,"created":1735852241485,"remoteIdentityKey":"Be+ZVO/DkrbLZd7Uzt2zpBkwG5o9J9JNgnIZIBy2QoVn"},"_chains":{"BTi82XwhGZQyGYVTdqveWtnPFS02LOYZSWjRI8xUU/tx":{"chainKey":{"counter":0,"key":"nSsgyuoW3fqWzByxGoQQZU+aHwtOPnguF7izPxf4RuM="},"chainType":1,"messageKeys":{}}},"pendingPreKey":{"signedKeyId":0,"baseKey":"BcLRhhXLqQXTcJ24ysWBijLRQHFjpWCo4FJGqMTnOfoz"}}},"version":"v1"}