{"_sessions":{"BUwY5iTfksmwuJeMGA/oanpQAVYXNqH5rBPmWfMw1bFd":{"registrationId":214,"currentRatchet":{"ephemeralKeyPair":{"pubKey":"Bc1Nxn62MFrmUbEHTC++OwiRTptt9xXccOrz+w5l0bMd","privKey":"4CqnO21bs4fOfw909xrcjjqI7LTaMRRgQxy2bLJEoXk="},"lastRemoteEphemeralKey":"BWLzM4tcJIyjgLB/AEN6OELbXI5C4SzlTPUIE2Kl0GUW","previousCounter":0,"rootKey":"B3Hf+3M41HoZ2YwfUmcZoX01Z3eo1s/FGaS1aPTQiO8="},"indexInfo":{"baseKey":"BUwY5iTfksmwuJeMGA/oanpQAVYXNqH5rBPmWfMw1bFd","baseKeyType":1,"closed":-1,"used":1735852568354,"created":1735852568354,"remoteIdentityKey":"BZDTeUifEsYFGTONTkWI82X/59TQyRBSGpu3d5KxV3JC"},"_chains":{"Bc1Nxn62MFrmUbEHTC++OwiRTptt9xXccOrz+w5l0bMd":{"chainKey":{"counter":1,"key":"EVyTL3ct7Hs+33kfLdQ4wJslTPJ6t3UYe9TrM5JH93E="},"chainType":1,"messageKeys":{}}},"pendingPreKey":{"signedKeyId":1,"baseKey":"BUwY5iTfksmwuJeMGA/oanpQAVYXNqH5rBPmWfMw1bFd","preKeyId":15}}},"version":"v1"}