{"_sessions":{"Bb9/KS+N+s1HXGjRcaRq0G0MdKi7AAM6fOm97iEggnwL":{"registrationId":1439079255,"currentRatchet":{"ephemeralKeyPair":{"pubKey":"BTPsRioewTarqyFK5rJk0MOhYi/ZmMvSEmeWfH+uX4hQ","privKey":"aHO3OhcelAkDgSrNT1BcjzH/xD0vn3X3/gjbbi36o2M="},"lastRemoteEphemeralKey":"BYpQLsjb5yZ4oPBWXUu0vkVzAd3jsUXZ6JuihUANZAdz","previousCounter":0,"rootKey":"wRR/BjAOa+A0lL7BFDEWclQMERKjukwMQ1/NYxE0P1M="},"indexInfo":{"baseKey":"Bb9/KS+N+s1HXGjRcaRq0G0MdKi7AAM6fOm97iEggnwL","baseKeyType":1,"closed":-1,"used":1735852241798,"created":1735852241798,"remoteIdentityKey":"BQb5qSjsOJNKRQ78Yu/b2jq4Td2foXleger+Z1/d9u0m"},"_chains":{"BTPsRioewTarqyFK5rJk0MOhYi/ZmMvSEmeWfH+uX4hQ":{"chainKey":{"counter":0,"key":"0QUSqJHDyQBSoAp9qPxJLIAEUr8O/yEo5Br82s/98Qs="},"chainType":1,"messageKeys":{}}},"pendingPreKey":{"signedKeyId":1,"baseKey":"Bb9/KS+N+s1HXGjRcaRq0G0MdKi7AAM6fOm97iEggnwL","preKeyId":13251619}}},"version":"v1"}