{"_sessions":{"BZ7jN+K2tOZQGaLLmUpaorFnv9CB+Q9OQxCXyu2+I15t":{"registrationId":1481826980,"currentRatchet":{"ephemeralKeyPair":{"pubKey":"BTq5b0gDWp1BuVwhTpyrgSKJZyPy0R12zpOy+Bcv9Ql4","privKey":"yBoh75PTNGntvOLMWEN+G3SFlZ8EXoAvdWndibFEpEk="},"lastRemoteEphemeralKey":"BRIKupmoAQfz7tqEN5T3+QmG/fWceD5cd9HW+Hb2zEA7","previousCounter":0,"rootKey":"NjY0cIQq52T5kkNLglMKlzcVNxjQd4lLIwsdH9p81wU="},"indexInfo":{"baseKey":"BZ7jN+K2tOZQGaLLmUpaorFnv9CB+Q9OQxCXyu2+I15t","baseKeyType":1,"closed":-1,"used":1735857692961,"created":1735857692961,"remoteIdentityKey":"BZZmoqtuXkPISqB0VJO1YMSDH/tY4H1l+lCtgSaq+P8A"},"_chains":{"BTq5b0gDWp1BuVwhTpyrgSKJZyPy0R12zpOy+Bcv9Ql4":{"chainKey":{"counter":0,"key":"e+sAy6t2CgE4vBTNavbVp30rClKDXuZgo97t00KM/Ys="},"chainType":1,"messageKeys":{}}},"pendingPreKey":{"signedKeyId":5,"baseKey":"BZ7jN+K2tOZQGaLLmUpaorFnv9CB+Q9OQxCXyu2+I15t","preKeyId":13328630}}},"version":"v1"}