{"_sessions":{"BYGHMfAU4UqNm2Jf1phKHtt/cveDq+HF7UrOrLhsyU4x":{"registrationId":1429843184,"currentRatchet":{"ephemeralKeyPair":{"pubKey":"BQBwZ6N9QeJoxWqRT/bwnioVQoADJEkcp/ldbNu6Bjof","privKey":"EFGoV3ICwym0H/h9LsCvrIdARaglGhCDgRXzuQUIUkM="},"lastRemoteEphemeralKey":"BePiEEbGBVkDxqMOU2pRYmqy33+pnatTs+ZHC9JT3Lt+","previousCounter":0,"rootKey":"AjFhwWQetiKSCxR+v3W9POe0o+BNPq2TQh7WYDBandY="},"indexInfo":{"baseKey":"BYGHMfAU4UqNm2Jf1phKHtt/cveDq+HF7UrOrLhsyU4x","baseKeyType":1,"closed":-1,"used":1735852241555,"created":1735852241555,"remoteIdentityKey":"BSIHmmBFv8ldCpX07lFO45B5NtYf+7V+38cC9ZYxGc0n"},"_chains":{"BQBwZ6N9QeJoxWqRT/bwnioVQoADJEkcp/ldbNu6Bjof":{"chainKey":{"counter":0,"key":"7tXkRALUzt6Z96UivHr0gA6DO+YFNReDEEMmqmpTU0Y="},"chainType":1,"messageKeys":{}}},"pendingPreKey":{"signedKeyId":7,"baseKey":"BYGHMfAU4UqNm2Jf1phKHtt/cveDq+HF7UrOrLhsyU4x"}}},"version":"v1"}