{"_sessions":{"BUWpvmwXcgFyH01oyaZBhnNRlM9mXr0rAi1wSz/qMBwO":{"registrationId":514489390,"currentRatchet":{"ephemeralKeyPair":{"pubKey":"BcCRxqt8QnAaa5RjOkAMUW3UNEndTX4S5SAh4XE3+Xps","privKey":"uLaiw4WRu96/3rzr8wQoR/oXNPIEQrfA6O4TnN19YXE="},"lastRemoteEphemeralKey":"BYujivjNC4j+Ywm+NJORwXGpmCkUs9FE5VS5oO1HVd8c","previousCounter":0,"rootKey":"K0idmklEr4htCJxGaloKq03WjU40MTtSv4+j6Iv21dQ="},"indexInfo":{"baseKey":"BUWpvmwXcgFyH01oyaZBhnNRlM9mXr0rAi1wSz/qMBwO","baseKeyType":1,"closed":-1,"used":1735858511211,"created":1735858511211,"remoteIdentityKey":"BQc8F6Oq9VEGlRwTWbJaIJKQOTlVxj/aCwVcF+3lLrcP"},"_chains":{"BcCRxqt8QnAaa5RjOkAMUW3UNEndTX4S5SAh4XE3+Xps":{"chainKey":{"counter":0,"key":"z54nchZKO9bXdn2vdX2BwHGHwsUGvrlfjV0oIePWyf0="},"chainType":1,"messageKeys":{}}},"pendingPreKey":{"signedKeyId":1,"baseKey":"BUWpvmwXcgFyH01oyaZBhnNRlM9mXr0rAi1wSz/qMBwO","preKeyId":2817238}}},"version":"v1"}