{"_sessions":{"Ba/ZqPr4+ogNAFt79H6vjWyc4ZU55gj/lXbvDPLECV0o":{"registrationId":944053284,"currentRatchet":{"ephemeralKeyPair":{"pubKey":"BUDtkb+N+CkuQ9fWhtRSw7xN1SkxI33jRi8CGGMDJKEf","privKey":"gDJ4uCRITO546c1U/ZcgLHNeDhQQgsHIvVwEcCjl0Eg="},"lastRemoteEphemeralKey":"BexMcUWfK6fLf9TKKGYSvAM8h2EhrwAkaMwMfXjYRShR","previousCounter":1,"rootKey":"aDLevFLLxztZvUaK+f2hiikGym8VPXkQiXcgi0zmqJM="},"indexInfo":{"baseKey":"Ba/ZqPr4+ogNAFt79H6vjWyc4ZU55gj/lXbvDPLECV0o","baseKeyType":2,"closed":-1,"used":1735854015116,"created":1735854009066,"remoteIdentityKey":"BS7nOFlCsChoNOAJl8OrUdJ8s2xm60aZ4lXgzaQzDNMe"},"_chains":{"BTwJ/X8iKPiC1LGkoHfxiH5YnuWutOmxFkx9tHqIb+EZ":{"chainKey":{"counter":0},"chainType":2,"messageKeys":{}},"BexMcUWfK6fLf9TKKGYSvAM8h2EhrwAkaMwMfXjYRShR":{"chainKey":{"counter":0,"key":"UmA8BP+mPN/F8gEKm5fLrJjlLlU+gYulM7AlInU0xo8="},"chainType":2,"messageKeys":{}},"BUDtkb+N+CkuQ9fWhtRSw7xN1SkxI33jRi8CGGMDJKEf":{"chainKey":{"counter":1,"key":"hW88hHdJIZK8ztBslu9/KZi2xfV+VXaoIBBsalH46ig="},"chainType":1,"messageKeys":{}}}}},"version":"v1"}