{"_sessions":{"BcyTzCj8sGJBewTY1i7prtG5aS4aXQ7ZPQj+PwOEsqoc":{"registrationId":122747718,"currentRatchet":{"ephemeralKeyPair":{"pubKey":"BTskJUcJpEi6SaiJVRMQRnbGsRU9Wwyl+uxdKb7QjKsa","privKey":"0CiGxR7qI+N3IgI8zLMEn6E3GFPI3Jbvjj1xqCEFeHo="},"lastRemoteEphemeralKey":"BcEYUT/rGmmpsVhUF2kOLrHZZ/3BCXzhK6d7ecl4QV0E","previousCounter":0,"rootKey":"blCCPyF1Y8W5NWIHjuN7QbwBOXEhWlt/AM9UH6mTsCU="},"indexInfo":{"baseKey":"BcyTzCj8sGJBewTY1i7prtG5aS4aXQ7ZPQj+PwOEsqoc","baseKeyType":1,"closed":-1,"used":1735852241499,"created":1735852241499,"remoteIdentityKey":"BVFWnxcp7FzptRrqaol257+NhEinoCIAjzJ4WXR8dqYC"},"_chains":{"BTskJUcJpEi6SaiJVRMQRnbGsRU9Wwyl+uxdKb7QjKsa":{"chainKey":{"counter":0,"key":"ITYh+2JCaYEAKaQ1kjYyZu/TWSCK+6MEmORBDdU4SyE="},"chainType":1,"messageKeys":{}}},"pendingPreKey":{"signedKeyId":2381432,"baseKey":"BcyTzCj8sGJBewTY1i7prtG5aS4aXQ7ZPQj+PwOEsqoc","preKeyId":1030}}},"version":"v1"}