{"_sessions":{"BYBkpXtGoRplKs4OxN0acOG5xjgJwId32CwXnIWKhg9F":{"registrationId":904182062,"currentRatchet":{"ephemeralKeyPair":{"pubKey":"BXaj29e826nP2tokD/yzGSD9oIAxL5iKj4visz5deupy","privKey":"kAcPkVo8oDdln5GdASSOTxUWyNdmjzNt/psM38qqzUo="},"lastRemoteEphemeralKey":"BaBeS6e/dWFs3xjOKdVedxmZ7bTIEIia7viR6N1zl/F8","previousCounter":0,"rootKey":"3dch+abPP4RtDZKYZd5lnwNC/DH0+8xKsPE7IDqIiW8="},"indexInfo":{"baseKey":"BYBkpXtGoRplKs4OxN0acOG5xjgJwId32CwXnIWKhg9F","baseKeyType":1,"closed":-1,"used":1735852241748,"created":1735852241748,"remoteIdentityKey":"BQ7pYBSXpk/RSBX2km1G4YSvGX8kgJkFhaRbHcu5/xEA"},"_chains":{"BXaj29e826nP2tokD/yzGSD9oIAxL5iKj4visz5deupy":{"chainKey":{"counter":0,"key":"Nsvr5wQhNc70t6eHTLCEmZTmQy+fedhYuX1prtptUGA="},"chainType":1,"messageKeys":{}}},"pendingPreKey":{"signedKeyId":6,"baseKey":"BYBkpXtGoRplKs4OxN0acOG5xjgJwId32CwXnIWKhg9F","preKeyId":2483384}}},"version":"v1"}