{"_sessions":{"BQG2DZ8ongatu0qzAvZkCsEExLXH35YIg15GJlND+OM8":{"registrationId":2037199310,"currentRatchet":{"ephemeralKeyPair":{"pubKey":"BSbMxd3tzuEdy2dTJdab7cgYa9A8ILrspLItjdkllqRx","privKey":"4C/iH/RWVz1NqK85trvttIUhc19FGnzUTx3ICdX7IHg="},"lastRemoteEphemeralKey":"BbLQp4BhHHRM8/BPKbglx5Yu/9skKNji0XKQoqlcaAMU","previousCounter":0,"rootKey":"SBlA9buB78EINn9jlqPnEKb6MT5kL1j0JETqD6TH39c="},"indexInfo":{"baseKey":"BQG2DZ8ongatu0qzAvZkCsEExLXH35YIg15GJlND+OM8","baseKeyType":1,"closed":-1,"used":1735857693051,"created":1735857693051,"remoteIdentityKey":"BRBfE3tfT8oZ+O5as2kZFtWcpz+e3O2CJ1oNfSnOolRY"},"_chains":{"BSbMxd3tzuEdy2dTJdab7cgYa9A8ILrspLItjdkllqRx":{"chainKey":{"counter":0,"key":"C4v+zydkjYwon0xAap1QMpQE+6Hub8K/rz0n31pvGOg="},"chainType":1,"messageKeys":{}}},"pendingPreKey":{"signedKeyId":1,"baseKey":"BQG2DZ8ongatu0qzAvZkCsEExLXH35YIg15GJlND+OM8","preKeyId":13741040}}},"version":"v1"}