{"_sessions":{"BYGBBQOZXy+3yi9FIf6zGbt8dXvkcrdr8noA2hAJgDdp":{"registrationId":987601071,"currentRatchet":{"ephemeralKeyPair":{"pubKey":"Be1IxryZCiHciYGoXfENm333eJCWXlmb9/bWIG+NcKRH","privKey":"6JkVmVUTOMwUYLin42hWQrz9VhWpeg7M7EgBS8X8EGQ="},"lastRemoteEphemeralKey":"Bb2Y7Qrxb2c50y5LJO0w9QTn5KqdxPKOEw+2i6VFcaE2","previousCounter":0,"rootKey":"8nHoFjc3qc6k4LxWnn4YGB3QeBXK7EO90nFScPkxAbk="},"indexInfo":{"baseKey":"BYGBBQOZXy+3yi9FIf6zGbt8dXvkcrdr8noA2hAJgDdp","baseKeyType":1,"closed":-1,"used":1735852241551,"created":1735852241551,"remoteIdentityKey":"BWzX8wGsCQVyuTZcXOGJEjv7MWopqBsKKIYp/UmrqR4j"},"_chains":{"Be1IxryZCiHciYGoXfENm333eJCWXlmb9/bWIG+NcKRH":{"chainKey":{"counter":0,"key":"IHbZ8+u2lcM3sFCmQGCWm9rhoQ8wRBUXj/FpqFtpc2M="},"chainType":1,"messageKeys":{}}},"pendingPreKey":{"signedKeyId":2,"baseKey":"BYGBBQOZXy+3yi9FIf6zGbt8dXvkcrdr8noA2hAJgDdp","preKeyId":5235051}}},"version":"v1"}