{"_sessions":{"Bbq6FDE2HxSmVcTQ4FnW4zYKUox6wbC0CiRLMRiCShsl":{"registrationId":1884073165,"currentRatchet":{"ephemeralKeyPair":{"pubKey":"BfV1DeMmH+AH2VVtZIYw9difel35dKvUUCOSSDYKm3V+","privKey":"UGX9Obam9KPus0jODamnZOaW9vzGcHJSQ7E0bOaKn2Q="},"lastRemoteEphemeralKey":"BU/pmKYcW3fJcqmwlFKgVtse/jhcld+snCs67NAepqpl","previousCounter":0,"rootKey":"YL7zaMBWIXajpQi/hyaIw/QNURdGFbDiVjruUcDWtBM="},"indexInfo":{"baseKey":"Bbq6FDE2HxSmVcTQ4FnW4zYKUox6wbC0CiRLMRiCShsl","baseKeyType":1,"closed":-1,"used":1735852241509,"created":1735852241509,"remoteIdentityKey":"BSzfgm1UVVHLmpdjEM2ohAzAoxIqmsN2O/kUmrqbYxBd"},"_chains":{"BfV1DeMmH+AH2VVtZIYw9difel35dKvUUCOSSDYKm3V+":{"chainKey":{"counter":0,"key":"JSM+EsAq7hdHuiBYg9V5JXlM/O86rHvBp4ERCpKIob0="},"chainType":1,"messageKeys":{}}},"pendingPreKey":{"signedKeyId":2,"baseKey":"Bbq6FDE2HxSmVcTQ4FnW4zYKUox6wbC0CiRLMRiCShsl","preKeyId":9393995}}},"version":"v1"}