{"_sessions":{"BQcUZ1ShUl4wB4SzBdBp+jgvoAKqYZ3Ue7StM69s7gML":{"registrationId":352833403,"currentRatchet":{"ephemeralKeyPair":{"pubKey":"BbvSrzKj/NZPa/UlwB4Kx1hqWClPorEf5mTdxMvKn8xA","privKey":"+Mmj783Jd6DxW+7Hg1JKTgj+NrmfDIOZN9HITrD/UHE="},"lastRemoteEphemeralKey":"BSZ6vkAI0HSe3YnnE2HesLe2fgGGr+FvtEbW8CRqUfJs","previousCounter":2,"rootKey":"z/hOTQCXyApK3F9nNm1AtOg94I/RqJO4hIztvJbOunk="},"indexInfo":{"baseKey":"BQcUZ1ShUl4wB4SzBdBp+jgvoAKqYZ3Ue7StM69s7gML","baseKeyType":2,"closed":-1,"used":1735852194712,"created":1735851758096,"remoteIdentityKey":"BYcY7u23QJur15952FN6IeVD8cqoHdsVxXwC0PCB/OhT"},"_chains":{"Bfxr5DiOGGbcs4qlIojdPDhX6R0WRwyqtzftF2pHmrhv":{"chainKey":{"counter":0},"chainType":2,"messageKeys":{}},"BUsqCuEk/4sGO+U7oMkEVWOeXOYg9lI7qulkb9cCJK1F":{"chainKey":{"counter":2},"chainType":2,"messageKeys":{}},"BSZ6vkAI0HSe3YnnE2HesLe2fgGGr+FvtEbW8CRqUfJs":{"chainKey":{"counter":0,"key":"8Qdr74DeucoAn5dEEp5dnotwWR9xLPQqFvEEpKErhL4="},"chainType":2,"messageKeys":{}},"BbvSrzKj/NZPa/UlwB4Kx1hqWClPorEf5mTdxMvKn8xA":{"chainKey":{"counter":-1,"key":"vdBySjLA5FvwquW/UQUphcJUJhdL5Y76WOBEHfRi34s="},"chainType":1,"messageKeys":{}}}}},"version":"v1"}