{"_sessions":{"BclBxgywh+GFGs7dbjCkHXKCMvS9LYtY8Yw9EpqbuTF3":{"registrationId":40037206,"currentRatchet":{"ephemeralKeyPair":{"pubKey":"BURmTBRtBF3ici2oQ3FZm+lYBWtWfMXe0xQmJGvrLBVb","privKey":"ML03QoD+C9Jrref03aO0UA9jioYXyKKHl+WXYCgXpXE="},"lastRemoteEphemeralKey":"BVpq0ECUoSyWDCeQ8qJm94l7QNEfzpJxCA0LDczxPe1s","previousCounter":0,"rootKey":"YtBV8SoWWUmV+AlRtMLv2+IBOdBHgisbO/7UB98LIE0="},"indexInfo":{"baseKey":"BclBxgywh+GFGs7dbjCkHXKCMvS9LYtY8Yw9EpqbuTF3","baseKeyType":1,"closed":-1,"used":1735852241535,"created":1735852241535,"remoteIdentityKey":"BdBZlKTiX3WN7M5/dGmK7DpQy6/gYPurcysBuVSQua9E"},"_chains":{"BURmTBRtBF3ici2oQ3FZm+lYBWtWfMXe0xQmJGvrLBVb":{"chainKey":{"counter":0,"key":"MfzZryhy7xotR0JN1zuZvpJTk0mks56tOeOPetbt5YU="},"chainType":1,"messageKeys":{}}},"pendingPreKey":{"signedKeyId":7,"baseKey":"BclBxgywh+GFGs7dbjCkHXKCMvS9LYtY8Yw9EpqbuTF3","preKeyId":3585523}}},"version":"v1"}