{"_sessions":{"BWEV6RICuiVuu0ch31gtAsVLLuTOoyCrqIG7Kc8zb/Zb":{"registrationId":1596863503,"currentRatchet":{"ephemeralKeyPair":{"pubKey":"BZjt1dvFXCFW6LPOdTn1wfjAKwy77Mh4SYlCe5u0mZxF","privKey":"yKXNXph6Wwr5Of356z7Y30Eo2TCtg5CWL/HaPVgb7UU="},"lastRemoteEphemeralKey":"BUMHAozD1EN5sD0PaOuA27fCZcBn8ATUXQTYKb0k6Zpe","previousCounter":0,"rootKey":"//1kEMljO8Ue3PxBLsZJUxbGyOhxEmzDsXnUS3bg17I="},"indexInfo":{"baseKey":"BWEV6RICuiVuu0ch31gtAsVLLuTOoyCrqIG7Kc8zb/Zb","baseKeyType":2,"closed":-1,"used":1735853330106,"created":1735853330106,"remoteIdentityKey":"BZgqYGNbH04ql7Xo6CB+9OulCy2aJrk/k0xXtopSKTY1"},"_chains":{"BUMHAozD1EN5sD0PaOuA27fCZcBn8ATUXQTYKb0k6Zpe":{"chainKey":{"counter":2,"key":"+27AVBeeYezsFOkCv0HzJlEABgg59AS83COvOW9+vtc="},"chainType":2,"messageKeys":{"0":"iE4Wab6UYhjf0fqYhFZMi/8zx8N5Qbx41KxNk7hdluU=","1":"dDm+XP5whvD/G06yaVurHZjpGR/RZYboFYNcB7z0NWg="}},"BZjt1dvFXCFW6LPOdTn1wfjAKwy77Mh4SYlCe5u0mZxF":{"chainKey":{"counter":-1,"key":"1Y53KBWnEdzcmY8qYVBhmZR7ZJGNRtX5cLtNLWvPQ0k="},"chainType":1,"messageKeys":{}}}}},"version":"v1"}