{"_sessions":{"BRAtYYpip+/iI/rHzdQMN5KOJ9XUH+oY1QtNEzUuybcq":{"registrationId":340758693,"currentRatchet":{"ephemeralKeyPair":{"pubKey":"BaJti/ViZc/NofEdjdPgTJ6O2/iooB3736Q8IByWVv4z","privKey":"MBezDle7HjH1KJfbbxsTYCOMvmoBrL7BWwX63AzUwWY="},"lastRemoteEphemeralKey":"BdavgPdtM/02kf1N65DVqAIaf2cAK2nnv8YJqVIz+4I4","previousCounter":0,"rootKey":"bm/47ZR6o2unS5gvLDaIg9at1UKliXKoAUZ5PmV1V7A="},"indexInfo":{"baseKey":"BRAtYYpip+/iI/rHzdQMN5KOJ9XUH+oY1QtNEzUuybcq","baseKeyType":1,"closed":-1,"used":1735852241783,"created":1735852241783,"remoteIdentityKey":"BdEuokmjq7P05ZTompUXabEA8JNrj5OGMae2wrKVCFl8"},"_chains":{"BaJti/ViZc/NofEdjdPgTJ6O2/iooB3736Q8IByWVv4z":{"chainKey":{"counter":0,"key":"WkypeT7X6LY9N8cA83kblJU5TFSIPYkn80SwmJFko6E="},"chainType":1,"messageKeys":{}}},"pendingPreKey":{"signedKeyId":12,"baseKey":"BRAtYYpip+/iI/rHzdQMN5KOJ9XUH+oY1QtNEzUuybcq","preKeyId":13467844}}},"version":"v1"}