{"_sessions":{"BUHmsKDjUkcp6kdVtkIEF23+bEsnZ7bBIFDIiUUwWtJB":{"registrationId":1408328710,"currentRatchet":{"ephemeralKeyPair":{"pubKey":"BXllvJktmfNluoG7yrMgsbJcZBoaUihWUF7RteHAv65Z","privKey":"eGET9xNfE5MvmXhobFuYR6/huU00Qosd+1eHDHsk7HA="},"lastRemoteEphemeralKey":"BVFFe4ZueLnJ12LiFyPdiTzxzh+OrD32gXQqETB0rUx/","previousCounter":0,"rootKey":"ccncAQcd7GIPlC0oTuherrdNrP13F9sLE1FCc8EzdFA="},"indexInfo":{"baseKey":"BUHmsKDjUkcp6kdVtkIEF23+bEsnZ7bBIFDIiUUwWtJB","baseKeyType":1,"closed":-1,"used":1735852241758,"created":1735852241758,"remoteIdentityKey":"BVIf4oViUTDIS6JdJpcl/Z3C2zB0EUc5v3UTCTD4zfI4"},"_chains":{"BXllvJktmfNluoG7yrMgsbJcZBoaUihWUF7RteHAv65Z":{"chainKey":{"counter":0,"key":"Am7FtEcJMa83fP07SyBo6To49j43PENrrEp1rPo9Gb8="},"chainType":1,"messageKeys":{}}},"pendingPreKey":{"signedKeyId":30,"baseKey":"BUHmsKDjUkcp6kdVtkIEF23+bEsnZ7bBIFDIiUUwWtJB","preKeyId":1577999}}},"version":"v1"}