{"_sessions":{"BcODv9V6OeVSxzxVvcTyimKtE+zGq5RnNeD8I3icASsm":{"registrationId":1092092144,"currentRatchet":{"ephemeralKeyPair":{"pubKey":"BUxY4cjKUwejEvrJLSo3vsk9CqsueKZD+0HIRqG4NYZ8","privKey":"GJWqYCqgN+/v7tnEK9AEiyBIgUkhShTd/SX2j4JMG2A="},"lastRemoteEphemeralKey":"BYfpskY1kfzy96tkyPLZ+1PR+3fhnUp49ghPhgXW+nRo","previousCounter":0,"rootKey":"LuVm3K2mbBJTRh3VRm0IHAr2PefGqBbLf8WG5LaHy1E="},"indexInfo":{"baseKey":"BcODv9V6OeVSxzxVvcTyimKtE+zGq5RnNeD8I3icASsm","baseKeyType":1,"closed":-1,"used":1735852241571,"created":1735852241571,"remoteIdentityKey":"BcIyAnlf0fLGZoD9eRQW610fQkWshjlsP1lHRR07Otkl"},"_chains":{"BUxY4cjKUwejEvrJLSo3vsk9CqsueKZD+0HIRqG4NYZ8":{"chainKey":{"counter":0,"key":"RFKBaFDZJYGgqr8ycPkG1AvpBstVXdJk+LLENdPId3M="},"chainType":1,"messageKeys":{}}},"pendingPreKey":{"signedKeyId":3,"baseKey":"BcODv9V6OeVSxzxVvcTyimKtE+zGq5RnNeD8I3icASsm","preKeyId":6518333}}},"version":"v1"}