{"_sessions":{"BdTVI54LQUh/dPPR5hFZBG53E9dPtUVrE4h56d0c8IUk":{"registrationId":2009292837,"currentRatchet":{"ephemeralKeyPair":{"pubKey":"BazusbbmRAYphK/fZisPpsVyPGo6lXcswjajzqbIAP0S","privKey":"EE9v4LUJS5PjjLwZvjyNvBNXwqxHOh3F2etipUfth38="},"lastRemoteEphemeralKey":"BZ2bL9ikLE8EiqjFMGHIjmwPu6AilI3CLsUDBT7o3p5s","previousCounter":0,"rootKey":"BY8UpT6BoVWwSeUs1zJ4JaGH6/GVAEg08uJw7cvv80w="},"indexInfo":{"baseKey":"BdTVI54LQUh/dPPR5hFZBG53E9dPtUVrE4h56d0c8IUk","baseKeyType":2,"closed":-1,"used":1735856517114,"created":1735856517114,"remoteIdentityKey":"BVFlim90pAKdSBUlUWoV1us2+WYLhrCUh5KIA0WBtys1"},"_chains":{"BZ2bL9ikLE8EiqjFMGHIjmwPu6AilI3CLsUDBT7o3p5s":{"chainKey":{"counter":2,"key":"Qp+H5z9OWIBRGWsu+Kbnb6cE6vFHfnihGxMBwGBCiAU="},"chainType":2,"messageKeys":{"0":"YHWKgsMCjPcKIdVUwNY8KO8m4KioGFdTOAkTeliFQUg=","1":"SWm+3zeBdbdnezWGtTdczZuYIIy8bk86r3PMFSNXaVI="}},"BazusbbmRAYphK/fZisPpsVyPGo6lXcswjajzqbIAP0S":{"chainKey":{"counter":-1,"key":"N1yjfSdhmRVc5qvTSrnntzr1VbvMi8rnZNWN+IOi6vg="},"chainType":1,"messageKeys":{}}}}},"version":"v1"}