{"_sessions":{"BRjtXa3073kVywGoGXdCF0dYP2jOArceQ7L+MmkiJ550":{"registrationId":189,"currentRatchet":{"ephemeralKeyPair":{"pubKey":"BWCXkiFMlFGzDtCrJBGCgCvz41pbwsvZWFk1DMKEXO9X","privKey":"0ES0LEE7zF9flqwK5KxAAfqDzBM9vZghqb54YkdK23g="},"lastRemoteEphemeralKey":"BYiF63qh2f5QFdn2d0C04jo22PTRbM3+bcdTEU4FvaUd","previousCounter":0,"rootKey":"8bSuXZytsm0iFj2KxZxUQX/FdsavdX5M467kZupKcOk="},"indexInfo":{"baseKey":"BRjtXa3073kVywGoGXdCF0dYP2jOArceQ7L+MmkiJ550","baseKeyType":1,"closed":-1,"used":1735857692791,"created":1735857692791,"remoteIdentityKey":"BQazc26mh8tRNSZ3lZVO1VbC0KeTRqqg4swYHU5Ghx9N"},"_chains":{"BWCXkiFMlFGzDtCrJBGCgCvz41pbwsvZWFk1DMKEXO9X":{"chainKey":{"counter":0,"key":"RCt1tt+yRLKmCTYaAW6mB+4y9AAq1UXxVLkClNgX5GU="},"chainType":1,"messageKeys":{}}},"pendingPreKey":{"signedKeyId":1,"baseKey":"BRjtXa3073kVywGoGXdCF0dYP2jOArceQ7L+MmkiJ550"}}},"version":"v1"}