{"_sessions":{"BX5VQREHsa3kOmtP1d1czCc+SgEixFbY9ad1Tz0haC8S":{"registrationId":1922199645,"currentRatchet":{"ephemeralKeyPair":{"pubKey":"BVIx33PJ7vILt8HmqLj1yebZCcYQ9h/kx+Wd85Arzndc","privKey":"mIQSSf9yPbhe1xdjWh11KEEPylWlqKCfpV/6EyVdP1s="},"lastRemoteEphemeralKey":"BUGR40VhlQiAxCOnS2B2s8sxsbZJobDEP74Kq7bHQaY0","previousCounter":0,"rootKey":"VipS00ZsD0/KMjn+ZYh/RBh4RATbDZ4NO5cbUQ5SQFY="},"indexInfo":{"baseKey":"BX5VQREHsa3kOmtP1d1czCc+SgEixFbY9ad1Tz0haC8S","baseKeyType":1,"closed":-1,"used":1735857692966,"created":1735857692966,"remoteIdentityKey":"BeUfDFhBdohvdvbcTOgb6C+NpmNMuAsB6wq09tY83vQk"},"_chains":{"BVIx33PJ7vILt8HmqLj1yebZCcYQ9h/kx+Wd85Arzndc":{"chainKey":{"counter":0,"key":"NtMiiKiJknUN8XqxsOugkq3G97MoGzhb2UQ/fDYpcew="},"chainType":1,"messageKeys":{}}},"pendingPreKey":{"signedKeyId":0,"baseKey":"BX5VQREHsa3kOmtP1d1czCc+SgEixFbY9ad1Tz0haC8S","preKeyId":5172275}}},"version":"v1"}