{"_sessions":{"BfjgypcEWHYYbAlW3ZQVhm230IXCCn0qx/43dnMn/0gb":{"registrationId":1295522816,"currentRatchet":{"ephemeralKeyPair":{"pubKey":"BSelz8aQY17iOGiu3Hw/hPO7zZ7q6A/Sy7ARPZNN6ugs","privKey":"cFNn+C+bvOxwowIzPHZnkRmGmwXyfrVMXWcQ1ReN8XM="},"lastRemoteEphemeralKey":"BXtMyLXNVlZxYUbP93/UO3Wo6ztLjVAx0l218Yh2ibxG","previousCounter":0,"rootKey":"2dR/H7p6w0ALQTIqMcaKAtQyng52eQhOCx/LPOz7HwM="},"indexInfo":{"baseKey":"BfjgypcEWHYYbAlW3ZQVhm230IXCCn0qx/43dnMn/0gb","baseKeyType":1,"closed":-1,"used":1735852241546,"created":1735852241546,"remoteIdentityKey":"BeOwRoIDtuSYKDbpPsr8dswFbn3QzXeNel9aSWE7TPlU"},"_chains":{"BSelz8aQY17iOGiu3Hw/hPO7zZ7q6A/Sy7ARPZNN6ugs":{"chainKey":{"counter":0,"key":"TZALQF4gQ2XEk12vLjdf2olm2aJnleec+V5yA0o4CVI="},"chainType":1,"messageKeys":{}}},"pendingPreKey":{"signedKeyId":0,"baseKey":"BfjgypcEWHYYbAlW3ZQVhm230IXCCn0qx/43dnMn/0gb","preKeyId":10308525}}},"version":"v1"}