{"_sessions":{"BcM98G0VvUD63cx9weDZ+0j7feDMMdqQKKA3QTuG1Jtp":{"registrationId":1029916051,"currentRatchet":{"ephemeralKeyPair":{"pubKey":"BS6It1VYlYBYTGdM5BgyZEYfkYdSePKez4IO8jy9KY8N","privKey":"+G40Qlw6tmZm60dpLB9Kh3+yoTv1gzc1+/xZnl21AVQ="},"lastRemoteEphemeralKey":"BRA9fTci2dLy7RV4eXwx3I4/DZghqEO+I/3pS/2P9dAw","previousCounter":0,"rootKey":"Q8x8bvc80fB5kbVmvJFu7lTuL8oQeUGO9Ov/XNcHR+g="},"indexInfo":{"baseKey":"BcM98G0VvUD63cx9weDZ+0j7feDMMdqQKKA3QTuG1Jtp","baseKeyType":1,"closed":-1,"used":1735857692956,"created":1735857692956,"remoteIdentityKey":"Be2tMQKxBE8mbxNGpvCeeeJ5x10IxAf/SElkR494g91B"},"_chains":{"BS6It1VYlYBYTGdM5BgyZEYfkYdSePKez4IO8jy9KY8N":{"chainKey":{"counter":0,"key":"GMpKZ7PDd4e1VMSxJ+I4X+opqZN0/CYwjWSIfVRtI3Q="},"chainType":1,"messageKeys":{}}},"pendingPreKey":{"signedKeyId":2,"baseKey":"BcM98G0VvUD63cx9weDZ+0j7feDMMdqQKKA3QTuG1Jtp"}}},"version":"v1"}