{"_sessions":{"BatLZ8KRRcNwSTWZgp22D+AaHitFzpZt1xgLIwS/kAA5":{"registrationId":1100627759,"currentRatchet":{"ephemeralKeyPair":{"pubKey":"BafretGeqYaNUcFvdmKoynuoCqSRj4xfli6/fDuwdYcB","privKey":"KHqwjzO7a1siPk4sCKxUExqYSzo3wu0sNyvsHJrJJXU="},"lastRemoteEphemeralKey":"Bb2jPfbSSwUNBQHdRskQgUZX8dsI0p4EOQX5gHevAChq","previousCounter":0,"rootKey":"yci2KN0Dn5HZlhj3s4qfbtoNGjI6c7kyeEpXrghz1Ok="},"indexInfo":{"baseKey":"BatLZ8KRRcNwSTWZgp22D+AaHitFzpZt1xgLIwS/kAA5","baseKeyType":2,"closed":1735850283688,"used":1735850283221,"created":1735850283221,"remoteIdentityKey":"BT+FhncN7Xg8iIHwhAxLWBKge9afgiA5Ll3MUVlV9vEM"},"_chains":{"Bb2jPfbSSwUNBQHdRskQgUZX8dsI0p4EOQX5gHevAChq":{"chainKey":{"counter":0,"key":"LL7TrjTlPTT/auSjqjpmMXA/b0/qa7mUyl7qLk0wmbY="},"chainType":2,"messageKeys":{}},"BafretGeqYaNUcFvdmKoynuoCqSRj4xfli6/fDuwdYcB":{"chainKey":{"counter":-1,"key":"BYa3mEl+d9obumIfFOiDwiICl0l4L2akJ4Caz1RcdH0="},"chainType":1,"messageKeys":{}}}},"BYJvItijrDfmW48bojPlBN/4zUOk5soTlcll5fmdzJc5":{"registrationId":1100627759,"currentRatchet":{"ephemeralKeyPair":{"pubKey":"BdV9/Bi3OG6CGz17xhaxK/dP7gRBGDPo1YQ3YYyUJgVS","privKey":"OMKJtSMVrg+WqeR93tiBhDbmtRpggtDwxhU6o2rr4HA="},"lastRemoteEphemeralKey":"Bavrnpu/bunqxtI320X1Q6zrZOg+/smRRzvcrOgid49I","previousCounter":0,"rootKey":"rzzNOpA2aT5IbKIIoxeSWhvstru5+ZqB+Ngn6ZQdvCM="},"indexInfo":{"baseKey":"BYJvItijrDfmW48bojPlBN/4zUOk5soTlcll5fmdzJc5","baseKeyType":2,"closed":-1,"used":1735850283694,"created":1735850283694,"remoteIdentityKey":"BT+FhncN7Xg8iIHwhAxLWBKge9afgiA5Ll3MUVlV9vEM"},"_chains":{"Bavrnpu/bunqxtI320X1Q6zrZOg+/smRRzvcrOgid49I":{"chainKey":{"counter":0,"key":"bWrdw6v6czK4kaCggP1fyxuMMH95ggKpJtO6UwOTdfQ="},"chainType":2,"messageKeys":{}},"BdV9/Bi3OG6CGz17xhaxK/dP7gRBGDPo1YQ3YYyUJgVS":{"chainKey":{"counter":0,"key":"Le/UBpqEA0ghH55vK3vRRU+bX/kAXlZdNHSs/eHNipY="},"chainType":1,"messageKeys":{}}}}},"version":"v1"}