{"_sessions":{"BdMnvbnY9NIh6I0+kDCJxWWhYInEu0kIipqtHNwmP0kA":{"registrationId":854559862,"currentRatchet":{"ephemeralKeyPair":{"pubKey":"BWqPbSYJhrBUy+INeTWETpX6OM/dzn7lbU1ZDRaGZRFb","privKey":"kKaLmV2TyLE88Q+TpPcBclvY6WcnkP+1NQXd3/v7RXM="},"lastRemoteEphemeralKey":"BdrXSOojx9UIZewzXyQnEembPTZk4VBFvIDyTRhYjtlr","previousCounter":0,"rootKey":"HFSga9PX0XpMziqKQlbyZQnCWwzYtAGDyei9gGQ5Ims="},"indexInfo":{"baseKey":"BdMnvbnY9NIh6I0+kDCJxWWhYInEu0kIipqtHNwmP0kA","baseKeyType":1,"closed":-1,"used":1735852241540,"created":1735852241540,"remoteIdentityKey":"BelF3FNet65kyp/aeTEhLTAEs0NWNNmFiP+/emQA3foQ"},"_chains":{"BWqPbSYJhrBUy+INeTWETpX6OM/dzn7lbU1ZDRaGZRFb":{"chainKey":{"counter":0,"key":"BRMHuVLBoQi4rj1N6GL8TG2lMBBP3t4gArm+FJ+L5fQ="},"chainType":1,"messageKeys":{}}},"pendingPreKey":{"signedKeyId":8,"baseKey":"BdMnvbnY9NIh6I0+kDCJxWWhYInEu0kIipqtHNwmP0kA","preKeyId":8071132}}},"version":"v1"}