{"_sessions":{"BQUYkbr3V6ts+3jBqOVdA/Lf4794clPisFbfm5dH55UL":{"registrationId":468950726,"currentRatchet":{"ephemeralKeyPair":{"pubKey":"BbSr3KuUZIPXE38mUiQtKYsZ6/Z8ccpLBxKgMNWK9TxY","privKey":"iCg24j8YluRvbCyCfa4mK4mBW2YfgHJblNOqan0eE28="},"lastRemoteEphemeralKey":"BTvNVPdgwpppg5KVGBFcqIrKGzyOfBLfz1Mma/j0XwRO","previousCounter":0,"rootKey":"rENX7PvJRCkuKn4LIodLvVA9Pt1YTmCsl9XtROhq4Z0="},"indexInfo":{"baseKey":"BQUYkbr3V6ts+3jBqOVdA/Lf4794clPisFbfm5dH55UL","baseKeyType":1,"closed":-1,"used":1735852241706,"created":1735852241706,"remoteIdentityKey":"Be161d9Zza2T+MkY50b3jpqP/IqzzoQY3au8KCm34W4T"},"_chains":{"BbSr3KuUZIPXE38mUiQtKYsZ6/Z8ccpLBxKgMNWK9TxY":{"chainKey":{"counter":0,"key":"rh35icX5eq0fD8rXt3/n0wfQ07StFPeTAGPtZU3DEsY="},"chainType":1,"messageKeys":{}}},"pendingPreKey":{"signedKeyId":3,"baseKey":"BQUYkbr3V6ts+3jBqOVdA/Lf4794clPisFbfm5dH55UL","preKeyId":1416421}}},"version":"v1"}