{"_sessions":{"BUVqztOnTh0m6tSBKmQ0tP39hKZUkEb3L1o64i6b8RY/":{"registrationId":1948262991,"currentRatchet":{"ephemeralKeyPair":{"pubKey":"BTgLyWgiHsvUSX0OVpKjPLj4x3z+LmXlgBhJ2Q6YVtRA","privKey":"GHs2YpGSkk6B1ILVTTEYglLt8tAqCvs+334fLlxg8nM="},"lastRemoteEphemeralKey":"BQ0dsKX3diprwXwRLiTWxgTY4bXxgWM05G3zjVVbt8FO","previousCounter":0,"rootKey":"HGfRE0jgw8OnodFhk+DJ2i6NNsx0Pqe4Lv3GHCiFo84="},"indexInfo":{"baseKey":"BUVqztOnTh0m6tSBKmQ0tP39hKZUkEb3L1o64i6b8RY/","baseKeyType":1,"closed":-1,"used":1735852241753,"created":1735852241753,"remoteIdentityKey":"BZY9xzcJcXig0x6vTdp1rq3PWqOq5WAG1ZpN+XwFMcsH"},"_chains":{"BTgLyWgiHsvUSX0OVpKjPLj4x3z+LmXlgBhJ2Q6YVtRA":{"chainKey":{"counter":0,"key":"/0jWG4dbzODE+fo0hPpJfyGmW7JCLgs+scYJxDSXh1M="},"chainType":1,"messageKeys":{}}},"pendingPreKey":{"signedKeyId":12,"baseKey":"BUVqztOnTh0m6tSBKmQ0tP39hKZUkEb3L1o64i6b8RY/","preKeyId":9466032}}},"version":"v1"}