{"_sessions":{"BRhQnQSTtjB/7S1y96luOSz82bSk95AM5piP3eAFg/wi":{"registrationId":952021349,"currentRatchet":{"ephemeralKeyPair":{"pubKey":"BXeuiMH7US4afSiYhQZuRc+Jksw3YnpUaSZZUWrqE98i","privKey":"QDQcftyxlJEd6E1drhZNiampbHv+Axcew5zu8bVjZFQ="},"lastRemoteEphemeralKey":"BYLEVdZrT8wEdF3y7d+obIslnCljEqk2Cw7tTPpvFTBZ","previousCounter":0,"rootKey":"kaOc/S7u5pjeaRYUtskSoAM9oG0vN415ZCK1sw7LICI="},"indexInfo":{"baseKey":"BRhQnQSTtjB/7S1y96luOSz82bSk95AM5piP3eAFg/wi","baseKeyType":1,"closed":-1,"used":1735857692935,"created":1735857692935,"remoteIdentityKey":"Bbula5rpBpRwINGijtYOm4XAU2b5jEXU2cAEzrAJhgpq"},"_chains":{"BXeuiMH7US4afSiYhQZuRc+Jksw3YnpUaSZZUWrqE98i":{"chainKey":{"counter":0,"key":"X8UaNXn0oRDnppaz1ObRRRacqWn7K46/iwVhhbsy25g="},"chainType":1,"messageKeys":{}}},"pendingPreKey":{"signedKeyId":90,"baseKey":"BRhQnQSTtjB/7S1y96luOSz82bSk95AM5piP3eAFg/wi","preKeyId":7843707}}},"version":"v1"}