{"_sessions":{"BeAcTlT6ct48jiiyLQf8uAHKN1W9sal2rv73VDokDNZ8":{"registrationId":1248406948,"currentRatchet":{"ephemeralKeyPair":{"pubKey":"BZxZEI3zWAlgQNmz7LC37LaYu0+5knGYLcaCTiIn3fNK","privKey":"QNCNKxwN3Lne96m433Mrgb2ja+MlvvTqM3xQJUj2kXs="},"lastRemoteEphemeralKey":"BQ+P7WluNch5vfE32BtnxBS4Mj9CYaTrGTqouWJ5UGRM","previousCounter":0,"rootKey":"ei4DqIPWg0yvTRy0c1IxcfHIzcNFf7nZWxzrEII6RBg="},"indexInfo":{"baseKey":"BeAcTlT6ct48jiiyLQf8uAHKN1W9sal2rv73VDokDNZ8","baseKeyType":1,"closed":-1,"used":1735857693000,"created":1735857693000,"remoteIdentityKey":"BdUA6tjfXy125u82oCQx57eIZfwl2iz30WQfU1klVHcP"},"_chains":{"BZxZEI3zWAlgQNmz7LC37LaYu0+5knGYLcaCTiIn3fNK":{"chainKey":{"counter":0,"key":"x6RRc6JgFyAZb/U5QacUmKDIK7W0w56/tJqw+Go8WtA="},"chainType":1,"messageKeys":{}}},"pendingPreKey":{"signedKeyId":1,"baseKey":"BeAcTlT6ct48jiiyLQf8uAHKN1W9sal2rv73VDokDNZ8","preKeyId":11598972}}},"version":"v1"}