{"_sessions":{"BQEFZykaapXu0JA5IPq/0od+a7Q5++PQQZTKDSZVtDkh":{"registrationId":149,"currentRatchet":{"ephemeralKeyPair":{"pubKey":"BdjEH3i0EdGUEAcWoftoeHdN5SIkDxHsG311+e3cxqQD","privKey":"wEQ48gohhVilymaq7jTrXomSvQfnLYSZPzcSIibiK10="},"lastRemoteEphemeralKey":"BeSxuPWZfhKFvK85L4GaNGDvlba/FQOi8BW0nt/yVMwZ","previousCounter":0,"rootKey":"l5aBFroaYQubfJUpveQ7j5e0pMOELLn95V8MsACAxm8="},"indexInfo":{"baseKey":"BQEFZykaapXu0JA5IPq/0od+a7Q5++PQQZTKDSZVtDkh","baseKeyType":1,"closed":-1,"used":1735851833654,"created":1735851833654,"remoteIdentityKey":"BRDPRmWzsoJlwZ6Fq5trP1RTzDgdQx7nOvDrUJyIzhEi"},"_chains":{"BdjEH3i0EdGUEAcWoftoeHdN5SIkDxHsG311+e3cxqQD":{"chainKey":{"counter":0,"key":"Kn7QPn/gj/aIGbaawQHysnaJsvylT8CMMV7pJA0bt8E="},"chainType":1,"messageKeys":{}}},"pendingPreKey":{"signedKeyId":1,"baseKey":"BQEFZykaapXu0JA5IPq/0od+a7Q5++PQQZTKDSZVtDkh"}}},"version":"v1"}