{"_sessions":{"BZtVJXcs9PSzth8pyrNdTmMI1+dE0XQteVU7ggbkigAi":{"registrationId":20,"currentRatchet":{"ephemeralKeyPair":{"pubKey":"BfgnmyBXZJWyZUb0lyrzlARVLzvMCUEih4dlSqHyhRhv","privKey":"0OrrOei+qzi1U2JHksgGPmgpACrRoZjQ8mg/sJR7Mms="},"lastRemoteEphemeralKey":"BTHwtVyX4f31+iqf5UtYP+J4yE0BD95qDgyvbA6aVKxS","previousCounter":3,"rootKey":"HybqVrfZUG0y16zXjd7YLLmtH8SmDq5wxR35/7G3Yrg="},"indexInfo":{"baseKey":"BZtVJXcs9PSzth8pyrNdTmMI1+dE0XQteVU7ggbkigAi","baseKeyType":1,"closed":-1,"used":1735858086379,"created":1735852196877,"remoteIdentityKey":"BUli+NH68RSBElaB81RilthJRH/6rAsvpuhC7Gi+ALwf"},"_chains":{"BTHwtVyX4f31+iqf5UtYP+J4yE0BD95qDgyvbA6aVKxS":{"chainKey":{"counter":1,"key":"Rda66M2CjimoXh1wn9NdvwTiwAjRxtcoRuNvJfo5x2U="},"chainType":2,"messageKeys":{}},"BfgnmyBXZJWyZUb0lyrzlARVLzvMCUEih4dlSqHyhRhv":{"chainKey":{"counter":0,"key":"QI1a0KCyRb5nKKHv1Lew6BmD22bS8psLy2DOFw14Wv8="},"chainType":1,"messageKeys":{}}}}},"version":"v1"}