{"_sessions":{"BW42VPV+iSJZdvnboV+v5VZ/VRMlisOhJQVJv60vDD8C":{"registrationId":648638899,"currentRatchet":{"ephemeralKeyPair":{"pubKey":"BVWhQs9L7A8F9gQO+IrlvlgFbdpqIMlBd+ew9uhDY7Zi","privKey":"6AEiAYY1oNMlgRbO2wAuybKXMbtkL8+6zm+dewLaNE0="},"lastRemoteEphemeralKey":"BZsMV+W21RPgFIjlEsgEEFZaYVRAJUAo6WT0kAFNMZdE","previousCounter":0,"rootKey":"4R2A88oENzJhSxjgKnD5VrI20hjujSk+3DDDz+DiTmM="},"indexInfo":{"baseKey":"BW42VPV+iSJZdvnboV+v5VZ/VRMlisOhJQVJv60vDD8C","baseKeyType":1,"closed":-1,"used":1735852241586,"created":1735852241586,"remoteIdentityKey":"Bcogumap6+ETovhfrNS/DI5ukhS5mIw0r+6eFw0qwPVx"},"_chains":{"BVWhQs9L7A8F9gQO+IrlvlgFbdpqIMlBd+ew9uhDY7Zi":{"chainKey":{"counter":0,"key":"Yc2kFtIBdepDFM7FiY4C3grVU/NI74xgFcjC5oAy7xc="},"chainType":1,"messageKeys":{}}},"pendingPreKey":{"signedKeyId":2,"baseKey":"BW42VPV+iSJZdvnboV+v5VZ/VRMlisOhJQVJv60vDD8C","preKeyId":6711539}}},"version":"v1"}