{"_sessions":{"BdWzhPqvDe7IHrmUF2cxLDwRTFZuWAYRBPJLdpWYnZ1d":{"registrationId":622866214,"currentRatchet":{"ephemeralKeyPair":{"pubKey":"BdQu+87Eztvbyz4h0e0qAh7rd1/wYr5JE43Y1wE75AYu","privKey":"uMexs54XBhSzprLgWVHtNlOmZZ0rmXfm6exSOXa9A1w="},"lastRemoteEphemeralKey":"BS0ViFg0iH/REH5b3QXowAYCukbhGVrOo1osmFPzQ5g9","previousCounter":0,"rootKey":"PqIiwspDLi47/GR52gWghE6D6G9dWLHyvsbMghgRmrY="},"indexInfo":{"baseKey":"BdWzhPqvDe7IHrmUF2cxLDwRTFZuWAYRBPJLdpWYnZ1d","baseKeyType":2,"closed":-1,"used":1735856563780,"created":1735856563780,"remoteIdentityKey":"BcbMsPeRarFb//kKAmATvhMpEkftDFWDxk0agXTXuTFN"},"_chains":{"BS0ViFg0iH/REH5b3QXowAYCukbhGVrOo1osmFPzQ5g9":{"chainKey":{"counter":2,"key":"KfJ0PB8IZumFnGW9imAD+sJZTT03nJGXdnwk38zC9js="},"chainType":2,"messageKeys":{"0":"6zK0wj9ZSf0cl57yzGR3crM6542bv6JfH89VUBFlIbk=","1":"ubd7WzGPx9D9/EOutHLwOlEvM3LUJTWp3WTUVALL1tI="}},"BdQu+87Eztvbyz4h0e0qAh7rd1/wYr5JE43Y1wE75AYu":{"chainKey":{"counter":-1,"key":"WX8qhff1fe0R5jAXwZLksuhUEOUdichb4TO+udmL5RE="},"chainType":1,"messageKeys":{}}}}},"version":"v1"}