{"_sessions":{"BYJ3h1YVdl23Pw7QjdtCdkCEh9btm266YySL6nI3+m93":{"registrationId":1642468352,"currentRatchet":{"ephemeralKeyPair":{"pubKey":"BdFZPFXzMXEqgrbsSQhUbCnGj+meZRhwXwFjmowUu49s","privKey":"qA+Md8llhRPecE5q731+7oY8mFKoZNNQa6hF6N1xikc="},"lastRemoteEphemeralKey":"BRe8LiRnRZ8FuzNgHIXfL40tdEaYfNKlARAn/y54P1JQ","previousCounter":0,"rootKey":"gwyBBSSzW/fm0xTvsIZqovqDJtzV7heSuVfR4nYwipc="},"indexInfo":{"baseKey":"BYJ3h1YVdl23Pw7QjdtCdkCEh9btm266YySL6nI3+m93","baseKeyType":1,"closed":-1,"used":1735857692811,"created":1735857692811,"remoteIdentityKey":"BQyHokuGrg0blUc9vQdTUn5kQyq20PVNIgDAEAXDWUI2"},"_chains":{"BdFZPFXzMXEqgrbsSQhUbCnGj+meZRhwXwFjmowUu49s":{"chainKey":{"counter":0,"key":"W28ll/GP+YqdfTljfzMFDtdVYRWg1peskDP+BcMv1yg="},"chainType":1,"messageKeys":{}}},"pendingPreKey":{"signedKeyId":9,"baseKey":"BYJ3h1YVdl23Pw7QjdtCdkCEh9btm266YySL6nI3+m93"}}},"version":"v1"}