{"_sessions":{"BfT1HflmLVPAJAcY5qauFjbYhk+fYMNps9XHU7w5eKZb":{"registrationId":1738306375,"currentRatchet":{"ephemeralKeyPair":{"pubKey":"Bcv1jARomPkoiKRmzYIMGcLxiUr3gJOyGwpxLflt2etW","privKey":"2MVqeoZDdeYKz7itUzobiTlOBIQoHxzJQs9fYud6W14="},"lastRemoteEphemeralKey":"BeT7qXVJcNJkXGniHA+DgVoWPfRUubcZOHMUn1wlJP5E","previousCounter":0,"rootKey":"Q1OtqQc0VncscgheVTirNfY1jkGmN+mPTCqRKLfPpvQ="},"indexInfo":{"baseKey":"BfT1HflmLVPAJAcY5qauFjbYhk+fYMNps9XHU7w5eKZb","baseKeyType":1,"closed":-1,"used":1735857692882,"created":1735857692882,"remoteIdentityKey":"BRjXYzd7QfyD6yV243MngMfoPTgwAiEgYC5YxAYhK9Y8"},"_chains":{"Bcv1jARomPkoiKRmzYIMGcLxiUr3gJOyGwpxLflt2etW":{"chainKey":{"counter":0,"key":"X+yaV6lFrz1YyDWwRSFtY23IX0eqejABIYCD1BaQXq4="},"chainType":1,"messageKeys":{}}},"pendingPreKey":{"signedKeyId":37,"baseKey":"BfT1HflmLVPAJAcY5qauFjbYhk+fYMNps9XHU7w5eKZb"}}},"version":"v1"}