{"_sessions":{"BbtbJAXqTFHJLG4UkC0BlkDBjtmRghH1qTf/yohV5rAu":{"registrationId":514718960,"currentRatchet":{"ephemeralKeyPair":{"pubKey":"Bft/65IxOprAb9Et6xNIrvCWru8oh4FDc5QtG+e/3eAf","privKey":"0HFa7IwaY1S059GA8cvIrUxz3ZbNpZrKQ3RUpQq6C18="},"lastRemoteEphemeralKey":"BTamvGpR0b6u0ZMO/GGDZ7RUKrPHJuo+hTbc5Petxuwn","previousCounter":0,"rootKey":"ARjwxg/SqYuMg2ounT987vTakHG1MTEHyvZihJb8P1Y="},"indexInfo":{"baseKey":"BbtbJAXqTFHJLG4UkC0BlkDBjtmRghH1qTf/yohV5rAu","baseKeyType":1,"closed":-1,"used":1735858659860,"created":1735858621017,"remoteIdentityKey":"BSQBBON4ZMH5PodD5NyT0G1aaUBy4NmXH4B9GgqHBnhA"},"_chains":{"BZANjbThZloUhddamorweg2KW8esSk1LiInRYE/yzAow":{"chainKey":{"counter":1},"chainType":2,"messageKeys":{}},"BfQnFwtpGDwTVFtzqIAvS76ehCC3clqPizswlLdIow4E":{"chainKey":{"counter":0},"chainType":2,"messageKeys":{}},"BURGupvD0hwk34VL77w750veILcHX31moKRnKDf+UVhR":{"chainKey":{"counter":0},"chainType":2,"messageKeys":{}},"BTamvGpR0b6u0ZMO/GGDZ7RUKrPHJuo+hTbc5Petxuwn":{"chainKey":{"counter":0,"key":"FyFm/VTmq2o4XPZ6crXvmTe7OKzEHZTftFlT1JlGKbc="},"chainType":2,"messageKeys":{}},"Bft/65IxOprAb9Et6xNIrvCWru8oh4FDc5QtG+e/3eAf":{"chainKey":{"counter":0,"key":"4YlR2WcpsZtFc32q8vbtMTC6OgzKadVvzlydcAXkVEA="},"chainType":1,"messageKeys":{}}}}},"version":"v1"}