{"_sessions":{"BQBYw7GYNyaHY1pbJhC52X0mpCeyDhV9vxkgb5tLzDBc":{"registrationId":551763385,"currentRatchet":{"ephemeralKeyPair":{"pubKey":"BecmUg+B+yF5X9zU5dITEBeuL8D+mcFcdIOro/QazI4h","privKey":"sAuLa4kdkrsuuoLluYutDOikprs511UBwQePskAjmHY="},"lastRemoteEphemeralKey":"BXioN+m+8+Q6dcAmgfE2I2QTZAs6xjpFrlBvOe3d60In","previousCounter":0,"rootKey":"D9bMIO49o0LjE52weiypdz9HVBqcBg8OPSQHmIbfiF0="},"indexInfo":{"baseKey":"BQBYw7GYNyaHY1pbJhC52X0mpCeyDhV9vxkgb5tLzDBc","baseKeyType":2,"closed":1735852176613,"used":1735852172746,"created":1735852172746,"remoteIdentityKey":"Bd3T5oVDwY/TLD2WHFpfxwiSxCEFJLHy2Kqui70NJY9+"},"_chains":{"BXioN+m+8+Q6dcAmgfE2I2QTZAs6xjpFrlBvOe3d60In":{"chainKey":{"counter":5,"key":"2ioTdBlHyqD0XcH182xj8VoueSBBlDsn6EzOuR0LwKs="},"chainType":2,"messageKeys":{"0":"J5cHBYoY0yoSGxIV7697TUzeBvcQIS4F6I4AMOMEqBs=","1":"s4loHWDueeE9mrRwWwRzU8MwLi9UlX5y45LZBN1mxPA=","2":"CsRYkavRSWyloeiOlM4BganzoZWY6hkDEMQW1uNCDYU=","3":"I4sboXZKtal3rcQKiVdLDumgKfH5wtzx7treXtKtB4M=","4":"XRYNrjmDxwoqusOzO3dhVci5dcLtzOdpTmRw55tUwaU="}},"BecmUg+B+yF5X9zU5dITEBeuL8D+mcFcdIOro/QazI4h":{"chainKey":{"counter":-1,"key":"YJ13MzjKu73EIbY3HA7t7pDiNXfc8vhNrKPQz5n+zfU="},"chainType":1,"messageKeys":{}}}},"BbO+M9coOlfm8CW0v9k9ZjlNy0DG/1o3n9TUqlHQ1iE2":{"registrationId":551763385,"currentRatchet":{"ephemeralKeyPair":{"pubKey":"BeFofijEu7NAbmDrdbbr3BDe6tOtE5vVFi0Vb+jqbUZI","privKey":"4Dc6xpaxERNs26cf9sU3jvu6nkMZLUkDx++togZWA1E="},"lastRemoteEphemeralKey":"BadRpnXDfQOyzLuvu23Uz+rHWHQDTR5GLSCg78Y2pSYe","previousCounter":0,"rootKey":"xRZpkahstPi/9wnGHAOM9n0phwsWaO6EGEss2EkH8YA="},"indexInfo":{"baseKey":"BbO+M9coOlfm8CW0v9k9ZjlNy0DG/1o3n9TUqlHQ1iE2","baseKeyType":2,"closed":1735852177646,"used":1735852176622,"created":1735852176622,"remoteIdentityKey":"Bd3T5oVDwY/TLD2WHFpfxwiSxCEFJLHy2Kqui70NJY9+"},"_chains":{"BadRpnXDfQOyzLuvu23Uz+rHWHQDTR5GLSCg78Y2pSYe":{"chainKey":{"counter":1,"key":"vgZXi8guITZfcTBcvbOeU5y+gLlKbI8uP9XP6CwB8oQ="},"chainType":2,"messageKeys":{}},"BeFofijEu7NAbmDrdbbr3BDe6tOtE5vVFi0Vb+jqbUZI":{"chainKey":{"counter":-1,"key":"yXP2jgArCgPVnY7h1O8AipkoXOgNEWuRPYr/yFuL1FQ="},"chainType":1,"messageKeys":{}}}},"BdBi79wmadjNBQ5pc38l3lYiMoZcagU1YJ6nj+k2y9Iv":{"registrationId":551763385,"currentRatchet":{"ephemeralKeyPair":{"pubKey":"BVyRXLbPkQOpa69meeef0SsDOUi4GiZm2Q1EAV7kNGUq","privKey":"IPlqfc7oAEmbxZRRQdXssJ9932dyZw42I0Am2K7620k="},"lastRemoteEphemeralKey":"BbUeWlf2DKkLGmE+u0SRM99aWK7JG+CvKONqP1brPHlO","previousCounter":0,"rootKey":"qIYVp8C/Vu0POLW5+pod6YVMU4ywCPuOaoO7vJRXIFg="},"indexInfo":{"baseKey":"BdBi79wmadjNBQ5pc38l3lYiMoZcagU1YJ6nj+k2y9Iv","baseKeyType":2,"closed":-1,"used":1735858480197,"created":1735852177650,"remoteIdentityKey":"Bd3T5oVDwY/TLD2WHFpfxwiSxCEFJLHy2Kqui70NJY9+"},"_chains":{"BaZipG7qHTGMVUqVmrS2YRK+rhG0iuIKgYSWM4rXfrFP":{"chainKey":{"counter":0},"chainType":2,"messageKeys":{}},"BWszfHm5Z2mSmMHSmyzZ5GJ5mZRP7+Abzo/fu2x0sbQq":{"chainKey":{"counter":0},"chainType":2,"messageKeys":{}},"BTsRZGT5hBEJVQ8mlVO4iniIDkGuim5oS3CFqRLjW4F/":{"chainKey":{"counter":3},"chainType":2,"messageKeys":{}},"Bbe5Kzuxlm2tEuiFJvx6L+Bb02epd4A7P8gDWb9apdY8":{"chainKey":{"counter":0},"chainType":2,"messageKeys":{}},"BbUeWlf2DKkLGmE+u0SRM99aWK7JG+CvKONqP1brPHlO":{"chainKey":{"counter":0,"key":"1w6lNwZi+iYwZT72KIcA1yCz+Wz/AgTw3AAcpVqivKU="},"chainType":2,"messageKeys":{}},"BVyRXLbPkQOpa69meeef0SsDOUi4GiZm2Q1EAV7kNGUq":{"chainKey":{"counter":-1,"key":"owQ8w7n2Ua3PJ9A6uKLOu7d9wxNggh8aQOazEXPG9o4="},"chainType":1,"messageKeys":{}}}}},"version":"v1"}