{"_sessions":{"BeyE3TkNRdCmrQYQV8cVW9ftxzKHh+iaPXd+drXqj5lk":{"registrationId":1641032208,"currentRatchet":{"ephemeralKeyPair":{"pubKey":"BbEJM5gPoVy9cOSg+YKIplg9WZF+u4nRLBWF3h054/IZ","privKey":"SFDvd01P02lPnnBE84xf2j87uhRCKxeupz/ojKczdVs="},"lastRemoteEphemeralKey":"BWdRgQajJTz5kqqIvHSRtd16UUsD/a/gj0OkxoaKgVoo","previousCounter":0,"rootKey":"GuJJ9Txh73Fp0U8NKOj9VtT+ft4AtqrrAS4+Z+4YPIg="},"indexInfo":{"baseKey":"BeyE3TkNRdCmrQYQV8cVW9ftxzKHh+iaPXd+drXqj5lk","baseKeyType":1,"closed":-1,"used":1735852241595,"created":1735852241595,"remoteIdentityKey":"BcP3Bh/uqabbTJRhwtm82VtlpqRXT/6vNqU1p9PqaNQk"},"_chains":{"BbEJM5gPoVy9cOSg+YKIplg9WZF+u4nRLBWF3h054/IZ":{"chainKey":{"counter":0,"key":"Qy4HzGCqsNECTIX8CjK6Eugbk5j8lA/KSPLUeIYxLmo="},"chainType":1,"messageKeys":{}}},"pendingPreKey":{"signedKeyId":5947806,"baseKey":"BeyE3TkNRdCmrQYQV8cVW9ftxzKHh+iaPXd+drXqj5lk","preKeyId":345}}},"version":"v1"}