{"_sessions":{"BXB31LR7cjRWtMS6AE1ltTQruMKariGAq2pgWYvdH7FB":{"registrationId":1950539047,"currentRatchet":{"ephemeralKeyPair":{"pubKey":"BVazYB4vjNOHiJtdvu0u4G0+64gPtu9OK9Zogz3wq/1M","privKey":"iGMSjGiBDNBLf7dLmg6Kb8SiPsE/N5xUvqcRZkL6nVo="},"lastRemoteEphemeralKey":"BVVXusi+aoxmZa2QdTXBGoQN+EycRepIOJ6ya0yEtZMj","previousCounter":0,"rootKey":"8rhxIRk5qxkV4afwP7If76tSC8/mIIZ6chK0oFsREww="},"indexInfo":{"baseKey":"BXB31LR7cjRWtMS6AE1ltTQruMKariGAq2pgWYvdH7FB","baseKeyType":1,"closed":-1,"used":1735852241626,"created":1735852241626,"remoteIdentityKey":"BWoKYpJhdeKnaKpw+B0QICU4IztexO1S/GpFPOYGcWJd"},"_chains":{"BVazYB4vjNOHiJtdvu0u4G0+64gPtu9OK9Zogz3wq/1M":{"chainKey":{"counter":0,"key":"FCCXreevPeKuwwiW+wSYJwoVebAwqlNpiuxyvvIFXVc="},"chainType":1,"messageKeys":{}}},"pendingPreKey":{"signedKeyId":0,"baseKey":"BXB31LR7cjRWtMS6AE1ltTQruMKariGAq2pgWYvdH7FB","preKeyId":7264864}}},"version":"v1"}