{"_sessions":{"BfCqSFswvA97vqMbd6Os2exMYwr8pNdItcyV3k2A7WBV":{"registrationId":1478806422,"currentRatchet":{"ephemeralKeyPair":{"pubKey":"BRDh2P6Sy5ALwnd9NRVNfZFH2ZOIoYKUf1Z7r+7jZ4In","privKey":"uKvmIUrwcy2IuKqRU1cmJGvzojM/wSyYD7rMdZfa+HI="},"lastRemoteEphemeralKey":"BR+YtZripQOo1IPvgH9SxnA00j1jPrkn8QMcjmea2tQV","previousCounter":0,"rootKey":"zcr0RfTx70ilG6ujylQICSdz6ojDfd7/AAczr8K8joQ="},"indexInfo":{"baseKey":"BfCqSFswvA97vqMbd6Os2exMYwr8pNdItcyV3k2A7WBV","baseKeyType":2,"closed":-1,"used":1735858361637,"created":1735854623145,"remoteIdentityKey":"Bbyjk1hYMqVFv2aLQyDKb2tUobD6GNgWRqyjjJKYI20t"},"_chains":{"BcXhEUGaqRE3C9oqlDZkalf9Vq+YrblkQYE546OhhwBi":{"chainKey":{"counter":0},"chainType":2,"messageKeys":{}},"BYHB/46IkkKPGv7U+z+mcTyxTCjHZs1SJRetxd4BxlUC":{"chainKey":{"counter":1},"chainType":2,"messageKeys":{"0":"kWtpmWjcVwISDnKJ9v5UB1ic5MhgnYa7pqKGBOLR4y8="}},"BWjbigCt1yTEAmK9EUORvK2o+4GNSN+rE3+UUhNN8QJ/":{"chainKey":{"counter":3},"chainType":2,"messageKeys":{}},"BTVSU9jhfigSjQtBHKcGoVjR0Ud8gKJes+nukYwX6sgO":{"chainKey":{"counter":1},"chainType":2,"messageKeys":{}},"BUSuySRs3hFbaGjnGCzkdbgriLxmmi0TUfSaVW937R56":{"chainKey":{"counter":3},"chainType":2,"messageKeys":{}},"BbUEuQ4t1dg8AVVVJ51jhajfjGZ5AFAzgEDATseQbOpM":{"chainKey":{"counter":2},"chainType":2,"messageKeys":{}},"BXUUhu87QN4G8CbqmlR33Kv27EZbOKVndYgz4UTfy8ZG":{"chainKey":{"counter":3},"chainType":2,"messageKeys":{}},"BX4g3SJzrHbCG45FC668kpW8qkH6Y/4614DsUtgQvhlN":{"chainKey":{"counter":7},"chainType":2,"messageKeys":{}},"BVc16NEJUw4CAXM5D2mAqkcs8f5d6WvbGqCe5ouUUzkj":{"chainKey":{"counter":1},"chainType":2,"messageKeys":{}},"BZwRLMgLEMEBy4YKXLvtThGI+P7HBYUYkr5tBZFuUhAf":{"chainKey":{"counter":1},"chainType":2,"messageKeys":{}},"BUvFpsalceOShJiAJf/4uD/W2OSz1Gg5Lj17cOMDZVtG":{"chainKey":{"counter":3},"chainType":2,"messageKeys":{}},"Bbu/C6X20hP1yiOk+ntiv3aPWyFj9UrteLy6dtadQZBK":{"chainKey":{"counter":1},"chainType":2,"messageKeys":{}},"BR+YtZripQOo1IPvgH9SxnA00j1jPrkn8QMcjmea2tQV":{"chainKey":{"counter":0,"key":"U4M079n0X7TNMdPpGnrtBV1Yr1fRXpJCMj8h8u1isl0="},"chainType":2,"messageKeys":{}},"BRDh2P6Sy5ALwnd9NRVNfZFH2ZOIoYKUf1Z7r+7jZ4In":{"chainKey":{"counter":-1,"key":"AESVEnCG9AMc01am5A/XY+rOnpx4skzp7tqWP6D9n80="},"chainType":1,"messageKeys":{}}}}},"version":"v1"}