{"_sessions":{"BWpVpUUN0cCIm/jUThUM/OU0N50aCBcZMyh5xlr9wtZ3":{"registrationId":2005422716,"currentRatchet":{"ephemeralKeyPair":{"pubKey":"BbMoRhVTmSJG8e464AVQaipUNUT0LIAL/QaDQ3S4esoh","privKey":"IDD8jI/JqvBaUv7HyJHwP4C04xVC4QljxUo2DsCGKnI="},"lastRemoteEphemeralKey":"BW9kbMWbZKh44DHBNhIkAoL5i1my4VO2i4EDIpCOSH8i","previousCounter":0,"rootKey":"rrUOz8zBqiRXW/Rz60yztBQo5vZ4SuiMMVwC2fP/Xcs="},"indexInfo":{"baseKey":"BWpVpUUN0cCIm/jUThUM/OU0N50aCBcZMyh5xlr9wtZ3","baseKeyType":1,"closed":-1,"used":1735852241743,"created":1735852241743,"remoteIdentityKey":"BRBWWUrXriyCR7YuTrmxNG5lUjHjQ6BdzUTdd9MTZcZl"},"_chains":{"BbMoRhVTmSJG8e464AVQaipUNUT0LIAL/QaDQ3S4esoh":{"chainKey":{"counter":0,"key":"CDtiFDTUx7EPNCV+ZRAzZPQLvplj3TK5UDRZTs+fHV0="},"chainType":1,"messageKeys":{}}},"pendingPreKey":{"signedKeyId":1,"baseKey":"BWpVpUUN0cCIm/jUThUM/OU0N50aCBcZMyh5xlr9wtZ3","preKeyId":13741886}}},"version":"v1"}