{"_sessions":{"BWRuJ0ITEcUQR6XZ2QFBJrJnGIRI6RC7eidhNsoTDqs+":{"registrationId":150,"currentRatchet":{"ephemeralKeyPair":{"pubKey":"BSeI76DHteQ5dAvLovtagCASMDd+ACJjFaBmtgmVBsMW","privKey":"eNUoMsOqbjdUt+MvRQXgwHKDrGvdQg6/VWFwpmwtM0Y="},"lastRemoteEphemeralKey":"BfUTLMfZjk3ZL9+RFGlkzwbJarMKsoP045yHJKOIX7Bf","previousCounter":2,"rootKey":"9EJSfRFu4L0OluooB2b6FUvEaDBzwG1PwfrNYLLyjiU="},"indexInfo":{"baseKey":"BWRuJ0ITEcUQR6XZ2QFBJrJnGIRI6RC7eidhNsoTDqs+","baseKeyType":1,"closed":-1,"used":1735857421271,"created":1735856391930,"remoteIdentityKey":"BSWcj+JAibnk7zQCa0cHqPBPRww6flQOXTxApcwtlDZt"},"_chains":{"BfUTLMfZjk3ZL9+RFGlkzwbJarMKsoP045yHJKOIX7Bf":{"chainKey":{"counter":0,"key":"IFw29Me9mX05K2bF/kDlQKm0t0yAWwCQQHBnH84svEQ="},"chainType":2,"messageKeys":{}},"BSeI76DHteQ5dAvLovtagCASMDd+ACJjFaBmtgmVBsMW":{"chainKey":{"counter":1,"key":"IKwyu7YecUFTQlq3c7YoOrNy7poPylBSx3ZBCB8gIQY="},"chainType":1,"messageKeys":{}}}}},"version":"v1"}