{"_sessions":{"BdYbbrEUBgguAFvgoNTQJBBUy0l5Kk3kAk+alXqueIpV":{"registrationId":239,"currentRatchet":{"ephemeralKeyPair":{"pubKey":"Bflmn1sRmdi+c9BHF2imaXvBYHTJkUya3ANw9eEXxTVE","privKey":"IPGb46QUMMpMKNGqn5MFjRLm/O6vkXxhDB2MLvbQb2g="},"lastRemoteEphemeralKey":"BQ2ugOi6w5jrgf1L2pHgmoNQxEC7osYV99uMPP+y3vsu","previousCounter":0,"rootKey":"uZVTOnz2PMaBLOFJUE9yJEtvB8oYy0Rv5eHjAWlLMpA="},"indexInfo":{"baseKey":"BdYbbrEUBgguAFvgoNTQJBBUy0l5Kk3kAk+alXqueIpV","baseKeyType":1,"closed":1735855256721,"used":1735855256688,"created":1735855256688,"remoteIdentityKey":"BVFDKGcyK2dV+CSx8p7AF5nTc1norJfCovy8ruLuuTtR"},"_chains":{"Bflmn1sRmdi+c9BHF2imaXvBYHTJkUya3ANw9eEXxTVE":{"chainKey":{"counter":0,"key":"VARqQcGxG/iYvQmOmon7sEAMMrSeSTJON7fM2qx1ihA="},"chainType":1,"messageKeys":{}}},"pendingPreKey":{"signedKeyId":1,"baseKey":"BdYbbrEUBgguAFvgoNTQJBBUy0l5Kk3kAk+alXqueIpV"}},"BRcQTeNzoBCCybYhsoN7JAcW4U7nC6i5dEqemmBbaaFX":{"registrationId":239,"currentRatchet":{"ephemeralKeyPair":{"pubKey":"BRkZK+mxAoeQOXj+ZtjDcMvJDL/RslY9bFvZG7VAohBa","privKey":"wFFpdLG5LiLTk8SZ7oBEhexmnJbDAtbIAsidTGXeEE0="},"lastRemoteEphemeralKey":"BQ2ugOi6w5jrgf1L2pHgmoNQxEC7osYV99uMPP+y3vsu","previousCounter":0,"rootKey":"1uxg/cg2UbEASpj8DRl9yWMfLrF2yh+wNPH1CP/yNGc="},"indexInfo":{"baseKey":"BRcQTeNzoBCCybYhsoN7JAcW4U7nC6i5dEqemmBbaaFX","baseKeyType":1,"closed":-1,"used":1735855256720,"created":1735855256720,"remoteIdentityKey":"BVFDKGcyK2dV+CSx8p7AF5nTc1norJfCovy8ruLuuTtR"},"_chains":{"BRkZK+mxAoeQOXj+ZtjDcMvJDL/RslY9bFvZG7VAohBa":{"chainKey":{"counter":10,"key":"43oOkrB17ZwjuYlO12ZCzFsXLTn57G1PWCRJTB+h66A="},"chainType":1,"messageKeys":{}}},"pendingPreKey":{"signedKeyId":1,"baseKey":"BRcQTeNzoBCCybYhsoN7JAcW4U7nC6i5dEqemmBbaaFX"}}},"version":"v1"}