{"_sessions":{"Be6D2CHVLYGy9LKIcp1klSeveSDOmlJQvQQWvkxDoZho":{"registrationId":1471359425,"currentRatchet":{"ephemeralKeyPair":{"pubKey":"BZkqx6z/EgIXAA632/AWTM49qnao4106LFO5hesv3UB2","privKey":"uMJd8rrYc5qrb6a57iTqVwVWKnAmQdFB41iDOziE9Xc="},"lastRemoteEphemeralKey":"BXDYzqBGHs4JxoOIzTAGrg19obiZ+IcYz0vIFJK1loFU","previousCounter":0,"rootKey":"rN5bKsmw/E/VRqEMH1mC1eWBCjOQYWoV9uI/KGMoXkI="},"indexInfo":{"baseKey":"Be6D2CHVLYGy9LKIcp1klSeveSDOmlJQvQQWvkxDoZho","baseKeyType":1,"closed":-1,"used":1735857692833,"created":1735857692833,"remoteIdentityKey":"Bd5xcE7lbow5BZgDMcYJiPwj2I8zFWSVig3MDAj/YBgO"},"_chains":{"BZkqx6z/EgIXAA632/AWTM49qnao4106LFO5hesv3UB2":{"chainKey":{"counter":0,"key":"n1SSVvmTm9d7UciCRwzI8dPdWfEKEjQYKDkTrhYMaSk="},"chainType":1,"messageKeys":{}}},"pendingPreKey":{"signedKeyId":22,"baseKey":"Be6D2CHVLYGy9LKIcp1klSeveSDOmlJQvQQWvkxDoZho","preKeyId":5676634}}},"version":"v1"}