{"_sessions":{"Bf1HS7U0EymMd82pi3dmreuEc8gnVjHOitb/CITJ5Tkv":{"registrationId":10501728,"currentRatchet":{"ephemeralKeyPair":{"pubKey":"BR+9AP6EfXlDT3ggtU0AKgt6PsQkyb3E9Wb2NAzlAjIT","privKey":"+F+VVk4TpN7FTC1egJrIw8uySS4LCXU9GADm6ExoP0s="},"lastRemoteEphemeralKey":"BfOQZdkCotwtK2s2o8iOLvov+fxgpTe4DLsgpmu1+WpO","previousCounter":0,"rootKey":"ODfHg7EssMx9QIDLec5TLiWkBC2kUIRfGdNGtwkJZS0="},"indexInfo":{"baseKey":"Bf1HS7U0EymMd82pi3dmreuEc8gnVjHOitb/CITJ5Tkv","baseKeyType":1,"closed":-1,"used":1735852724399,"created":1735852241601,"remoteIdentityKey":"Bel/JpBGiTzIfDvX72OwaEdSs4j+qCDNa+Xva9KNOsQD"},"_chains":{"BfOQZdkCotwtK2s2o8iOLvov+fxgpTe4DLsgpmu1+WpO":{"chainKey":{"counter":0,"key":"B6Vtflljg7lFCX9i4zcoAWq74z8VaPZtXd4sG7/ksao="},"chainType":2,"messageKeys":{}},"BR+9AP6EfXlDT3ggtU0AKgt6PsQkyb3E9Wb2NAzlAjIT":{"chainKey":{"counter":-1,"key":"8Kq2HRaJc522NNhY8VcZzVOBM8yg/uVEQ9cLaP4Hb48="},"chainType":1,"messageKeys":{}}}}},"version":"v1"}