{"_sessions":{"BcS4ly7cOLDkETKfSaRMqIOoIiBqtewiW/Mr805yI61d":{"registrationId":1688878056,"currentRatchet":{"ephemeralKeyPair":{"pubKey":"Bd4GfDiwgq6/ZVrRNuFgiAtUdN0jg77TCGPEMGoPAlBZ","privKey":"ANhj+mNmWHN9j/uEVI8PZCSOXmrnhYJjTwqV5mbLilA="},"lastRemoteEphemeralKey":"BVJOjxOUFmcksZekBVmegbZh6vi7NArCRUaGHU/MGu8p","previousCounter":0,"rootKey":"oehjqAymZok1w5UXzr4la51esvY7DuHNJ7iBmSo2rP0="},"indexInfo":{"baseKey":"BcS4ly7cOLDkETKfSaRMqIOoIiBqtewiW/Mr805yI61d","baseKeyType":2,"closed":-1,"used":1735853818024,"created":1735853818024,"remoteIdentityKey":"BdHFsGTMQs35LE+DLT582kBG06tIm25TVvhOEk9npKN5"},"_chains":{"BVJOjxOUFmcksZekBVmegbZh6vi7NArCRUaGHU/MGu8p":{"chainKey":{"counter":0,"key":"RqM5Anp2GAdhQzNBuwQIaqtG89IJI3/xkh1uQdrSxpM="},"chainType":2,"messageKeys":{}},"Bd4GfDiwgq6/ZVrRNuFgiAtUdN0jg77TCGPEMGoPAlBZ":{"chainKey":{"counter":-1,"key":"gpV9ETPYJcFLXq/YVa86lRMlGawKt0JR6vSyvGnnDj4="},"chainType":1,"messageKeys":{}}}}},"version":"v1"}