{"_sessions":{"BYy2/Dt4HfLu95Su9sM9ievnHED8fMF2JJ7f9/onSmAO":{"registrationId":62970154,"currentRatchet":{"ephemeralKeyPair":{"pubKey":"BZthzJboR8+CBInxhY0HtN+gv64b/tAVt2fIC7SO1HVm","privKey":"GI8xyD6wq/VpOEnwE2v/1YEddMt2gsaQApAK5QLlGWY="},"lastRemoteEphemeralKey":"Bb+PlDO9TSTSodDB4OqCNhx4UQeEDWbFmg7ve2i/vWZI","previousCounter":0,"rootKey":"XGPiicsww6aPX1XKSSkrPU2mPVSzpfh8ccrGVmJwmcs="},"indexInfo":{"baseKey":"BYy2/Dt4HfLu95Su9sM9ievnHED8fMF2JJ7f9/onSmAO","baseKeyType":1,"closed":-1,"used":1735857692868,"created":1735857692868,"remoteIdentityKey":"BaH6+/Dtc7B7/Ah47swf4u52vL2SVG933xOcW76LL7pc"},"_chains":{"BZthzJboR8+CBInxhY0HtN+gv64b/tAVt2fIC7SO1HVm":{"chainKey":{"counter":0,"key":"hlXemoi+sy9VEmZRvndwDOFVV+nrIxIPzQpNlJOKMOc="},"chainType":1,"messageKeys":{}}},"pendingPreKey":{"signedKeyId":2,"baseKey":"BYy2/Dt4HfLu95Su9sM9ievnHED8fMF2JJ7f9/onSmAO","preKeyId":15335889}}},"version":"v1"}