{"_sessions":{"BRkX71ZH2qwmsqj6DQkByid+64Mwb0ljF7Iwrvc9/vR1":{"registrationId":1448141633,"currentRatchet":{"ephemeralKeyPair":{"pubKey":"BSOXVg/Z7OlKCO6/vEwKNE4ehP+6GpTWuyLkdKEDpGF+","privKey":"WKbSQcUJbrODwJnvf1IKYkCiucpV7IeijtFijMQ83XY="},"lastRemoteEphemeralKey":"BXvEgDwFPsIxIkimJ6QAoZ0Pa195S+rinU5rMtd8XPMm","previousCounter":0,"rootKey":"DqCeYWJjQLAV3fiVXl5Nsmuyl7Mgriqa8bIrS0QNbM0="},"indexInfo":{"baseKey":"BRkX71ZH2qwmsqj6DQkByid+64Mwb0ljF7Iwrvc9/vR1","baseKeyType":1,"closed":-1,"used":1735857692853,"created":1735857692853,"remoteIdentityKey":"Bb8s160ZwiqjRmfq/2xH2BUHD5RPS3Y9tsFJLgLjvExr"},"_chains":{"BSOXVg/Z7OlKCO6/vEwKNE4ehP+6GpTWuyLkdKEDpGF+":{"chainKey":{"counter":0,"key":"7qst40i8W4nOmGby2LcxtXPT27rvbhbph2YhA/K5efs="},"chainType":1,"messageKeys":{}}},"pendingPreKey":{"signedKeyId":6,"baseKey":"BRkX71ZH2qwmsqj6DQkByid+64Mwb0ljF7Iwrvc9/vR1","preKeyId":18458}}},"version":"v1"}