{"_sessions":{"BbU4vBdgzZ9Yoax3mqaC2R0OTuxrgdL2sN/5DVQ3Vh05":{"registrationId":1516137357,"currentRatchet":{"ephemeralKeyPair":{"pubKey":"BayPofDivF1PNmMu08zy1ZZ4gxIOshWqtSer87yRuhgG","privKey":"AL+Y00z/7xGNj4cu65z5mxvz4BTntLDZsw9Xcs5oWkQ="},"lastRemoteEphemeralKey":"BYnOJbrhOCBr/VyG545NnbG5qFE/6h4O4ZP18JGrJ0UT","previousCounter":0,"rootKey":"YerSwwEknhuPWBCnhvQnR3gKWRVuChoR8BpuwnJ6FtU="},"indexInfo":{"baseKey":"BbU4vBdgzZ9Yoax3mqaC2R0OTuxrgdL2sN/5DVQ3Vh05","baseKeyType":1,"closed":-1,"used":1735857692898,"created":1735857692898,"remoteIdentityKey":"BaWw8Ng3NzqT7LjnYmyeXzwoGjlTWDBDodtNDwcOQRlx"},"_chains":{"BayPofDivF1PNmMu08zy1ZZ4gxIOshWqtSer87yRuhgG":{"chainKey":{"counter":0,"key":"isUxR6fhKGqVxBd84sScJyvFrPjWB477pqKT7g7vgD8="},"chainType":1,"messageKeys":{}}},"pendingPreKey":{"signedKeyId":2,"baseKey":"BbU4vBdgzZ9Yoax3mqaC2R0OTuxrgdL2sN/5DVQ3Vh05","preKeyId":14148561}}},"version":"v1"}