{"_sessions":{"Bep0eh8ENjUnbq6vGQHZvvDgvR/UoNeuxKNdt9lxm6Qe":{"registrationId":1088519666,"currentRatchet":{"ephemeralKeyPair":{"pubKey":"BQCM4a8w6UZBz2qlw1/RVxuq0UliVCTael7AlsQcvXFC","privKey":"wPNXUKxFvknVbBCTcaqIE1a3hcCqmqKOSwlNvuFPD0k="},"lastRemoteEphemeralKey":"BZyHPux/fy4XyVX48uG0CpJ+YSJIGmcuqu8nHTkX/SNK","previousCounter":0,"rootKey":"DLsXQD6HlEK2nxFbqcBSz4U9NSb3VX3M7QEBAdyPHZk="},"indexInfo":{"baseKey":"Bep0eh8ENjUnbq6vGQHZvvDgvR/UoNeuxKNdt9lxm6Qe","baseKeyType":1,"closed":-1,"used":1735852241686,"created":1735852241686,"remoteIdentityKey":"BavKvgKGXgGNic4Uh9z1neT0n98IL/U/Nuilsyuea34c"},"_chains":{"BQCM4a8w6UZBz2qlw1/RVxuq0UliVCTael7AlsQcvXFC":{"chainKey":{"counter":0,"key":"0JQuHpoMhfkiiJ5VUCdGWemwmX+m/fcF9x6w81rPi28="},"chainType":1,"messageKeys":{}}},"pendingPreKey":{"signedKeyId":15,"baseKey":"Bep0eh8ENjUnbq6vGQHZvvDgvR/UoNeuxKNdt9lxm6Qe","preKeyId":10207334}}},"version":"v1"}