{"_sessions":{"BV1aivHWn4jrHu6Ad1qdebW5Q4lQyusdz5x3ApVvynoa":{"registrationId":1408769244,"currentRatchet":{"ephemeralKeyPair":{"pubKey":"BXAYzR9CHgR2Xe7hBpmg0FYIIahlMSFNYxIhCwam1Dt9","privKey":"WCfp2cMkpP7/pIp025iKv81BWFD0T/IJU6+dSiAwsXc="},"lastRemoteEphemeralKey":"Bbh0kjPzC5Z6k2eYCMF0NlJIVjBpl7tirV7gh20Kbdg9","previousCounter":0,"rootKey":"FY7KDLvZoZDzE1l5dDTkgWyR6lNjV2/rDtSfyNOxKDw="},"indexInfo":{"baseKey":"BV1aivHWn4jrHu6Ad1qdebW5Q4lQyusdz5x3ApVvynoa","baseKeyType":1,"closed":-1,"used":1735852241696,"created":1735852241696,"remoteIdentityKey":"BQu62gLAXk/6YcXW3iGUWTadO+QufrprgNLh+KdsyXQe"},"_chains":{"BXAYzR9CHgR2Xe7hBpmg0FYIIahlMSFNYxIhCwam1Dt9":{"chainKey":{"counter":0,"key":"RwZWAcJsFEQnjrrvppn+WkvhH8ikT1cLk8iK2+aIFW4="},"chainType":1,"messageKeys":{}}},"pendingPreKey":{"signedKeyId":5,"baseKey":"BV1aivHWn4jrHu6Ad1qdebW5Q4lQyusdz5x3ApVvynoa","preKeyId":55308}}},"version":"v1"}