{"_sessions":{"BZ//9BrPtIypb8ojXkECpf0DmNpzGai/OK7+R74MHOgk":{"registrationId":1627224098,"currentRatchet":{"ephemeralKeyPair":{"pubKey":"BZJBSkewLISYF++PYvCX+f7aFAayTukudd4/2b+v6qwc","privKey":"KCDb0hS4rK+1lPn8OrbPSYEl5RXfJ8c/jQZZuUccK20="},"lastRemoteEphemeralKey":"BQQVyii0MWCAWo82urkzRDhms2V2v9ij4VnUpeYT6bQM","previousCounter":0,"rootKey":"O7sXRZLSVG0XLHg5MeOT2Z8SaJcolcluGkmB5SbEs4M="},"indexInfo":{"baseKey":"BZ//9BrPtIypb8ojXkECpf0DmNpzGai/OK7+R74MHOgk","baseKeyType":2,"closed":-1,"used":1735851785638,"created":1735851785638,"remoteIdentityKey":"BfpooTdXGRItFe7GZEoUl/pl/sNgQU26DOjpS0IM/ulL"},"_chains":{"BQQVyii0MWCAWo82urkzRDhms2V2v9ij4VnUpeYT6bQM":{"chainKey":{"counter":4,"key":"vKhBZN1QhljyCT5smQb4mHEkaU8/R5oCu2O4hY1j9rU="},"chainType":2,"messageKeys":{"0":"oB26YSA9GWj4tLQXCoPmQhqLhL3PhzFCTfOU5rzZIOA=","1":"sWdm4Fw0qAH86iFb63KbCWrDQbw04Iect8wl7Ho6kRU=","2":"yHLWpP2kGOK7pBXUm/Vq4yoeZdUP34rQnXUzhljFrmk=","3":"UAJex9+znYyOkSNF0deoWH6+ekBKTLp5+VwlvJFyFdo="}},"BZJBSkewLISYF++PYvCX+f7aFAayTukudd4/2b+v6qwc":{"chainKey":{"counter":0,"key":"TeP9LDBTUDpxZlfnfZEpRrg064E8QKwU8f5onkB8wKA="},"chainType":1,"messageKeys":{}}}}},"version":"v1"}