{"_sessions":{"BTKo6BXXl/edevARqprNOpDC40YG7KJK4gC1dMt2p+hF":{"registrationId":1393777746,"currentRatchet":{"ephemeralKeyPair":{"pubKey":"BTjSU53f8tS90abebAyiWtsTEJHhbQCC4eEoa2ZCH4EL","privKey":"uIntgPjHbpRSId7LxewQxZ5xxY82bNnk9w1s48H6JEY="},"lastRemoteEphemeralKey":"BaYa7UdOpSxiZ/EtBrbz2jOU3RzlLJdXYlwZ9rtSZpYF","previousCounter":0,"rootKey":"rxy0iZLS6ExaPM5ba5d6m+rpkS0upyCl9ds3ccBa1AY="},"indexInfo":{"baseKey":"BTKo6BXXl/edevARqprNOpDC40YG7KJK4gC1dMt2p+hF","baseKeyType":2,"closed":-1,"used":1735857689334,"created":1735857689334,"remoteIdentityKey":"BWIZK698D0GmwpmjTvo2W1bhoWZuiOyQSsM7JjDOHWoo"},"_chains":{"BaYa7UdOpSxiZ/EtBrbz2jOU3RzlLJdXYlwZ9rtSZpYF":{"chainKey":{"counter":0,"key":"KW9dIWuG/ET6znZ4dx5Uyc0Ii22IImVOLHuRjb5nEdw="},"chainType":2,"messageKeys":{}},"BTjSU53f8tS90abebAyiWtsTEJHhbQCC4eEoa2ZCH4EL":{"chainKey":{"counter":0,"key":"smMa5pCa9sGBw0JrXCpxxvF+lZxaSxqO4fDxOIGxCEY="},"chainType":1,"messageKeys":{}}}}},"version":"v1"}