{"_sessions":{"BQT70qyPvc36ra294mIFYK8FQ3I0VvbeTC5tvu+Qx6kh":{"registrationId":80,"currentRatchet":{"ephemeralKeyPair":{"pubKey":"BTFpJhfvmKpd9d3Fgl2pGJf/n1AWXPbhs8wb34lU1BNz","privKey":"0A2zR4kC56CeCX8qyhAVUBrlZaFl6Mbr8b/D9SzEA1g="},"lastRemoteEphemeralKey":"BYISGZaUtrrZl2+oZcXDb38AG6gZZtTy24+mXUuBwtdn","previousCounter":0,"rootKey":"pn5XSNbxerzf7DFZOzbSxT03i0axKenCJkjmxS8RqUo="},"indexInfo":{"baseKey":"BQT70qyPvc36ra294mIFYK8FQ3I0VvbeTC5tvu+Qx6kh","baseKeyType":1,"closed":-1,"used":1735856943116,"created":1735856943116,"remoteIdentityKey":"BfmVWv5SuEmif9pzw+Z1OhKonYNMTIC/GY/ipPeXNXlf"},"_chains":{"BTFpJhfvmKpd9d3Fgl2pGJf/n1AWXPbhs8wb34lU1BNz":{"chainKey":{"counter":2,"key":"OFOPzLeNNPxBDfrBmRcjRW0MozJiwoCvlyGnwT9w7vc="},"chainType":1,"messageKeys":{}}},"pendingPreKey":{"signedKeyId":1,"baseKey":"BQT70qyPvc36ra294mIFYK8FQ3I0VvbeTC5tvu+Qx6kh","preKeyId":25}}},"version":"v1"}