{"_sessions":{"Baiz3J4bNvfW+Aasgtqag01k4k/lW8r5sjyQyeP24EFs":{"registrationId":1723415046,"currentRatchet":{"ephemeralKeyPair":{"pubKey":"BTgiuJRcfWlptuNpidj3guzKhdI1MF6j+autWjh8ODIE","privKey":"sF+76dMMzlT/OzU6nQsq/tGbYZdZEYPnlWF8/p5HSlM="},"lastRemoteEphemeralKey":"BZUFvP7nbiwFrcuxAnV6muck1a8eg5fKp0G25rHabPIm","previousCounter":0,"rootKey":"X9ffhjPJgMrs+xZdEk4cBf1A4aM0Nrsdcue9ZL3I5A4="},"indexInfo":{"baseKey":"Baiz3J4bNvfW+Aasgtqag01k4k/lW8r5sjyQyeP24EFs","baseKeyType":1,"closed":-1,"used":1735852241605,"created":1735852241605,"remoteIdentityKey":"BbX7fQANenQWy6kQdgMesQMI1OaHikYNS2yhkK/gyc1x"},"_chains":{"BTgiuJRcfWlptuNpidj3guzKhdI1MF6j+autWjh8ODIE":{"chainKey":{"counter":0,"key":"28R8y8TKbX3TT4XURryj8SA/8O9VGiHtclzaih1AFNg="},"chainType":1,"messageKeys":{}}},"pendingPreKey":{"signedKeyId":1,"baseKey":"Baiz3J4bNvfW+Aasgtqag01k4k/lW8r5sjyQyeP24EFs"}}},"version":"v1"}