{"_sessions":{"BcGrYQ1kUWffOI1GcAhq/Z+KwD57yqfNE6Y+vW0CbWYE":{"registrationId":1121644361,"currentRatchet":{"ephemeralKeyPair":{"pubKey":"BWwBklqB5mVhOs514Wnz5AupX6uiVmVq6o7PXaMDPYQA","privKey":"YJ1LtRqXUUktl9/1rdKhooUKOLsXUhWIIDeIdnQ2y0E="},"lastRemoteEphemeralKey":"BQR0MKnulrVCKwGnCfuio0Q+VuGAkpdhrYSWIE/QXhAA","previousCounter":0,"rootKey":"jje6qg58HtqQ0EdgSLpv++L+bLLZrdkhDR10TBQhVhA="},"indexInfo":{"baseKey":"BcGrYQ1kUWffOI1GcAhq/Z+KwD57yqfNE6Y+vW0CbWYE","baseKeyType":1,"closed":-1,"used":1735857692863,"created":1735857692863,"remoteIdentityKey":"BW3Fa9HgBz0uu5QN/zgeFaGhLUrpUU54VkdGUXuqTI4c"},"_chains":{"BWwBklqB5mVhOs514Wnz5AupX6uiVmVq6o7PXaMDPYQA":{"chainKey":{"counter":0,"key":"HFzkhVdpcwkoFIaTH4HA7F4abEWXnUScU/pAUp7g/VU="},"chainType":1,"messageKeys":{}}},"pendingPreKey":{"signedKeyId":10,"baseKey":"BcGrYQ1kUWffOI1GcAhq/Z+KwD57yqfNE6Y+vW0CbWYE","preKeyId":6328919}}},"version":"v1"}