{"_sessions":{"BUnXe1jOLJR5y5KY8R/iu2PEN++OMe8r48mddzEWg18a":{"registrationId":721265965,"currentRatchet":{"ephemeralKeyPair":{"pubKey":"BVVRO9h9i70+15fy+jrfKCNpDT5HbnBEMZGdNCnPsgEZ","privKey":"yJf02ZkVTKsqb3oaLloYb3pxVP1exkJRQLo2aGgyx2g="},"lastRemoteEphemeralKey":"BaajgIQGTbNCvWj2tRau0JbO3kxm0wAhe5F6CZR8FSJH","previousCounter":0,"rootKey":"O5G95HzT+i2mtyABdoXgwBWOBgClzqwg3CM+9V5JcCw="},"indexInfo":{"baseKey":"BUnXe1jOLJR5y5KY8R/iu2PEN++OMe8r48mddzEWg18a","baseKeyType":1,"closed":-1,"used":1735857692976,"created":1735857692976,"remoteIdentityKey":"BSfkUYWYZhh/3MrCwvIOp1+vjdJrulRaXyuiZxTi3s9R"},"_chains":{"BVVRO9h9i70+15fy+jrfKCNpDT5HbnBEMZGdNCnPsgEZ":{"chainKey":{"counter":0,"key":"FnF9QNzx6F6bSx996d0mbFMpGBWjkVDPCdIi6gi36mE="},"chainType":1,"messageKeys":{}}},"pendingPreKey":{"signedKeyId":1,"baseKey":"BUnXe1jOLJR5y5KY8R/iu2PEN++OMe8r48mddzEWg18a","preKeyId":11835845}}},"version":"v1"}