{"_sessions":{"BQ04RQjzklpop819y92BfaHsSu6VrGA76HI+vhxPceNE":{"registrationId":152,"currentRatchet":{"ephemeralKeyPair":{"pubKey":"BWRojzQlAkt8I3OHZ9YcR6beJgUi5ponS2QO8lsQ93Rk","privKey":"ILDUZN8Vo5g4McPjMy7JnZfrZewGd4wuFiix1T+kQEM="},"lastRemoteEphemeralKey":"BXtbErn5dnKakJGJlZFst7NyaVr0tAUP1dFOq3OAjG41","previousCounter":0,"rootKey":"7g5bN/8lrLcf71xNWuin0/Yd/M7f0RNiG7x6r+iMQ7U="},"indexInfo":{"baseKey":"BQ04RQjzklpop819y92BfaHsSu6VrGA76HI+vhxPceNE","baseKeyType":1,"closed":-1,"used":1735858076252,"created":1735858076252,"remoteIdentityKey":"BdUUKG2ZCrItZDwalU/XxjYZjirv/RordumkKTcwFh8l"},"_chains":{"BWRojzQlAkt8I3OHZ9YcR6beJgUi5ponS2QO8lsQ93Rk":{"chainKey":{"counter":19,"key":"e8TWlDISSP6zoyIrz9lb7vER8i73nRj86XWDjysqKQk="},"chainType":1,"messageKeys":{}}},"pendingPreKey":{"signedKeyId":1,"baseKey":"BQ04RQjzklpop819y92BfaHsSu6VrGA76HI+vhxPceNE"}}},"version":"v1"}