{"_sessions":{"BeiDuEVdhuTBhe9+Qp6HgMZT4l/KpZroR+dyheBspR49":{"registrationId":1050670974,"currentRatchet":{"ephemeralKeyPair":{"pubKey":"BWUoKIQ/u0pDOw7ia89jepW67DIf7r2gITgiQN4RHcN6","privKey":"YIZiBUxap+KqNLBiXUu27sKyBki6h/u/RJ9JyfcDaUI="},"lastRemoteEphemeralKey":"BVQ3R2rPaFFC+BXp4fAxJMPhJ9LgJHdYruB0odW7IgNj","previousCounter":0,"rootKey":"E34OL2Q4idX2Zpc7MYkFwqTqgZ2PB+ktFcjw+/KSjCM="},"indexInfo":{"baseKey":"BeiDuEVdhuTBhe9+Qp6HgMZT4l/KpZroR+dyheBspR49","baseKeyType":1,"closed":-1,"used":1735852241646,"created":1735852241646,"remoteIdentityKey":"Bc/KNzgWG43/IkP7PvKIx/FHlie57TxNoT9534iz9zdi"},"_chains":{"BWUoKIQ/u0pDOw7ia89jepW67DIf7r2gITgiQN4RHcN6":{"chainKey":{"counter":0,"key":"nMI8vWiME31Xtkpq5pf0h3yd2FLWUr21x/LgekxWvnY="},"chainType":1,"messageKeys":{}}},"pendingPreKey":{"signedKeyId":4,"baseKey":"BeiDuEVdhuTBhe9+Qp6HgMZT4l/KpZroR+dyheBspR49","preKeyId":836837}}},"version":"v1"}