{"_sessions":{"BVWoJsQA/CEGZHyDI9FGnc/eHGvhnLt/JrBYoz7XepIe":{"registrationId":235377264,"currentRatchet":{"ephemeralKeyPair":{"pubKey":"BcHzF+CWPTp7tEhvUzO0cvhHZV5NrX+C651gS8eYXB9U","privKey":"wA+K0aflzgyqewjIFZuzaJ51YtDbCbVGyVjeRAo850I="},"lastRemoteEphemeralKey":"BU84wrhmCvooH7y3c4tbsawxBpIpDdtwPUuyb0oa6+B3","previousCounter":0,"rootKey":"tSf7K2GV4fYYj6KjPVQXyiaGTFPv+H62OfU1sd+9Uvk="},"indexInfo":{"baseKey":"BVWoJsQA/CEGZHyDI9FGnc/eHGvhnLt/JrBYoz7XepIe","baseKeyType":1,"closed":-1,"used":1735852241566,"created":1735852241566,"remoteIdentityKey":"BXCGSnbxhd7hzZdD4DvYqTvwQdE+luzZHR6LeM9LoIBi"},"_chains":{"BcHzF+CWPTp7tEhvUzO0cvhHZV5NrX+C651gS8eYXB9U":{"chainKey":{"counter":0,"key":"zB2wZ0Gi3SJLHOoK/IBNryvbFKxVgXpnP7pJoJab3k0="},"chainType":1,"messageKeys":{}}},"pendingPreKey":{"signedKeyId":8,"baseKey":"BVWoJsQA/CEGZHyDI9FGnc/eHGvhnLt/JrBYoz7XepIe","preKeyId":15823941}}},"version":"v1"}