{"_sessions":{"BZwN0aU57LCwarCSPKZ1xNVlN3A49iS7dzq+3Ngh0QVQ":{"registrationId":488842178,"currentRatchet":{"ephemeralKeyPair":{"pubKey":"Bewqq/XoNgaxbnNuoRQLTYxwJHI7ZPi4jw57Qbvl5A0H","privKey":"sO5Et5ZWJ8OCgMedrztOkHkq4tYvEK8SQ/uw5rDj9kc="},"lastRemoteEphemeralKey":"Bd3fDHd2DcLQ1Dwla9rbF5vAjlWzWEflZVVS+Paw+bUR","previousCounter":0,"rootKey":"xX/Kx5MwnfPLaHPAwDHDzNDOFvktSSYn2ND3i95qfyg="},"indexInfo":{"baseKey":"BZwN0aU57LCwarCSPKZ1xNVlN3A49iS7dzq+3Ngh0QVQ","baseKeyType":1,"closed":-1,"used":1735852241631,"created":1735852241631,"remoteIdentityKey":"BQ1xoDOoK1QkyYcFbDECyuYH2zwuBXwUpgzx91KdRQo2"},"_chains":{"Bewqq/XoNgaxbnNuoRQLTYxwJHI7ZPi4jw57Qbvl5A0H":{"chainKey":{"counter":0,"key":"/ZyNQHxGx8cd7zJTEGV7tYC6ax1OCY0eV3jGjtXo+mQ="},"chainType":1,"messageKeys":{}}},"pendingPreKey":{"signedKeyId":12,"baseKey":"BZwN0aU57LCwarCSPKZ1xNVlN3A49iS7dzq+3Ngh0QVQ","preKeyId":597693}}},"version":"v1"}