{"_sessions":{"BZ/eGMNcw4+I5apbLfF2v7TeFP4uFQCm56urQTzdAlQm":{"registrationId":1154780356,"currentRatchet":{"ephemeralKeyPair":{"pubKey":"BQPslSzi+jyU7y0nIQT8rUk8Gl/n1cR1F3UUDy4KUqRk","privKey":"qD48p/muVRhfC+td1zKXzNcrBqycA58n2gu+LbGu+U4="},"lastRemoteEphemeralKey":"Bakqn/ikQKDjys39ZkEXqk7zF6gMYYXzCbV8mWAzXCRQ","previousCounter":0,"rootKey":"cGPBUFBsx2rqunTDlkBcTWlqKcsPkP1MhvW0f+cGFvA="},"indexInfo":{"baseKey":"BZ/eGMNcw4+I5apbLfF2v7TeFP4uFQCm56urQTzdAlQm","baseKeyType":2,"closed":-1,"used":1735853397216,"created":1735853397216,"remoteIdentityKey":"BRGDQhB2pX0sSeC0A51ZpuSkaiobfTktx+PiuDRs2zUk"},"_chains":{"Bakqn/ikQKDjys39ZkEXqk7zF6gMYYXzCbV8mWAzXCRQ":{"chainKey":{"counter":1,"key":"SBcQIJxUNP8YCRGDjY7I5D2Y1d0wkIrYyp5rt2fo4vI="},"chainType":2,"messageKeys":{"0":"gZisJCVm52H3jRssqE3m0wOoXNh9vbvz/HJoYaBLISg="}},"BQPslSzi+jyU7y0nIQT8rUk8Gl/n1cR1F3UUDy4KUqRk":{"chainKey":{"counter":-1,"key":"95kOdM13czzpsK2udbF8yhjAYmbrBtPqoYFa3EYs0ew="},"chainType":1,"messageKeys":{}}}}},"version":"v1"}