{"_sessions":{"BXMkDN3N57bZuUZceLpnEiVd5vxbgYcvZjgdHUgaRq9E":{"registrationId":166,"currentRatchet":{"ephemeralKeyPair":{"pubKey":"Bd4rdU+qpUm+XffG94EgVZmpubd3t0ElclO78anLd1YY","privKey":"yGXPIoy8JOC4yhDUiQCkuguYPBoy9Vurvol8DDTdSVc="},"lastRemoteEphemeralKey":"BQvV8GeSz87FmZEAcoRfCU+h2axB7JgzlpIuIt45/V5E","previousCounter":3,"rootKey":"MjPZOId78zEutsHH83MsvTVlGq5oVCYod6N9Vkcyi4w="},"indexInfo":{"baseKey":"BXMkDN3N57bZuUZceLpnEiVd5vxbgYcvZjgdHUgaRq9E","baseKeyType":1,"closed":-1,"used":1735858360996,"created":1735854656364,"remoteIdentityKey":"Bd/FMZxun5rlDHNaKhAtyulPcy+UKk0d/JnbKwVQhxt3"},"_chains":{"Bf06wWYbWYwpuFT+V4abvzSlruXIFMJV/Zoxni1616YW":{"chainKey":{"counter":1},"chainType":2,"messageKeys":{}},"Be/k/gzCxW8Qx1AWXJA024QYUx3cZBB1TGUpVDilGwIl":{"chainKey":{"counter":0},"chainType":2,"messageKeys":{}},"BcM8OBa3if1HZoQYEhI3F+YFBeVUM4IWwTG4UldAR9oB":{"chainKey":{"counter":1},"chainType":2,"messageKeys":{}},"Bd/OvgPw8ByMj04kDPb6xRjr1G6MT1OZRQENxLVVOe9E":{"chainKey":{"counter":0},"chainType":2,"messageKeys":{}},"BQvV8GeSz87FmZEAcoRfCU+h2axB7JgzlpIuIt45/V5E":{"chainKey":{"counter":0,"key":"BDpPubRG95EK0nJ/M/noP2Vodp482Aid5+NIX+nrIHw="},"chainType":2,"messageKeys":{}},"Bd4rdU+qpUm+XffG94EgVZmpubd3t0ElclO78anLd1YY":{"chainKey":{"counter":-1,"key":"M0ug5IO74zRVbpAFYc0TY7UWCHlRUzsDU1PjtrRRbAM="},"chainType":1,"messageKeys":{}}}}},"version":"v1"}