{"_sessions":{"BdDWn1Mu8mYbGrlsqHhAlc7MEc2+nWOlhCM3sXKycWAZ":{"registrationId":1507337692,"currentRatchet":{"ephemeralKeyPair":{"pubKey":"BSlxwmvVKiA3ViaUJ1+8RpgtSIEbOTLvA7wSMb2FT68Q","privKey":"CFstPscXuyF5oDbXECHzJUCkREmxOGjliHhBBWNDL0k="},"lastRemoteEphemeralKey":"BZWrK2zDmRBppA4yXOrdOOr6K5Fpr/LfwDJmwa58FcpR","previousCounter":0,"rootKey":"x0JleM6YKzuksvExtkbGX1JnMQBnWpv1fERRVN/glc8="},"indexInfo":{"baseKey":"BdDWn1Mu8mYbGrlsqHhAlc7MEc2+nWOlhCM3sXKycWAZ","baseKeyType":1,"closed":-1,"used":1735857692887,"created":1735857692887,"remoteIdentityKey":"BZ6uQ4p71gSAi9J4v+XkqImZjXF6eV17Tjayf0ZiaVlt"},"_chains":{"BSlxwmvVKiA3ViaUJ1+8RpgtSIEbOTLvA7wSMb2FT68Q":{"chainKey":{"counter":0,"key":"4YEUTRKOs4UKNKQCLkzx6qm1faO1cm5ITfb2g/EgQak="},"chainType":1,"messageKeys":{}}},"pendingPreKey":{"signedKeyId":7,"baseKey":"BdDWn1Mu8mYbGrlsqHhAlc7MEc2+nWOlhCM3sXKycWAZ","preKeyId":12710606}}},"version":"v1"}