{"_sessions":{"BRBhltiFUSyyqYqRYqdDjSQaK6Arv5nKUaSTKr8M2Bgb":{"registrationId":663677892,"currentRatchet":{"ephemeralKeyPair":{"pubKey":"BZOkeVirYCc+x27w0dKUhNbskLqGf2iKnF0XZcI6JEN0","privKey":"oIiG1ORoWMj3YPMKoPZZEy+sDniYo6DXJ2VypAJLJ1s="},"lastRemoteEphemeralKey":"BecNNJfzfDf1gNNpi1WWljUxrqaXtuuaPio05udV4TBX","previousCounter":0,"rootKey":"Qob74/ABzX6FDodNop2gtEHBkzZEo1zguf8IImjaDA0="},"indexInfo":{"baseKey":"BRBhltiFUSyyqYqRYqdDjSQaK6Arv5nKUaSTKr8M2Bgb","baseKeyType":1,"closed":-1,"used":1735857692816,"created":1735857692816,"remoteIdentityKey":"BU6ws13zzIY/pJYns/6C5aUjfQTW1l0exqIKfUVXJLVZ"},"_chains":{"BZOkeVirYCc+x27w0dKUhNbskLqGf2iKnF0XZcI6JEN0":{"chainKey":{"counter":0,"key":"JckJTlLU5YJt58J9Ujr23SJJ6F8aXl8sPiK713kiFu8="},"chainType":1,"messageKeys":{}}},"pendingPreKey":{"signedKeyId":3,"baseKey":"BRBhltiFUSyyqYqRYqdDjSQaK6Arv5nKUaSTKr8M2Bgb","preKeyId":12108996}}},"version":"v1"}