{"_sessions":{"BY5beL7n9XbLUwLpV9FKizXzHFGtPGv3d2t4026vINt2":{"registrationId":224541033,"currentRatchet":{"ephemeralKeyPair":{"pubKey":"BZ//EbbINsyq+q4u15ZXALG3kUJ6/37wIaZc5oA9MqAv","privKey":"UDNb/m9aL2ao2yNc8/UF1OWKxr1LYiavmRVCWTdIVXY="},"lastRemoteEphemeralKey":"Bb/dSniBhTd0R8xML2z7aNNz9SvYK/CNwaU9HeGMayl1","previousCounter":0,"rootKey":"Ol3C9tKEaI1xMrCOTV2deCdGEbajkhAKK2SZB/cETlg="},"indexInfo":{"baseKey":"BY5beL7n9XbLUwLpV9FKizXzHFGtPGv3d2t4026vINt2","baseKeyType":1,"closed":-1,"used":1735852241657,"created":1735852241657,"remoteIdentityKey":"BWQA+2t/ffHQKRSsviRntkWmy/EUY5+Bz/BNmQK+o1QO"},"_chains":{"BZ//EbbINsyq+q4u15ZXALG3kUJ6/37wIaZc5oA9MqAv":{"chainKey":{"counter":0,"key":"LPp19VlGb8Kn7EXnjxOBG/9JuTiLK8Ei4sjJ/9nD0vI="},"chainType":1,"messageKeys":{}}},"pendingPreKey":{"signedKeyId":10246663,"baseKey":"BY5beL7n9XbLUwLpV9FKizXzHFGtPGv3d2t4026vINt2","preKeyId":284}}},"version":"v1"}