{"_sessions":{"BS8mx6PDwrTk+/g+RIT7PiHFOjH3bBWhRDllV6SjDDQ6":{"registrationId":622866214,"currentRatchet":{"ephemeralKeyPair":{"pubKey":"BRaRvmvFB49BaDSEfv1z9zvl9bRz5TWAmLIMMMBpcMIK","privKey":"4PJBWtuIOAzGmpE3WXJN622iaHWhWQHjdJpOfxUdiW4="},"lastRemoteEphemeralKey":"BTMJXG3Sj1wCMHmUE/NipNdIv1g2HSlkBG08cE0LWYYF","previousCounter":0,"rootKey":"OAR8HeDDfX3gJqoeifPwRR/cx1m2bdMPTeudCW0XFdk="},"indexInfo":{"baseKey":"BS8mx6PDwrTk+/g+RIT7PiHFOjH3bBWhRDllV6SjDDQ6","baseKeyType":2,"closed":-1,"used":1735853319559,"created":1735853319559,"remoteIdentityKey":"BcbMsPeRarFb//kKAmATvhMpEkftDFWDxk0agXTXuTFN"},"_chains":{"BTMJXG3Sj1wCMHmUE/NipNdIv1g2HSlkBG08cE0LWYYF":{"chainKey":{"counter":8,"key":"P8Np6U5RewdlGyoVYcj4vfewY7IW1YbuT+jn1HeMQCk="},"chainType":2,"messageKeys":{"0":"92NMroP7R/+pvd6xQ7kJ3v0f7yHnK/Qah6zJSAniMGE=","1":"sY363+luPECsbRNX31qHqxBwu+J+U+64DsyYPNilooI=","2":"YjSnz3B1l/ifBnllAKX5mHvgBFX72z6emu/qBRVIU0Y=","3":"imG0kt/JYK/i1GWanAlG3nKPprtV60bxP+76JV5S70k=","4":"h7CIQ/rCB1MK65m+hq+HOmEkXs8krlVRbYoUaZLAAgo="}},"BRaRvmvFB49BaDSEfv1z9zvl9bRz5TWAmLIMMMBpcMIK":{"chainKey":{"counter":-1,"key":"nPSqubJLzpC1R3pskJIMMbuwPYU3nNMdOtplOKGfHB0="},"chainType":1,"messageKeys":{}}}}},"version":"v1"}