{"_sessions":{"Bc8iP8Viz7Xqj8QJEmv0bGw6Hmy5AG1or5FT4EMwlAID":{"registrationId":135354399,"currentRatchet":{"ephemeralKeyPair":{"pubKey":"BbdXVnqysrDmTjKmzy/AouGAmuGXcjOidkDFoOkki59U","privKey":"UFn6EhCka5qgcbo+KSFNrvjixW9RwLJ+M4zchFzNxH4="},"lastRemoteEphemeralKey":"BTQ46XawDqmBI31DHKkSVfAGekdL77kLBzd8laZpgc9P","previousCounter":0,"rootKey":"hBte/toD1prxidW/Y75s4hZUbkku4PsEAm+O9JaQJWs="},"indexInfo":{"baseKey":"Bc8iP8Viz7Xqj8QJEmv0bGw6Hmy5AG1or5FT4EMwlAID","baseKeyType":1,"closed":-1,"used":1735857692858,"created":1735857692858,"remoteIdentityKey":"BVWwR5v3hufvOywCRB2mTD4Bjkotzt8rOCzZAmFWwotu"},"_chains":{"BbdXVnqysrDmTjKmzy/AouGAmuGXcjOidkDFoOkki59U":{"chainKey":{"counter":0,"key":"5nFfzcpr202naebGuUy59XtqrMyWe6UXQRciM5mMWec="},"chainType":1,"messageKeys":{}}},"pendingPreKey":{"signedKeyId":3,"baseKey":"Bc8iP8Viz7Xqj8QJEmv0bGw6Hmy5AG1or5FT4EMwlAID","preKeyId":12196013}}},"version":"v1"}