{"_sessions":{"BclJCZEs8wun6ppdKBw0K6ZtvE2eE2QUKgY3/9NjndBJ":{"registrationId":1826980450,"currentRatchet":{"ephemeralKeyPair":{"pubKey":"BTQmDALNafV4xeOhWm0jtYnExb4CVdE1jXcYIvY1l6pW","privKey":"iPUp7fQ1AMyf0JMwB5EsTL4D+PhmuIalJDgucpnrqFw="},"lastRemoteEphemeralKey":"BQYWbJxtmQE78sKzalJcbg5r4JLuouTkkMOMALn7rPdC","previousCounter":0,"rootKey":"bjXq2lH8ildBd67FuyJpvWZhh+a1G1mhuP0nc6/tlRQ="},"indexInfo":{"baseKey":"BclJCZEs8wun6ppdKBw0K6ZtvE2eE2QUKgY3/9NjndBJ","baseKeyType":2,"closed":-1,"used":1735852559983,"created":1735852559983,"remoteIdentityKey":"BQpVI3qXzClICbCXqOdyn02ta8q2cfLtjsKPBX8wzec7"},"_chains":{"BQYWbJxtmQE78sKzalJcbg5r4JLuouTkkMOMALn7rPdC":{"chainKey":{"counter":2,"key":"7PtcLlGvrpBtPkfSTapcNIo/dpOHAQelOqEw6rOiUvc="},"chainType":2,"messageKeys":{"0":"899ge5qWC0bKWdA3eySlnoqFfebhzx5MJWnRoQBfybw=","1":"DUDlOPbRdJDm8wPrlidBAOJk/XZcJdQyWKiRYPXIpl0="}},"BTQmDALNafV4xeOhWm0jtYnExb4CVdE1jXcYIvY1l6pW":{"chainKey":{"counter":-1,"key":"6GRX3OxhJY0+8pAVDBcUyqBpyry4X1a2h22Tt60P3Xo="},"chainType":1,"messageKeys":{}}}}},"version":"v1"}