{"_sessions":{"BYXfAaBTmEKFZSeLRFZURqwfd9PQflWDQ90/ncFDdhw3":{"registrationId":1987746225,"currentRatchet":{"ephemeralKeyPair":{"pubKey":"BVVHlVADqxLV0Maccsxi41pOr8rCfovkRb0m8FGKmR9P","privKey":"2F7GG3dkCmgMrFqkgtAxJmHNgk0UTmSoaYRhkDTb6m8="},"lastRemoteEphemeralKey":"BchVVplek/RiE+bC0yLjzpKzj0aNDG/IbsY2EhBvtrR1","previousCounter":0,"rootKey":"aWYe9gjOePTMHueQtlgMfYmiB1P4VAwQ6RXqDi/B/YM="},"indexInfo":{"baseKey":"BYXfAaBTmEKFZSeLRFZURqwfd9PQflWDQ90/ncFDdhw3","baseKeyType":1,"closed":-1,"used":1735857693071,"created":1735857693071,"remoteIdentityKey":"BUztE2pszshbAHVlIJ66hA2dnMlEh1nIp0lgmLY/OcxY"},"_chains":{"BVVHlVADqxLV0Maccsxi41pOr8rCfovkRb0m8FGKmR9P":{"chainKey":{"counter":0,"key":"J+fTlWoYJeI9qQ4roJxqXyG2JJAuV+beu2dEcGJsX68="},"chainType":1,"messageKeys":{}}},"pendingPreKey":{"signedKeyId":4,"baseKey":"BYXfAaBTmEKFZSeLRFZURqwfd9PQflWDQ90/ncFDdhw3","preKeyId":2559742}}},"version":"v1"}