{"_sessions":{"BQXdOvCz/gxCYKB3pC6PY+dZ7wxTAzBtuuiEdQsIWgZl":{"registrationId":51462744,"currentRatchet":{"ephemeralKeyPair":{"pubKey":"BXtpgSlg3oBg/KtsC7QdZDjsSd3bLJdU9x8ph7fQY7gR","privKey":"ELK3OM5nG7W49I95DO5HBCUwLbAbnwCeIMeZ87XwlWU="},"lastRemoteEphemeralKey":"BVbSNPKy8Qi8YHHGDhhJUwOLvd6u/4gtMg8dbpuX6oYl","previousCounter":0,"rootKey":"iz9KI7kSxgkNBvaM2MLeIDTa2PgRCCMpB6tWZgtKd4I="},"indexInfo":{"baseKey":"BQXdOvCz/gxCYKB3pC6PY+dZ7wxTAzBtuuiEdQsIWgZl","baseKeyType":1,"closed":-1,"used":1735857693066,"created":1735857693066,"remoteIdentityKey":"BdybfsL7b54l0Go6rGWcG5HlQ4oTuhbcNIzu58bTfylZ"},"_chains":{"BXtpgSlg3oBg/KtsC7QdZDjsSd3bLJdU9x8ph7fQY7gR":{"chainKey":{"counter":0,"key":"X+hpYfOWeQ5oErWVcNEThhISFT1IbJ5YAWmMW5MkSQ8="},"chainType":1,"messageKeys":{}}},"pendingPreKey":{"signedKeyId":2,"baseKey":"BQXdOvCz/gxCYKB3pC6PY+dZ7wxTAzBtuuiEdQsIWgZl","preKeyId":15459387}}},"version":"v1"}