{"_sessions":{"BZIIgRJg6Lyf1FMCcFgPFPndvYz1VEzdsuxo/EKmQ7oS":{"registrationId":2049968995,"currentRatchet":{"ephemeralKeyPair":{"pubKey":"BeLqAz8XXLocbnkysWyWU5gAng+a0IuOZhotO2PbVwlR","privKey":"iECs+hX6cSLnTw4tNwlX7r+X7z//FwY5MEpeG/Kjc2I="},"lastRemoteEphemeralKey":"BYrXO3F2d/vq80+Ll8H+khyh66JdxMDIbdNSZE0rJDFk","previousCounter":0,"rootKey":"CkxkLhm17Bo7g3Jyu++Jha4EOu97AI0s0t5NngFdVQQ="},"indexInfo":{"baseKey":"BZIIgRJg6Lyf1FMCcFgPFPndvYz1VEzdsuxo/EKmQ7oS","baseKeyType":1,"closed":-1,"used":1735852241819,"created":1735852241819,"remoteIdentityKey":"BXOt9QBjs9Lhm5mR9hWpQ2G6SnZPtvMdgyN79XUFxeAC"},"_chains":{"BeLqAz8XXLocbnkysWyWU5gAng+a0IuOZhotO2PbVwlR":{"chainKey":{"counter":0,"key":"0CjozuLD7VjE3vxU5EZnLg2DV7PYk+f+PHMC3o+IXZc="},"chainType":1,"messageKeys":{}}},"pendingPreKey":{"signedKeyId":8,"baseKey":"BZIIgRJg6Lyf1FMCcFgPFPndvYz1VEzdsuxo/EKmQ7oS","preKeyId":2770494}}},"version":"v1"}