{"_sessions":{"BaC/i9X/CHXG1xZwFURboSWT/dcxeoAuiDH25hcAY6Ad":{"registrationId":1713664890,"currentRatchet":{"ephemeralKeyPair":{"pubKey":"BUwrsXkGIL6Q5RNaOhgDMMAYj/9Dmq3+UGtiSoTTOIlG","privKey":"8P9bqm7QBGkw+0m+lLBs6AwOw3jk/j2kF6BJtiEE4ls="},"lastRemoteEphemeralKey":"BQNII9r9GU25dF43rhESWmMOzCcjzwwV4IkeGb5v12YK","previousCounter":0,"rootKey":"Sf/nSb614tV/nvLdmozpdrdz85Qy3QhUT8HuU0gmZLk="},"indexInfo":{"baseKey":"BaC/i9X/CHXG1xZwFURboSWT/dcxeoAuiDH25hcAY6Ad","baseKeyType":1,"closed":-1,"used":1735857692952,"created":1735857692952,"remoteIdentityKey":"BY13dgRyGPmiumqtJwsATctHUriu3O/jL++WZnAenQMn"},"_chains":{"BUwrsXkGIL6Q5RNaOhgDMMAYj/9Dmq3+UGtiSoTTOIlG":{"chainKey":{"counter":0,"key":"zKWQmOAFgrtP6hnQ6SpsDgfRnv5ZQBWXUuYS6STklpc="},"chainType":1,"messageKeys":{}}},"pendingPreKey":{"signedKeyId":4,"baseKey":"BaC/i9X/CHXG1xZwFURboSWT/dcxeoAuiDH25hcAY6Ad","preKeyId":13057708}}},"version":"v1"}