{"_sessions":{"BbYTu0kg7ja0QFoUUsFmyumPQzVGMp28sr7RUXb5oX1D":{"registrationId":188,"currentRatchet":{"ephemeralKeyPair":{"pubKey":"BaErNRCrDgd7XfKlCmFMwxYScaVPdusMncwkQCMdow9V","privKey":"SBVS9mGp8voD01L6N9BdWSrJlb6CXM5BrtgjBLf5oVQ="},"lastRemoteEphemeralKey":"BUU9IqLOmilc1uD3g8ReZKpxYsw11OlWI9/kbgwRoX4u","previousCounter":0,"rootKey":"qUuAWSGlCG78s3NzrZL3zSlqWY3ABAy7Avs/K8az/bk="},"indexInfo":{"baseKey":"BbYTu0kg7ja0QFoUUsFmyumPQzVGMp28sr7RUXb5oX1D","baseKeyType":1,"closed":-1,"used":1735852744969,"created":1735852744969,"remoteIdentityKey":"BYWOdTjCIeGzLInEHQGH34fA0KvmyewEXHgQB3oysjBd"},"_chains":{"BaErNRCrDgd7XfKlCmFMwxYScaVPdusMncwkQCMdow9V":{"chainKey":{"counter":6,"key":"e55/CfztrueSlMtc38SffzB4S5XHk9/a50Ab2qr8QUY="},"chainType":1,"messageKeys":{}}},"pendingPreKey":{"signedKeyId":1,"baseKey":"BbYTu0kg7ja0QFoUUsFmyumPQzVGMp28sr7RUXb5oX1D"}}},"version":"v1"}