{"_sessions":{"Bb+olQ/aE8uHV0EHd/WfB3ens/XV+RMpfyvlz3k+oD07":{"registrationId":1508351796,"currentRatchet":{"ephemeralKeyPair":{"pubKey":"BUlEzd2TmJahYPESKDb8K6vAmX76E4CX+bXHctdjpYJL","privKey":"WIEORugcgPttBFPeev7xMWPh7xuFSgdGlYpZyj9Zcms="},"lastRemoteEphemeralKey":"BfVi0E0c1yciwTDA5E7yQhxMkrMotzm68IHytOp6s7VN","previousCounter":0,"rootKey":"M9lHN6W3Frvfrm+Jl8fOgmpc63SxpcN5Nq4Wb/vkBZM="},"indexInfo":{"baseKey":"Bb+olQ/aE8uHV0EHd/WfB3ens/XV+RMpfyvlz3k+oD07","baseKeyType":1,"closed":-1,"used":1735852241652,"created":1735852241652,"remoteIdentityKey":"BQww6h9TnYQLXNRmGPEdbq6aGpz6fKMqxm0hBo51e3Fx"},"_chains":{"BUlEzd2TmJahYPESKDb8K6vAmX76E4CX+bXHctdjpYJL":{"chainKey":{"counter":0,"key":"1LiCsTilsTaLYHRKg6OSJcbQKnc3yHvdpygHqc/p54A="},"chainType":1,"messageKeys":{}}},"pendingPreKey":{"signedKeyId":5,"baseKey":"Bb+olQ/aE8uHV0EHd/WfB3ens/XV+RMpfyvlz3k+oD07","preKeyId":14513107}}},"version":"v1"}