{"_sessions":{"Bcf2XjujJevQMFhQqOh8yhFiK4xJioccQ3CQGVcRFrwY":{"registrationId":1168538590,"currentRatchet":{"ephemeralKeyPair":{"pubKey":"BabJsfw/H2YIBLOrg833+8Jiq0WFpK9AhfTGHNlXqAgF","privKey":"ADG0DsotbX6Nv7JGqj2XBpDhkIUjTzylPBIrqlQg5mk="},"lastRemoteEphemeralKey":"BWUvHjoqQKijDvDkKyhrDE1/dWWitjh7CwoozRWUZiM4","previousCounter":4,"rootKey":"8uvEoGFqL51Ruy7wDHcwCRkm5qLTAPemVXdejMRhW/Y="},"indexInfo":{"baseKey":"Bcf2XjujJevQMFhQqOh8yhFiK4xJioccQ3CQGVcRFrwY","baseKeyType":1,"closed":-1,"used":1735858873023,"created":1735858091521,"remoteIdentityKey":"BXyw5Hz4BYCUyvq59JvQripLXdJS6KzIftTfzWeij/sh"},"_chains":{"BaXZRv4Unvihw8706TZ8J3CUp70dI8pjhk/NPD7fLack":{"chainKey":{"counter":0},"chainType":2,"messageKeys":{}},"BV+a3IsbVezqZXki0DlUVKJOfzjWdSIb9F1fekf6qT5A":{"chainKey":{"counter":0},"chainType":2,"messageKeys":{}},"BQ3uPejtqwNTYae16gjzlPn6aI2VuMo0hegTvOwoaH02":{"chainKey":{"counter":1},"chainType":2,"messageKeys":{}},"BZtGEz72TTgwjGVHBaT6Fv8FOsHL3UrL5PhqVxYZjpYo":{"chainKey":{"counter":0},"chainType":2,"messageKeys":{}},"BZ2LzFcOE0Cw/SbVX/kxFqiEfN1uym5erk2eEK1MPDdb":{"chainKey":{"counter":0},"chainType":2,"messageKeys":{}},"BVRi1Ys9wqTpy9GFtvSV3zqcYMziYLuKVNhVxa8inIBP":{"chainKey":{"counter":0},"chainType":2,"messageKeys":{}},"BdY3O3NRWktZybKrQNylr4QeVlA4DEUi7Wu3/KF2dYw3":{"chainKey":{"counter":0},"chainType":2,"messageKeys":{}},"BZq3mbSgrMR3/IpJ6JH2HMira2FFDP67QMWiB1DAnxpO":{"chainKey":{"counter":0},"chainType":2,"messageKeys":{}},"BWec2HXNuASj351fJQcNd+43bP6hPlR8+Na62s5TmS8X":{"chainKey":{"counter":0},"chainType":2,"messageKeys":{}},"Bbw+tkXLj6vWrcroyu6CArxtJRZgYixRyGA1a0/o8Bc1":{"chainKey":{"counter":1},"chainType":2,"messageKeys":{}},"BSHajeD4viiR2sWDrLsWB+PGn4L7MEKJf03CDqRTz+9j":{"chainKey":{"counter":0},"chainType":2,"messageKeys":{}},"BdI4urby6P3AaAEK/6Ogiu/2wNXZ1UCDB9jfhNPcXq89":{"chainKey":{"counter":0},"chainType":2,"messageKeys":{}},"BfWMweG75XwWpGAcxVTpLuR9Cy1uMJsmZUOEPH5t0K89":{"chainKey":{"counter":1},"chainType":2,"messageKeys":{}},"BWuF06J1/6He3Ksax33ZVNAGP8ZZ32eEdXbrDz1jbM42":{"chainKey":{"counter":0},"chainType":2,"messageKeys":{}},"BQ4JVBrICuyffyjCn0v/wB6VolJL7OXd/8UliR7XwrN3":{"chainKey":{"counter":1},"chainType":2,"messageKeys":{}},"BWUvHjoqQKijDvDkKyhrDE1/dWWitjh7CwoozRWUZiM4":{"chainKey":{"counter":0,"key":"opeAvJ7TL7mBUJ7fY1FTyzmqA6pgoG50uyirFx+0pdw="},"chainType":2,"messageKeys":{}},"BabJsfw/H2YIBLOrg833+8Jiq0WFpK9AhfTGHNlXqAgF":{"chainKey":{"counter":-1,"key":"z4aJualgZQz7bUDmlM+goPMnwauMTdpI4xvUzqG3fhM="},"chainType":1,"messageKeys":{}}}}},"version":"v1"}