{"_sessions":{"BSHp0d/Hrmt5S+qZcm1FeRbuMJuy75NBNWeJGbHDsEQG":{"registrationId":649073405,"currentRatchet":{"ephemeralKeyPair":{"pubKey":"BRaIrlP3pg9jQhT16HNEpHRnJKgPS3XhmQW5nKedeCg6","privKey":"cIYrHUWXUQA/wN5nabG0tFbGNIeq3dDJ3u4NB7gUCGk="},"lastRemoteEphemeralKey":"BehZrFH/e/BPkcYLPf7mUg7X3T3Cgl8zvShXQ0aweMVL","previousCounter":0,"rootKey":"u/n+TskrkAAb+vfTEtX58j9HogAIQB49+DScox+5YMY="},"indexInfo":{"baseKey":"BSHp0d/Hrmt5S+qZcm1FeRbuMJuy75NBNWeJGbHDsEQG","baseKeyType":1,"closed":-1,"used":1735858566754,"created":1735858566754,"remoteIdentityKey":"Be9C8R2OTKn1k6lFtQewZ2OBx+zaLPTl1nXCDO+GNNRB"},"_chains":{"BRaIrlP3pg9jQhT16HNEpHRnJKgPS3XhmQW5nKedeCg6":{"chainKey":{"counter":3,"key":"cydWF5BNR6IJJhiM2B5tKUQE61cexabslW0nBUT2i9I="},"chainType":1,"messageKeys":{}}},"pendingPreKey":{"signedKeyId":1,"baseKey":"BSHp0d/Hrmt5S+qZcm1FeRbuMJuy75NBNWeJGbHDsEQG","preKeyId":16369453}}},"version":"v1"}