{"_sessions":{"BR/k5GrKTsxExPO9z52iA6+r4KTtSrz41mxw3QjZ1p4k":{"registrationId":601430553,"currentRatchet":{"ephemeralKeyPair":{"pubKey":"BZ0mfWyJKL5G9eE7rfYV9hpmfcn4mLWERBEVdUDeveN6","privKey":"yKohLtClZzcBeOyr5Yeu3u6ozBFjFCVBLxY7flRFSWw="},"lastRemoteEphemeralKey":"BUZgkMQnLsHaobruR5XOE//iIaQ6XUlZYbEBxR/rwBA9","previousCounter":0,"rootKey":"aphNhvNY/NlyVIHskcPbnnBeHnLEKIaku7Z1QzrHqVo="},"indexInfo":{"baseKey":"BR/k5GrKTsxExPO9z52iA6+r4KTtSrz41mxw3QjZ1p4k","baseKeyType":1,"closed":-1,"used":1735852241711,"created":1735852241711,"remoteIdentityKey":"BTyKAcGuxDxofothJluxJkRrFS1bnLpHJ7pl9++KGU9C"},"_chains":{"BZ0mfWyJKL5G9eE7rfYV9hpmfcn4mLWERBEVdUDeveN6":{"chainKey":{"counter":0,"key":"nSChBcmGtJNKEXFXfGIvPMYgBClDl+Zb3NgW0xuCsV4="},"chainType":1,"messageKeys":{}}},"pendingPreKey":{"signedKeyId":2,"baseKey":"BR/k5GrKTsxExPO9z52iA6+r4KTtSrz41mxw3QjZ1p4k","preKeyId":14370199}}},"version":"v1"}