{"_sessions":{"BemfOEslGwFke2esxtfhx3zg09xTPs77VU8/8oH7ORE1":{"registrationId":437455489,"currentRatchet":{"ephemeralKeyPair":{"pubKey":"BUW11oY0ruIXK3vDF/9CCijxEqQqQDlgiB7I+G/JPPBo","privKey":"OGg9QafDiFhCHWL77EJA++QdUdZ3aFTVSjfmv11MaGs="},"lastRemoteEphemeralKey":"BXslYRpwrwRdmtasjOv4NqZoZDPan4oHYWutP1aquE1y","previousCounter":0,"rootKey":"XqGVAc2O+R0tuPGPgn6fDPvLq3uCiIr21Y1IF+QDy/A="},"indexInfo":{"baseKey":"BemfOEslGwFke2esxtfhx3zg09xTPs77VU8/8oH7ORE1","baseKeyType":1,"closed":-1,"used":1735858579748,"created":1735858579748,"remoteIdentityKey":"BY1nzty1xZk+GGPggIrC3IPEfX4OVsuBm1pCTmY2hHVT"},"_chains":{"BUW11oY0ruIXK3vDF/9CCijxEqQqQDlgiB7I+G/JPPBo":{"chainKey":{"counter":0,"key":"7jp4gYBSADhgjuLZrTCMvqM3YyhnVPRM8oxvxmfC8Kg="},"chainType":1,"messageKeys":{}}},"pendingPreKey":{"signedKeyId":2,"baseKey":"BemfOEslGwFke2esxtfhx3zg09xTPs77VU8/8oH7ORE1","preKeyId":8260630}}},"version":"v1"}