{"_sessions":{"BZbMeJOj1r78lwv8XpHvf+hKlBXjFc/YYGYdxe/yPCFY":{"registrationId":2017909688,"currentRatchet":{"ephemeralKeyPair":{"pubKey":"Bam3yjSCGFxN8e2fMZHMoOECunUk5QJH6/64SpamN/8x","privKey":"UAieAFjzNzTAvWOHPKIkujgdFK0mpyXmKSPaClntbWg="},"lastRemoteEphemeralKey":"BYgZ0YP0Z4nBYuNr6JxD2nlVJxIOXD5FYNzMjs9Wk2go","previousCounter":0,"rootKey":"RZKwIMhqn82MvsAKM0c8+3PCPLwhCUGdYB5890J7fL8="},"indexInfo":{"baseKey":"BZbMeJOj1r78lwv8XpHvf+hKlBXjFc/YYGYdxe/yPCFY","baseKeyType":1,"closed":-1,"used":1735857692971,"created":1735857692971,"remoteIdentityKey":"BVYzF8+/YoPulbQHr9aawmXPCC17XTHXGzLijsL1TI9f"},"_chains":{"Bam3yjSCGFxN8e2fMZHMoOECunUk5QJH6/64SpamN/8x":{"chainKey":{"counter":0,"key":"2wJP6qC/UO8LcbZgE3nmkoJJEnGm+f1I8rMSxlGlxCA="},"chainType":1,"messageKeys":{}}},"pendingPreKey":{"signedKeyId":10,"baseKey":"BZbMeJOj1r78lwv8XpHvf+hKlBXjFc/YYGYdxe/yPCFY","preKeyId":14892395}}},"version":"v1"}