{"_sessions":{"BWfXI9gauZnOYVKd/Q6Xda5p4JLk9pZFs5vRekw5s2V0":{"registrationId":1688181915,"currentRatchet":{"ephemeralKeyPair":{"pubKey":"BYWVc3GBCTfbJpAz5mD+wNyeTWYOf0lsc9R1EcAEoyN7","privKey":"OABKXGvXCuxV27AERzbhDTFPrJKZyjiFV6AlaQZhmlI="},"lastRemoteEphemeralKey":"BV0GQtfp50BjSFMbrkcY/yLE+Sfn3Vq58cmEjtSWOOt6","previousCounter":0,"rootKey":"h13pZbvInmIDy6yyy2EJQko/4dfx0+YIm/rX3ktw2gM="},"indexInfo":{"baseKey":"BWfXI9gauZnOYVKd/Q6Xda5p4JLk9pZFs5vRekw5s2V0","baseKeyType":1,"closed":-1,"used":1735857692908,"created":1735857692908,"remoteIdentityKey":"BRnRGtPm/6AimHNrzWLSiJvI64uyUlymX3RS0G6fhyNu"},"_chains":{"BYWVc3GBCTfbJpAz5mD+wNyeTWYOf0lsc9R1EcAEoyN7":{"chainKey":{"counter":0,"key":"C2YZ4TUSzIiA0dLHpRpXhDJra/29uqMuCmctoSkgDXg="},"chainType":1,"messageKeys":{}}},"pendingPreKey":{"signedKeyId":15,"baseKey":"BWfXI9gauZnOYVKd/Q6Xda5p4JLk9pZFs5vRekw5s2V0","preKeyId":2473742}}},"version":"v1"}