{"_sessions":{"BbL+WYoLzktjchI0UZ70YJnEZgd65qej1chTJxSNk+Fk":{"registrationId":1332547343,"currentRatchet":{"ephemeralKeyPair":{"pubKey":"BYwIHEgiebn/0P2Qgs1fXbxA28OFzYuKOi8Bszy1pFIZ","privKey":"MCoLTuIMgE8mJgD4hQlzpl8muOIN91a63w/O7ISdn3E="},"lastRemoteEphemeralKey":"BfaB0js3tL7Eg8Zt0CsuDGoQWBxaKhF2rPST4V3MKUgT","previousCounter":0,"rootKey":"+pe57bna0gC8+Ctl0syfab3zVg3Px1Vb3wQ15U5eCzI="},"indexInfo":{"baseKey":"BbL+WYoLzktjchI0UZ70YJnEZgd65qej1chTJxSNk+Fk","baseKeyType":1,"closed":-1,"used":1735852241716,"created":1735852241716,"remoteIdentityKey":"Bf0usIPdgsosH5eLJYtVfpM0MqgbhTtJ6grljhaVQzJz"},"_chains":{"BYwIHEgiebn/0P2Qgs1fXbxA28OFzYuKOi8Bszy1pFIZ":{"chainKey":{"counter":0,"key":"n/zf4jHLt7w1+frzKnB1VcIKg/1/Qm16+3CZGuUk0Jo="},"chainType":1,"messageKeys":{}}},"pendingPreKey":{"signedKeyId":7109534,"baseKey":"BbL+WYoLzktjchI0UZ70YJnEZgd65qej1chTJxSNk+Fk","preKeyId":5344}}},"version":"v1"}