{"_sessions":{"Bc5cDoMLnMHXnMPh0P6QAC/tJL4KyUl8MMLQ/2XGcBgn":{"registrationId":1250852489,"currentRatchet":{"ephemeralKeyPair":{"pubKey":"BfK8P3tg+edZ3bAy4QdLjyyzd+sjUYF+ngXDxZH1euBi","privKey":"oGnNkHRz/Q6TPf4CCT5Gf6PjAmBHhztnNZxSBnR5mXQ="},"lastRemoteEphemeralKey":"BRFzP+7C7Vz7KnyHiMA0YPR2VGPmUXD5nsQFOx2MU/Fk","previousCounter":0,"rootKey":"MECglvv9Zy+R01T/BQAiZDzLzF8EQ3bpMr4VuueDIf8="},"indexInfo":{"baseKey":"Bc5cDoMLnMHXnMPh0P6QAC/tJL4KyUl8MMLQ/2XGcBgn","baseKeyType":1,"closed":-1,"used":1735852241722,"created":1735852241722,"remoteIdentityKey":"BVN1I3aaYfwohhQvvhhfmXQ0BU+IjgNBKLqxPb9D5F8v"},"_chains":{"BfK8P3tg+edZ3bAy4QdLjyyzd+sjUYF+ngXDxZH1euBi":{"chainKey":{"counter":0,"key":"l6UK8PZikA6WNphB2xHIQ+BWx6/EZdCoASKNofpD0zc="},"chainType":1,"messageKeys":{}}},"pendingPreKey":{"signedKeyId":5,"baseKey":"Bc5cDoMLnMHXnMPh0P6QAC/tJL4KyUl8MMLQ/2XGcBgn","preKeyId":3938971}}},"version":"v1"}