{"_sessions":{"BbtJ/EqP6BvMdCDvPzLfawC64hFI6gNcU8WjlFeoqds2":{"registrationId":56,"currentRatchet":{"ephemeralKeyPair":{"pubKey":"BXUx6qLo+fVWJejs6Z2O4MsX9yJiq9Uu7soKn5z+ScgP","privKey":"4E/l+TCtFGCUyiXr7hB9B0Cz53RGgIBQzq1ctjyfW1k="},"lastRemoteEphemeralKey":"BWprS+uW07l4BPhGB9BlJTb0BqkDg0ZG9apV1YEtkRVv","previousCounter":2,"rootKey":"F9jbOssmfGWRtAYPbqZpTe//cHbSkaRcYvVUkMXzlv0="},"indexInfo":{"baseKey":"BbtJ/EqP6BvMdCDvPzLfawC64hFI6gNcU8WjlFeoqds2","baseKeyType":1,"closed":-1,"used":1735853058684,"created":1735853008039,"remoteIdentityKey":"BaeqsDLSVlJ6JHhHQVaRcLmqEYzKzstBXCA+ydQU0vxa"},"_chains":{"BWprS+uW07l4BPhGB9BlJTb0BqkDg0ZG9apV1YEtkRVv":{"chainKey":{"counter":1,"key":"6E9epnzfBvCldaF5G2HARqbI2iwLATu23bAdoxeMl2w="},"chainType":2,"messageKeys":{}},"BXUx6qLo+fVWJejs6Z2O4MsX9yJiq9Uu7soKn5z+ScgP":{"chainKey":{"counter":1,"key":"0hRqEYy7obPWDp3aGUG6R7dx2C+Z2ERX62Zx7x2zofI="},"chainType":1,"messageKeys":{}}}}},"version":"v1"}