{"_sessions":{"BYpVrRzECikmLFBqVc61OUs8IhfaQXRqz+kdq/5zmmY2":{"registrationId":717663255,"currentRatchet":{"ephemeralKeyPair":{"pubKey":"BSYHGj+6pHgKuGNMo43nI2u0xHLWylReJ0whlCOHpMEn","privKey":"cOgWIBzFvX429HQjn3gC4btJBXjObg07H2Zvj4MVWXE="},"lastRemoteEphemeralKey":"BbN5M7TMyYnBqpbUBZqZmazoHiK4oNfj6zU9TVFSbVME","previousCounter":0,"rootKey":"OICn8WFYLc5mEgddfR9WpuSVn4owNTqhnA9vbMDwC6Q="},"indexInfo":{"baseKey":"BYpVrRzECikmLFBqVc61OUs8IhfaQXRqz+kdq/5zmmY2","baseKeyType":1,"closed":-1,"used":1735858368103,"created":1735858087251,"remoteIdentityKey":"BaVQWEvkgrsaee2tnaloYsV6F2WyLYUliwRxdR0dDF5i"},"_chains":{"BQjI4iY/qEfKdWAy9X3K2y9AIcIZi+ZEa0+dUlsO0oMW":{"chainKey":{"counter":0},"chainType":2,"messageKeys":{}},"Bb296zRuGD3Yr5LJ3QMNfD33gA8za89q1v+Fi/Um0ZU1":{"chainKey":{"counter":0},"chainType":2,"messageKeys":{}},"Bc0qPP5lNzNjt9CgAGC9M0eVKkhFAQavekjOvxERxEIS":{"chainKey":{"counter":0},"chainType":2,"messageKeys":{}},"BanzJzYbcXS6EooS6aghSWzrqsOOSsH+SPh3nVHJbqJT":{"chainKey":{"counter":0},"chainType":2,"messageKeys":{}},"BURhEkXDSup6E8pyC8BMZRgajsWWChyyXSJL2n51NIdz":{"chainKey":{"counter":0},"chainType":2,"messageKeys":{}},"BbN5M7TMyYnBqpbUBZqZmazoHiK4oNfj6zU9TVFSbVME":{"chainKey":{"counter":0,"key":"ofGS9BHNwh3H8POcbcqF/K7y5ELocueheayEogGsOXY="},"chainType":2,"messageKeys":{}},"BSYHGj+6pHgKuGNMo43nI2u0xHLWylReJ0whlCOHpMEn":{"chainKey":{"counter":0,"key":"viGXZuz+X3RMV0DxJrwaePwYVIwMTXmrpYls7v/2J88="},"chainType":1,"messageKeys":{}}}}},"version":"v1"}