{"_sessions":{"BTxk4OtjbD9cy7z3owInkI6rNCRfJL0XMDdfit+h8AYU":{"registrationId":773592185,"currentRatchet":{"ephemeralKeyPair":{"pubKey":"BYNVEH4yboaBZjY7WyKxHPTtaFf88V11NSdJfJraowIR","privKey":"kAUVLK0CReEWvLSxzly/4lUnNBkiPRyBe7JG8GgDJFM="},"lastRemoteEphemeralKey":"BSDJ0iac4rNxHpSCKZn6BP0mehI8RqtrxPfFSCgNA9lO","previousCounter":0,"rootKey":"M1pS1fTUP+Kr6CXLYdwVlH4hjMeT1nXxVoHyXfqziJk="},"indexInfo":{"baseKey":"BTxk4OtjbD9cy7z3owInkI6rNCRfJL0XMDdfit+h8AYU","baseKeyType":1,"closed":-1,"used":1735857693047,"created":1735857693047,"remoteIdentityKey":"BZuS+e8xXKg7wT7mczKqjELPKg7h9WbZZ6t9QQ8o9kQB"},"_chains":{"BYNVEH4yboaBZjY7WyKxHPTtaFf88V11NSdJfJraowIR":{"chainKey":{"counter":0,"key":"9bAzBq0dFhI6gj3rstIVR5DVxBL7M9M8IAOEY4aTIm4="},"chainType":1,"messageKeys":{}}},"pendingPreKey":{"signedKeyId":7,"baseKey":"BTxk4OtjbD9cy7z3owInkI6rNCRfJL0XMDdfit+h8AYU"}}},"version":"v1"}