{"_sessions":{"BTKwPeEvM7d38aTWCCK87a7CwQ8UcoMwO0es8vc9NEMm":{"registrationId":1888323505,"currentRatchet":{"ephemeralKeyPair":{"pubKey":"Be70z4XrKNz3xMvnLeKjfHzjsnnmrtdjnhilTuT7MXNH","privKey":"4OSRyCmH41S99hKmV4Yoww1CFRwqi+K3L7uB/IC3J0U="},"lastRemoteEphemeralKey":"BWJu6kQ23D7zDabWe2wWrls04vhai8tzAeV5TMEi+mhb","previousCounter":2,"rootKey":"WOjj2x7/zqJ8uAYu1JeglHjypa319v0OjCErSt4CD6c="},"indexInfo":{"baseKey":"BTKwPeEvM7d38aTWCCK87a7CwQ8UcoMwO0es8vc9NEMm","baseKeyType":1,"closed":-1,"used":1735858637468,"created":1735858363161,"remoteIdentityKey":"BbxcLXL+I5gmAUUiC1gFRZKY3eUUE05otWz4xxxyJ+lb"},"_chains":{"BWJu6kQ23D7zDabWe2wWrls04vhai8tzAeV5TMEi+mhb":{"chainKey":{"counter":0,"key":"hUQpH4lSB1Hh837khXddUPy+DcJ/rEo3gFZUM06mi/E="},"chainType":2,"messageKeys":{}},"Be70z4XrKNz3xMvnLeKjfHzjsnnmrtdjnhilTuT7MXNH":{"chainKey":{"counter":-1,"key":"Fn/t+E4mxWRgmvW3Qq96kOr9QQM3MDI0yJ5xLdQmp4s="},"chainType":1,"messageKeys":{}}}}},"version":"v1"}