{"_sessions":{"BVjAvmfsUF0PMl4s2OVFHokU627yiNMY5vpTl7X6B/kb":{"registrationId":684912192,"currentRatchet":{"ephemeralKeyPair":{"pubKey":"BQ05OCpqXzPEdpzz6TGBpAwAiaTGuDcDO5PcJpGkuW0h","privKey":"4N9yT84fO/AcYc46qQSpRfgfginphCduvwh/m63qL1A="},"lastRemoteEphemeralKey":"BfxIc75zwM+4uOMKbsJKNuWCJCLpOUC6/yZ2wqBIToo2","previousCounter":0,"rootKey":"CcOtWYzWnmD25IbWMxaqBFyuRz1qd+KjKqeCNQiJId8="},"indexInfo":{"baseKey":"BVjAvmfsUF0PMl4s2OVFHokU627yiNMY5vpTl7X6B/kb","baseKeyType":1,"closed":-1,"used":1735852241763,"created":1735852241763,"remoteIdentityKey":"BQAf6auwdvDzGe+peaU/ekBSjIB/UvRCjG689yfF6UoZ"},"_chains":{"BQ05OCpqXzPEdpzz6TGBpAwAiaTGuDcDO5PcJpGkuW0h":{"chainKey":{"counter":0,"key":"qb2LRue9OnaNEY81BOp/v5oeo9VuyC8zBTgqHkU+OHI="},"chainType":1,"messageKeys":{}}},"pendingPreKey":{"signedKeyId":0,"baseKey":"BVjAvmfsUF0PMl4s2OVFHokU627yiNMY5vpTl7X6B/kb","preKeyId":8560261}}},"version":"v1"}