{"_sessions":{"BeX/vh3XOvbixUPLnSbtTRRInc+Jm2ygCC9jyrItvU9N":{"registrationId":2064970422,"currentRatchet":{"ephemeralKeyPair":{"pubKey":"BW3OhPh7VcS2wOm/y1/VkarQYqV0BDI671SeSVezGLNr","privKey":"qMZgtut6sqO8ntW9klAtk6MRn2x2torqvfSuGBMdGlA="},"lastRemoteEphemeralKey":"BRpFtK/gg4Alm2s3mZYII5NXncuRKYdrXzU820zlF3c0","previousCounter":0,"rootKey":"2otqQMv2N3wxYU8C5J6UlEyUqRlwdKdtO1o5SoZ79YY="},"indexInfo":{"baseKey":"BeX/vh3XOvbixUPLnSbtTRRInc+Jm2ygCC9jyrItvU9N","baseKeyType":2,"closed":-1,"used":1735856347017,"created":1735856347017,"remoteIdentityKey":"BbsXfTbfgMB0nF7FEd/6URQwxnz4FWO/JzBXPyRUvFNb"},"_chains":{"BRpFtK/gg4Alm2s3mZYII5NXncuRKYdrXzU820zlF3c0":{"chainKey":{"counter":3,"key":"ELVYZ4o7BCKIrPzy2HUrkd8UZf7vpMDZtnu5fOHr2S8="},"chainType":2,"messageKeys":{"0":"SPLGj0+OBRIcOn3J9mqU1VUx9jzDEbkmtMdPLYHCTA8=","1":"snuQuz4bhvNS87TnzdRYgEdtYA9y+NaTMgTxMRQR5GA=","2":"NQXR1tOnJ4JxN2cQloF/USZeZqaTnZmpBQroSR4RbJQ="}},"BW3OhPh7VcS2wOm/y1/VkarQYqV0BDI671SeSVezGLNr":{"chainKey":{"counter":-1,"key":"nzGoaeGz+bN9Em4tR+Nht4lDl3K9a9Tt/HVRN3cO0Fk="},"chainType":1,"messageKeys":{}}}}},"version":"v1"}