{"_sessions":{"BRFdEUQl2rA7S17rUj+8xmwXe/BmqrpawBtZ/Z61NPF6":{"registrationId":1118912951,"currentRatchet":{"ephemeralKeyPair":{"pubKey":"BZ5DZv9QGcxblxBQ3NOLfJiYPY49NHE+xDVvB2C0mbd9","privKey":"eGbDTMOdbo17QzCxXckWiXN1EhGvS1CBG+/bR1KRXEE="},"lastRemoteEphemeralKey":"BeXaph5IH8maslZFoBoKS4Qxpwy+s5cmRz1gtoh+ErJh","previousCounter":0,"rootKey":"ewlMVqVFzNJzTikoPzPWuE7zxAJxNboudfPi6pX7bdE="},"indexInfo":{"baseKey":"BRFdEUQl2rA7S17rUj+8xmwXe/BmqrpawBtZ/Z61NPF6","baseKeyType":1,"closed":-1,"used":1735852241620,"created":1735852241620,"remoteIdentityKey":"BUR/6A3u00qRg+sNOIHQ90nVFcs01KmHuBRpqLINF2pC"},"_chains":{"BZ5DZv9QGcxblxBQ3NOLfJiYPY49NHE+xDVvB2C0mbd9":{"chainKey":{"counter":0,"key":"NiCWhfREpNbxNmTTfeF81QU5TKJ1Nb1zwDorjz/GJ0E="},"chainType":1,"messageKeys":{}}},"pendingPreKey":{"signedKeyId":8,"baseKey":"BRFdEUQl2rA7S17rUj+8xmwXe/BmqrpawBtZ/Z61NPF6","preKeyId":15918193}}},"version":"v1"}