{"_sessions":{"Bf6O0UIZe219N8Odo5Uwh2e0QsnkYALJLgczGZqEk24i":{"registrationId":1385484621,"currentRatchet":{"ephemeralKeyPair":{"pubKey":"BTdDy6eWwix7jhAU0wV+s0B6FUU6GnBuxTeI39xdMcpy","privKey":"SIONlcmA+sGeYe5H7uRj9Jaos99iSSqgijGzD6hCQE4="},"lastRemoteEphemeralKey":"BaRW9dHUN76dxpN2Vgvpne8yg388z8zVK5frMozAqkx/","previousCounter":0,"rootKey":"pfuZeTMEmYUDQcwNfood3t4OBblBj23bGRJFoX+/vK4="},"indexInfo":{"baseKey":"Bf6O0UIZe219N8Odo5Uwh2e0QsnkYALJLgczGZqEk24i","baseKeyType":1,"closed":-1,"used":1735858397597,"created":1735858160211,"remoteIdentityKey":"BfjhjwU7GvUTw9MANLJFogW3KjWYJSXeSj81aRySFpst"},"_chains":{"BVFsy71hE2dxTxabhwGFHL0yAspQ1n4txr7SU4FZ3UpZ":{"chainKey":{"counter":0},"chainType":2,"messageKeys":{}},"BZDFRIF+4lv6wKrpMDfK7FKV81MgDtsESEG14lxJBsko":{"chainKey":{"counter":0},"chainType":2,"messageKeys":{}},"BYFLUWCvLblYynL4v0uxCw3hat82mvHtucbh6b61tokE":{"chainKey":{"counter":0},"chainType":2,"messageKeys":{}},"BSLaAOOGsd1Zy0lUoyNRLTRa/kKMxLaDaN5pDWXZ1KhH":{"chainKey":{"counter":0},"chainType":2,"messageKeys":{}},"BbXDExfdSoGiFpbc25n+6VgFksTlc/Gg0FqMpdYquQQH":{"chainKey":{"counter":0},"chainType":2,"messageKeys":{}},"BaRW9dHUN76dxpN2Vgvpne8yg388z8zVK5frMozAqkx/":{"chainKey":{"counter":0,"key":"mSouzZAcbD3raliq5p2inUUT8L8PFka+e9ehO19i228="},"chainType":2,"messageKeys":{}},"BTdDy6eWwix7jhAU0wV+s0B6FUU6GnBuxTeI39xdMcpy":{"chainKey":{"counter":2,"key":"3mAytsPUUvJ3eE2Ri6Yrhgk+o1Wv07rhYM46yPDFjvc="},"chainType":1,"messageKeys":{}}}}},"version":"v1"}