{"_sessions":{"Bb2eIVDzuZfZYwgawczXdr1fB3ya486yaMAC9/aqhd5k":{"registrationId":506439686,"currentRatchet":{"ephemeralKeyPair":{"pubKey":"BU003pdLlrpld4EWtRcAcSeu4DfsctUdmhq3oPivz8Ud","privKey":"2O5nlPixmdiz+JfpPOK4saZCIYZv3z4vupjvZ2yJBF4="},"lastRemoteEphemeralKey":"Bb76Xmg4aaP+DY5lPqyvopuhTtg/OL/fs5/aNjbxLg98","previousCounter":0,"rootKey":"smU+xfPBYwOVEB299srnZ5bd4tULT0lcQ6fAp5z1Duc="},"indexInfo":{"baseKey":"Bb2eIVDzuZfZYwgawczXdr1fB3ya486yaMAC9/aqhd5k","baseKeyType":1,"closed":1735609916202,"used":1735588338437,"created":1735514255662,"remoteIdentityKey":"BaIFd6CIEwTTdfDc0Gcx91juy/cfRGF/6tKjQbcS060J"},"_chains":{"BSEpChfK1lXYfSxIGVw5lY6jluKoB9NxmbjXZth5W+YG":{"chainKey":{"counter":0},"chainType":2,"messageKeys":{}},"Bcz+Z7uOyBtTignY2H8FS0/82IFev6KPSnRAM22YLWwI":{"chainKey":{"counter":0},"chainType":2,"messageKeys":{}},"Baz/UWTSXTjurPEBeh1TXpmoPT2z82Flub7QAnrriowY":{"chainKey":{"counter":1},"chainType":2,"messageKeys":{}},"BXaQgArI7WHL2AGaVGj7DwIHkK0lbQ2y6f/Ox9LbddZ7":{"chainKey":{"counter":0},"chainType":2,"messageKeys":{}},"Bc84eohXr9criuoNAcCcwwo7GAqYQGgRw60yAWxJzqMY":{"chainKey":{"counter":0},"chainType":2,"messageKeys":{}},"BemLNpmCCNxwst4w4MqFO6c+0EhQgmjA0YaP7Q+4WG8Y":{"chainKey":{"counter":0},"chainType":2,"messageKeys":{}},"BRmfo53HcW/mWyuzcqmeCsWB/0k8294unPUBDxWTb21D":{"chainKey":{"counter":1},"chainType":2,"messageKeys":{}},"BXJniArBk0Q1XULi+dNpXe2qkiz/mlTiaHExQx3Ff2se":{"chainKey":{"counter":1},"chainType":2,"messageKeys":{}},"BXzHoIO7lOLrG4jrs/sDUrOuDAnDVSD1tTximUZeM7hh":{"chainKey":{"counter":1},"chainType":2,"messageKeys":{}},"BUzHWKRA80LUfxkhQdJI/zYo3guNZY2QhA3HDV3WscIV":{"chainKey":{"counter":1},"chainType":2,"messageKeys":{}},"BVzZS1K89N/pshjOESp7lpgAW3WDVjtSzu6xXTNF1f0s":{"chainKey":{"counter":0},"chainType":2,"messageKeys":{}},"BSf+BBRO5pROQvJ+61FC8Toq5UNQKB3Y5dMHVz7QkC5u":{"chainKey":{"counter":0},"chainType":2,"messageKeys":{}},"BaZ+hyyFs9rY/bfEX64OhiR58S1NNbSRBybRb4F23jlX":{"chainKey":{"counter":0},"chainType":2,"messageKeys":{}},"BbbvkJEeS56BsKm3lvsapTDTSdHy6i8alCkctaUSLjAg":{"chainKey":{"counter":1},"chainType":2,"messageKeys":{}},"BYrKJofQW+E8or7EUCdXt/wtARdorVOVbssTA4mdiLpG":{"chainKey":{"counter":1},"chainType":2,"messageKeys":{}},"BaVtCYK6RT1/oW+LK7okJ+oMj/lSySfgVrorXKM7ZOkD":{"chainKey":{"counter":1},"chainType":2,"messageKeys":{}},"BeeJ9wQPu9ck0F0f5IJ82o+4MrBsdvz2DRI/tVlKpCVm":{"chainKey":{"counter":1},"chainType":2,"messageKeys":{}},"BQML+d3YiVddj7QWyZUgbqZdjkrxc+LRyqs3lSqAvG5s":{"chainKey":{"counter":2},"chainType":2,"messageKeys":{}},"BYNCoByiKbc+oG9AsTNtBJWyFjxdduyj7CTInaW7P04e":{"chainKey":{"counter":1},"chainType":2,"messageKeys":{}},"BQWIlNKopCVYjIlvvUZDKk56CmjEpq3gDdMChXJx8t8w":{"chainKey":{"counter":2},"chainType":2,"messageKeys":{}},"BQQ7/ASsnkVHkuK4IhFxKO3JKOtOKKX90SfesEjG0TNa":{"chainKey":{"counter":2},"chainType":2,"messageKeys":{}},"Bcq3P6b+b4ivkW7sTFPOB9IE7tipwJ93wEnulHYvoQ4+":{"chainKey":{"counter":5},"chainType":2,"messageKeys":{}},"BWRiExIZj9qHcbeUezzNcGQX26Hk+szGH4hDbkobUbRo":{"chainKey":{"counter":1},"chainType":2,"messageKeys":{}},"BSdLm34eKcq+8GHWenFOOYANFDWMBaT28JMBWVEh+U5R":{"chainKey":{"counter":1},"chainType":2,"messageKeys":{}},"BbKKv/TpcGhSxlEfW3m3h6aXSoKO5Qa+tbHdKs4laC1v":{"chainKey":{"counter":1},"chainType":2,"messageKeys":{}},"BZaSglSIRieSk5zYPicxDmmWC7gWDdqjlkQAU20ulXZG":{"chainKey":{"counter":1},"chainType":2,"messageKeys":{}},"BeZnkY8mw5IdaCc07PPf6MK7jNHeV0EO18Tnf/LxMxQq":{"chainKey":{"counter":0},"chainType":2,"messageKeys":{}},"BXhuv96LsjSaXuKuA8b25+uHUusAXlI64/k9XEB/Yh9L":{"chainKey":{"counter":0},"chainType":2,"messageKeys":{}},"Bfwl0ZmvtWoemUiBxWgB+GrNPXw8/Hi+NuqekHVnjAUq":{"chainKey":{"counter":2},"chainType":2,"messageKeys":{}},"Bbdgd9iI5RF+vMDFyRj3bztNAkVLjIy++28E9NYqBqFW":{"chainKey":{"counter":1},"chainType":2,"messageKeys":{}},"Ba+BG3PuXR6XhXtPL65Fw3dzXvMyLU8kGZx1f05GrfQt":{"chainKey":{"counter":2},"chainType":2,"messageKeys":{}},"BdVbSN8JcNJJJqJS5gTfVMx0jde4Kd9MH1i1PHEYPPBR":{"chainKey":{"counter":1},"chainType":2,"messageKeys":{}},"BYIfsMvy1jr3KzKvlTlNIpM3XAifk395kqqP22FlWINQ":{"chainKey":{"counter":1},"chainType":2,"messageKeys":{}},"BXi6QZb4ZE9+++1xX/hVEsp8o1KH6XEEHhkgS6Cin1hs":{"chainKey":{"counter":0},"chainType":2,"messageKeys":{}},"BS6xTGk3hxeNJEmFyGrqk4Iuv/8hg8zZmf2JAIQxAWc4":{"chainKey":{"counter":0},"chainType":2,"messageKeys":{}},"BSlkWXKQTaVHNj9vAU7f7CYDlQUTvQLmSgdZ11QEvlsX":{"chainKey":{"counter":0},"chainType":2,"messageKeys":{}},"BS9pGkUhxU9ppA1EYyE12iAXYJuMc0W9c9YtKnc8yeBK":{"chainKey":{"counter":0},"chainType":2,"messageKeys":{}},"BdrJOeYmALrYN75sXqIeVk8gbXchMuFrZvjSvYoLDDEA":{"chainKey":{"counter":0},"chainType":2,"messageKeys":{}},"BYDXJfzl1AwQATdEwDX1vjJPvVrdkiPgSZgcBpXUntw0":{"chainKey":{"counter":0},"chainType":2,"messageKeys":{}},"BRdcVh2pQRwcF4YUeCEdDCMIms9tjxy6yi1Br/cnP60p":{"chainKey":{"counter":0},"chainType":2,"messageKeys":{}},"BZIthmGEP3APSFbSkIH/htrq+hNKEbBW3ui6NVTKzQI2":{"chainKey":{"counter":0},"chainType":2,"messageKeys":{}},"BbokphqDo7dirG+BOVyS8roanHTN6nO1IsC+9IIlaDN/":{"chainKey":{"counter":0},"chainType":2,"messageKeys":{}},"BU9RiRjn4kEeZc09afSxyMgD2G/G/QySU3amHO4Qc2EP":{"chainKey":{"counter":0},"chainType":2,"messageKeys":{}},"BZkaIZrot8ilI1Sv1d+MDlA/cqh+2tQjPfDhTnuVb7dG":{"chainKey":{"counter":0},"chainType":2,"messageKeys":{}},"BYLGFlUZ2G6un7UgaagJ5pWIFsDSFEzv7qAwIvEVsngV":{"chainKey":{"counter":0},"chainType":2,"messageKeys":{}},"BevcNYidzORdOF+7Lg0Oozt9TZeb4SZbXF57NZYJpqF8":{"chainKey":{"counter":0},"chainType":2,"messageKeys":{}},"Bcs7DxgKD4+EQOCjIdB5YMXK47+2pQbJuoBA45VXWeNl":{"chainKey":{"counter":1},"chainType":2,"messageKeys":{"1":"r4uOzdb/3Ix1R+9ce02ptkbVlV98wnsFXNiVWeV3L3c="}},"BVHLOYRIN6snsfXOpixT6WpQMPZWFagHh9V0EQqwQVF1":{"chainKey":{"counter":0},"chainType":2,"messageKeys":{}},"BYkxCGHb8SBVt8hI+FT4Q0LukURs0q2YXQXI7y/jcOkT":{"chainKey":{"counter":0},"chainType":2,"messageKeys":{}},"BcZyqXYu5MxG3vpsG2bD4/hmIbaxQvw7/pAGd8fRmncp":{"chainKey":{"counter":0},"chainType":2,"messageKeys":{}},"BVXu/8d/VP9Vsz2b1wOeJsOZQZZzwZOTs8zODWx8WGxB":{"chainKey":{"counter":0},"chainType":2,"messageKeys":{}},"BZDYbowuE6ItenKDyuEHGPdbqTl3IpAnq/C40nMuN7Nv":{"chainKey":{"counter":0},"chainType":2,"messageKeys":{}},"BeauNHVZkKLCVkOeG0MMSDROpw4GVfU9OruQFuAyvrNV":{"chainKey":{"counter":0},"chainType":2,"messageKeys":{}},"BTqOHKNBGQ+jnXaWZoXADDguQF6DnQAki+DmySTTkT9+":{"chainKey":{"counter":0},"chainType":2,"messageKeys":{}},"BRuECPk8DLaupJkaN8pwFn3RVxCB6gmg625RJXskla1/":{"chainKey":{"counter":0},"chainType":2,"messageKeys":{}},"Befi2d6JhJEJ5fA8+3TD9pnV4YKr+RQ6c0J4LXOHcUcS":{"chainKey":{"counter":0},"chainType":2,"messageKeys":{}},"BWyK4is57QKDFAQSJhLosF1LhRaRnLW12ugA45y32Qha":{"chainKey":{"counter":0},"chainType":2,"messageKeys":{}},"BYRYi+N0eqkdcyCsq9eXGYymDBf5qAKvER3sfCV2Tuk3":{"chainKey":{"counter":0},"chainType":2,"messageKeys":{}},"BXBVdq0CMW8mnbkmhD1eur4SjGiFy8/H92TkHHCKU/MA":{"chainKey":{"counter":0},"chainType":2,"messageKeys":{}},"BZ5qCZysxBkb1XHARus6ai8u+i765h622faSpe/1wuwb":{"chainKey":{"counter":1},"chainType":2,"messageKeys":{}},"BSJqISzjj9WVJbkF9otVrGpp/J1K9AiSzXSzKF8kkHI2":{"chainKey":{"counter":0},"chainType":2,"messageKeys":{}},"BfN9cxO6AkvZZoMAx20Wu/nTH2AtvFQ8W9nD3hhF/OV5":{"chainKey":{"counter":0},"chainType":2,"messageKeys":{}},"BRPxys5IdJ82C6/BbxycsFSz9DgAMPSrJE9xgNqDSqpO":{"chainKey":{"counter":0},"chainType":2,"messageKeys":{}},"Bapc3eomT/TsPaIF65+vwf+cKs8atubymFZlo1GCZsJE":{"chainKey":{"counter":0},"chainType":2,"messageKeys":{}},"BWQof21RaYs5wxWf35HvA46f28R7A0/iFGa2qBqtGRIt":{"chainKey":{"counter":0},"chainType":2,"messageKeys":{}},"BUOrZOcT/em9CE+/6soR5ipnOxANYq5NhDXmfeiqpOxQ":{"chainKey":{"counter":0},"chainType":2,"messageKeys":{}},"BQGqQeVmP4xaLaDvGG0otxKRCgms9N/Y72QSAZ3jZz9L":{"chainKey":{"counter":0},"chainType":2,"messageKeys":{}},"BRHLumPg4v7V5/PXKJ1gOMzSSdjCoivUr/Jd3kv458gE":{"chainKey":{"counter":0},"chainType":2,"messageKeys":{}},"Bfr0MAJ4bo7RlMC4LEixCIwayoaLHUZTRkWG+Va43050":{"chainKey":{"counter":0},"chainType":2,"messageKeys":{}},"BWy8mxuDoPi5ZrdEw43sJwHl2Ew5K91PNgV5VPuoS/UU":{"chainKey":{"counter":0},"chainType":2,"messageKeys":{}},"BYARMz5UA40c8BY/QW7SDR8gGMKNZFUyHm6wk51xv4E9":{"chainKey":{"counter":0},"chainType":2,"messageKeys":{}},"BcGD2EpD6fnjWDoUelTvBeAp1hKXE9JIEeRSVp/KKS1F":{"chainKey":{"counter":0},"chainType":2,"messageKeys":{}},"Bb76Xmg4aaP+DY5lPqyvopuhTtg/OL/fs5/aNjbxLg98":{"chainKey":{"counter":0,"key":"rX4wsTSke6SNXyQAsNESUjCS4Jm4IYXFqiyOKIKdoY4="},"chainType":2,"messageKeys":{}},"BU003pdLlrpld4EWtRcAcSeu4DfsctUdmhq3oPivz8Ud":{"chainKey":{"counter":9,"key":"f20lVoHSmESrEmgxZ16buQUyH8HfRDwqlOSwk+qjibI="},"chainType":1,"messageKeys":{}}}},"BRxdgsd1CsYLJfIiS9nip4xLVeghBlO8zcfrtEk+NUYF":{"registrationId":506439686,"currentRatchet":{"ephemeralKeyPair":{"pubKey":"BeUEN28KNA4enAWDVB2bodxSCuZvPhhMwbr3HDkE1cda","privKey":"QOd0klTLWtkxeDPZseuoJ0oWQxXntXx1FL1fgz1RoUA="},"lastRemoteEphemeralKey":"BdN1nDcmrC4A+RDar21sqNNkCEYebTJC0uAfA27v1Bxt","previousCounter":0,"rootKey":"z8MGKfnhouUUsqGyKujY97TCs5dZqwziJtoHSEJBpVA="},"indexInfo":{"baseKey":"BRxdgsd1CsYLJfIiS9nip4xLVeghBlO8zcfrtEk+NUYF","baseKeyType":2,"closed":1735767638030,"used":1735625652358,"created":1735609916212,"remoteIdentityKey":"BaIFd6CIEwTTdfDc0Gcx91juy/cfRGF/6tKjQbcS060J"},"_chains":{"BQqL7Xz1fSzmJ5GncJJiPayCsYX4Q5bDSkDf6Q5Fy0NY":{"chainKey":{"counter":0},"chainType":2,"messageKeys":{}},"BYgE+UCMiL6WrgY3Y0cLPGF5pkYLTAd48H5PtSPLPRIQ":{"chainKey":{"counter":0},"chainType":2,"messageKeys":{}},"BSFqLk5kz2ZuwJ4lsWVQXDfaQ70xHLVfRGiNsuboxW4g":{"chainKey":{"counter":0},"chainType":2,"messageKeys":{}},"BUEokYm02H5Jd3TYYD/tIdxPjEFrfhFeJ/Q5K59pPO5S":{"chainKey":{"counter":0},"chainType":2,"messageKeys":{}},"BbT5v9zT8xDldAhjwucmGnW39Lhvkgjn45clA1WXQNQS":{"chainKey":{"counter":0},"chainType":2,"messageKeys":{}},"BcSiC9LgIMqHypRRfagw6IZn2QHiBKEWi2eZ31Yf08oX":{"chainKey":{"counter":1},"chainType":2,"messageKeys":{}},"BT31aey1xI8UXxumwxtDIaHWK03bIowbz93dJzMNNF88":{"chainKey":{"counter":1},"chainType":2,"messageKeys":{}},"BR7aN6kbccxyTYhsmbTDTeSj3CT2zviQR5i0HBVwEisq":{"chainKey":{"counter":1},"chainType":2,"messageKeys":{}},"Bdwh6APy7mJZKEk7M/keFvvE10TfJ0TTXygRhrDUmU0f":{"chainKey":{"counter":0},"chainType":2,"messageKeys":{}},"BZvz/eTOoMNP3BsP2ot7K5Oi2sqOzi74e2p1wN1Ol9pf":{"chainKey":{"counter":1},"chainType":2,"messageKeys":{}},"BdN1nDcmrC4A+RDar21sqNNkCEYebTJC0uAfA27v1Bxt":{"chainKey":{"counter":1,"key":"ob1FSr8I2BB3L3nCDxohCnyT4AeUIdNksloBvIR8t18="},"chainType":2,"messageKeys":{}},"BeUEN28KNA4enAWDVB2bodxSCuZvPhhMwbr3HDkE1cda":{"chainKey":{"counter":180,"key":"WHQPNwIrBQD9Zs9xdhcdDgwkky8zYXdcBQVg9zsxmog="},"chainType":1,"messageKeys":{}}}},"BYi2u70Mpn+j0hN7RMnzTN+ZWhm/MkQHBCJ87BpOXGMT":{"registrationId":506439686,"currentRatchet":{"ephemeralKeyPair":{"pubKey":"BTmVxHP/GGD9MZX70JbxhcjeJNmKafI0dLeyu1uS6VRL","privKey":"+Iw6648QE/tCvI/W5rFlg9Wk/yjSWDR/YgAKZc/6GE4="},"lastRemoteEphemeralKey":"BfXjS7tJn9IoijCes4BROEwnv31+iZ4pqM2B5e3EBP1L","previousCounter":1,"rootKey":"+dMe0n+lQsR80BYlPCYYA9QdasfakArZr7wjDZjHHYA="},"indexInfo":{"baseKey":"BYi2u70Mpn+j0hN7RMnzTN+ZWhm/MkQHBCJ87BpOXGMT","baseKeyType":2,"closed":-1,"used":1735858076273,"created":1735767638039,"remoteIdentityKey":"BaIFd6CIEwTTdfDc0Gcx91juy/cfRGF/6tKjQbcS060J"},"_chains":{"BTJe/p6Wy/lv+uABoBDc/MOD6oaAabDOvbWynhgxKDEu":{"chainKey":{"counter":0},"chainType":2,"messageKeys":{}},"BVZp4l1ABm0jKc+Xbq36gX+211DkWpzp6vTcu+n9lhdC":{"chainKey":{"counter":0},"chainType":2,"messageKeys":{}},"BWhuBpyYpKYKfGT1vfoMy6cH9yyO08Awto6ZiOt8BxsI":{"chainKey":{"counter":0},"chainType":2,"messageKeys":{}},"BbViez5KrNPEUGPaR+rNvqa2H4EAgOjBN41xn0OzbEon":{"chainKey":{"counter":0},"chainType":2,"messageKeys":{}},"BRNZ8L2Yw7kWA4CJE2Z1au+Pe1vxuEplvCQLSnlgub5Q":{"chainKey":{"counter":0},"chainType":2,"messageKeys":{}},"BTqMz07Wics/4TsNQJNcVtg975KKIFzrBF4HR6zx6fZd":{"chainKey":{"counter":1},"chainType":2,"messageKeys":{}},"BUzaKah1QO8WeviCm+rDgXQOOIy2pd3CiBD2j98d0SRO":{"chainKey":{"counter":2},"chainType":2,"messageKeys":{}},"Be5NG0eQ7WGcBGFk4t7Xj1+w3Ja6YvTHQTwYmJk6g7g5":{"chainKey":{"counter":2},"chainType":2,"messageKeys":{}},"BVciH7m++vYYRCjsxvTxBohIr1gZAi1GZXvlNIs7ayw2":{"chainKey":{"counter":1},"chainType":2,"messageKeys":{}},"BeSa29L7sZ9HDRBFDrAvU9mc0xMyFneMQHi0OnDpHKcU":{"chainKey":{"counter":0},"chainType":2,"messageKeys":{}},"BSNFuM5gCgf9p5GY2q/2rTJNTgk0d2FVgaBXnhfMG5FJ":{"chainKey":{"counter":0},"chainType":2,"messageKeys":{}},"BWt5NJroOEByTBy8dPLu2wMUPeOsKL4pFHn6LWyDbcYx":{"chainKey":{"counter":0},"chainType":2,"messageKeys":{}},"BVchPTB00Pq3fuanC3dEJnVN2HnyslsRt6zzEWw42K8L":{"chainKey":{"counter":0},"chainType":2,"messageKeys":{}},"BfRrNBgzTJ4dbz7aFZNR4SeUIkGWJp4Qat0/a9jQ/IYZ":{"chainKey":{"counter":0},"chainType":2,"messageKeys":{}},"BeZ5LjTbTTsJL4TXXlTBSSbo8kUzFhS6tufcpBIEuRYW":{"chainKey":{"counter":0},"chainType":2,"messageKeys":{}},"BdK5d2vFGwi3xn0j4bBMJIYHxumprs/1tLWCPBJ1GVJ2":{"chainKey":{"counter":0},"chainType":2,"messageKeys":{}},"BU3Gc5aocW+xnnLfP/TnTSFiKwN6NWkXiviLF647IPpB":{"chainKey":{"counter":0},"chainType":2,"messageKeys":{}},"BTwl+FLnOliEoSP9ono8kA/arNjjHb5OQakVvpzaSmYs":{"chainKey":{"counter":0},"chainType":2,"messageKeys":{}},"BVZ2SJV3B/mZkVflWKLUOPNBXSuxH9HwfQ8UYn3P1Yc/":{"chainKey":{"counter":0},"chainType":2,"messageKeys":{}},"BZsZMfjdywcPQwaMRPaotPF81YhPGfM782fHrcKr+WhN":{"chainKey":{"counter":0},"chainType":2,"messageKeys":{}},"BVQRrg9+dGQtgR69ZOkXzT2bI4YafJ31kVtNS0T9cGdx":{"chainKey":{"counter":0},"chainType":2,"messageKeys":{}},"BfS5eyMft0/oJk9fRdaPCQexL0PB72Laxnw+wSgE7g9C":{"chainKey":{"counter":0},"chainType":2,"messageKeys":{}},"BctW7rqFD230h4gzToNIdK13PwfKN5DVd++0SA79gh45":{"chainKey":{"counter":0},"chainType":2,"messageKeys":{}},"Beimu4UY5UTU9QRNk2VV6u2ev0NMGaflWOqD0L0WQFAV":{"chainKey":{"counter":0},"chainType":2,"messageKeys":{}},"BfIHQZlgmZeOt6f2ntJdTii2o4+cSj7/1tDn4pqP+4tz":{"chainKey":{"counter":0},"chainType":2,"messageKeys":{}},"BeAaV5nW8MtldD8qGIDR+5ruOzJB7QQtqAdGSpoWagVI":{"chainKey":{"counter":0},"chainType":2,"messageKeys":{}},"BbhukrQdz+DA0lzeTh+s8fj9ny7bdqP61KHC0Qo0pxk3":{"chainKey":{"counter":0},"chainType":2,"messageKeys":{}},"Bezf6YbhLoHrquFoebdaPsB+qElxEwtKERvb9kf2HzsY":{"chainKey":{"counter":0},"chainType":2,"messageKeys":{}},"BZf7mp8qLh+x0dfEslyDB2g8Iib7+HcNOG1Wvcn9AJln":{"chainKey":{"counter":0},"chainType":2,"messageKeys":{}},"BSYd2nOU8OKur3z3Ef80TSqcW2qQIhOkC986wLPMtzkY":{"chainKey":{"counter":0},"chainType":2,"messageKeys":{}},"Bccr4scRVV14xLOxgcNhF9IaUpZfi6HeeNdyhjinrzAK":{"chainKey":{"counter":0},"chainType":2,"messageKeys":{}},"BUm3M5+jdik4lKYB5Aj0KRq+i2YwnZoP7LEN8FJ4QKUt":{"chainKey":{"counter":0},"chainType":2,"messageKeys":{}},"BTxkVCoObcdkR+a2WvlwkCVOZZuj/GjHEeytFmJKPtUi":{"chainKey":{"counter":0},"chainType":2,"messageKeys":{}},"BRJcJS9cksGyyeje8wrhuE1GKUwkWvZenNvqAhqBWyVL":{"chainKey":{"counter":0},"chainType":2,"messageKeys":{}},"BWqC/I0Ym6NOMtRKESoV9mvXP7EBwO9kYXmEp9MKvQIp":{"chainKey":{"counter":0},"chainType":2,"messageKeys":{}},"BdZBVlkR97BXH81RuIC/Ay0Og5+aVoquRMIp7IFkvgpd":{"chainKey":{"counter":0},"chainType":2,"messageKeys":{}},"BfXjS7tJn9IoijCes4BROEwnv31+iZ4pqM2B5e3EBP1L":{"chainKey":{"counter":0,"key":"NS1CFyAiJozAcjsnqilQ2MaKg+siXH0I4T/Gqh6cwzE="},"chainType":2,"messageKeys":{}},"BTmVxHP/GGD9MZX70JbxhcjeJNmKafI0dLeyu1uS6VRL":{"chainKey":{"counter":26,"key":"K5fr71uuC+aXX0ttduPxOQhSdOre9mvtyKuMygxaQjE="},"chainType":1,"messageKeys":{}}}}},"version":"v1"}