{"_sessions":{"BaIMH8UH+0ceZPOQB9cSeTV0TPB7MdwshfpDCGRit3RM":{"registrationId":1873172197,"currentRatchet":{"ephemeralKeyPair":{"pubKey":"BQScE8u/VzLH/m2mrcJ1uV3seHUoohR9HF2/BnFUOYR6","privKey":"0Jy7dp+AJoFxrxjhTDnjUEMbALRP3OVF/LEX7lfgNXQ="},"lastRemoteEphemeralKey":"BXfEn7H1Ss7JTDQb7pQUyvviumWJl95Bj06xoi2bk9wJ","previousCounter":0,"rootKey":"axZEYMY8Ghitts0JJblb7dfYxIy8KH9TNHK0XrCpiM8="},"indexInfo":{"baseKey":"BaIMH8UH+0ceZPOQB9cSeTV0TPB7MdwshfpDCGRit3RM","baseKeyType":1,"closed":-1,"used":1735857692991,"created":1735857692991,"remoteIdentityKey":"BYVgGdwgvlnI1/ioFa4CUv8Khxv+G3/zSBZqW5JPhihA"},"_chains":{"BQScE8u/VzLH/m2mrcJ1uV3seHUoohR9HF2/BnFUOYR6":{"chainKey":{"counter":0,"key":"8XOdgTKuD50QHaB05goyJRjwiXb4ETOrXQ87uz6sj2E="},"chainType":1,"messageKeys":{}}},"pendingPreKey":{"signedKeyId":1,"baseKey":"BaIMH8UH+0ceZPOQB9cSeTV0TPB7MdwshfpDCGRit3RM","preKeyId":16388587}}},"version":"v1"}