{"_sessions":{"BclcPCNzsU2YDkxpFGHA8sPSQc7mNrJune6lvz+SWJYX":{"registrationId":1168740814,"currentRatchet":{"ephemeralKeyPair":{"pubKey":"BewHh2Cr27oU796g9DJI2r1ki1uh5FkAkFuHvMpfEoUD","privKey":"2OyKGMQpFC4jY1bB/As+oNh9KY8UR6b9lhzJDINSAmg="},"lastRemoteEphemeralKey":"BVFet5I9wKZ1+Scf/qrXOiznFe30AXPultwLmZLf9O0j","previousCounter":0,"rootKey":"zalEATVRvFnkxj7GOQ4QH4Q3L859xMPcNso4R3jQYME="},"indexInfo":{"baseKey":"BclcPCNzsU2YDkxpFGHA8sPSQc7mNrJune6lvz+SWJYX","baseKeyType":2,"closed":-1,"used":1735857937885,"created":1735854248346,"remoteIdentityKey":"BZz2L/fHjKtVGuVzA/OIxBNgDsCJrxFLWClB6eANg7pe"},"_chains":{"BaRLGI3REX/Nr+vZDnTM+Oub7831LtF2GUIyQDtSPrwZ":{"chainKey":{"counter":0},"chainType":2,"messageKeys":{}},"BVLNqJXqW47INeIOXbpm5KjFTDTjfRTDqZezERME9Wp0":{"chainKey":{"counter":1},"chainType":2,"messageKeys":{}},"BfcKgMJn2CEulW8t609GfnLEK+eN8sL7PM6RWXa+2poN":{"chainKey":{"counter":0},"chainType":2,"messageKeys":{}},"BVFet5I9wKZ1+Scf/qrXOiznFe30AXPultwLmZLf9O0j":{"chainKey":{"counter":0,"key":"va7XDLoVuAnadDt1yUZtT5yOQFzYiRusqigiIwr13v8="},"chainType":2,"messageKeys":{}},"BewHh2Cr27oU796g9DJI2r1ki1uh5FkAkFuHvMpfEoUD":{"chainKey":{"counter":-1,"key":"biALfTcxv2B8DWjITWvhIkg7EuvPwTEdu8auIBtaq4E="},"chainType":1,"messageKeys":{}}}}},"version":"v1"}