{"_sessions":{"BcE/Jm9ktMBVGKTG0UwfLTqHIRRZZi0jHq8Yka1LsV5K":{"registrationId":1021972520,"currentRatchet":{"ephemeralKeyPair":{"pubKey":"BUSioU3XTw1QQ0chI+kqCAGQPAL4rwubwIimxo1SgIR9","privKey":"EAavXQfYbeBU0ec9lzsShfXPoGGnYT7oe3Esz5XQ424="},"lastRemoteEphemeralKey":"BdH2HkqvOz7zXJGkFsualMS2m/rvXU17U+pHMON0eHkx","previousCounter":0,"rootKey":"yyrXFvAKZYUNMPy9aIwm3WIM/Sph5zD2GjUPc3rDJ/4="},"indexInfo":{"baseKey":"BcE/Jm9ktMBVGKTG0UwfLTqHIRRZZi0jHq8Yka1LsV5K","baseKeyType":2,"closed":-1,"used":1735858891308,"created":1735851829518,"remoteIdentityKey":"Bf9hcD2EtQHC+O16KmbpgMG2UkomPn9YhBhNGhjeaHs/"},"_chains":{"BS5fwCkK+8RLFRPJl3fp8GEEQQjp37QKvTCo2mcS9YI4":{"chainKey":{"counter":1},"chainType":2,"messageKeys":{}},"Bb2XE7cNS84rqhAxfBHsk/Om3NU/8hmKcMgMT+MdDfEa":{"chainKey":{"counter":4},"chainType":2,"messageKeys":{}},"BXJ6rHIXKwOsyfoOa0IKbUWtSINhGv+fW+baXFjJVS4I":{"chainKey":{"counter":1},"chainType":2,"messageKeys":{}},"BVs+8ezn8f83/HC0w9M/MKAcW5PsdPKGpBCJpvR/9Ixt":{"chainKey":{"counter":1},"chainType":2,"messageKeys":{}},"BdcRoy6sY+bDPyEIqbPhgwXvbNnlRX+2XIYOCsKcw/NR":{"chainKey":{"counter":0},"chainType":2,"messageKeys":{}},"Bak3y5GaziuR6mZBUfzhrgj9sB+AdzTnFJXj+cpRZmRM":{"chainKey":{"counter":1},"chainType":2,"messageKeys":{}},"BRXuelXcA0LEWrWy94USWawDiC1wHhZf5Xu1vIObVVw3":{"chainKey":{"counter":2},"chainType":2,"messageKeys":{}},"Bcs34OUJkjffiLFeLWp+4YUX8v8pWxv3MP5DHS8aMZM5":{"chainKey":{"counter":0},"chainType":2,"messageKeys":{}},"BVk4ltpDu1eCGn48OOYYrcirSRyFkcrxoYkib6R6WXFB":{"chainKey":{"counter":0},"chainType":2,"messageKeys":{}},"BfSR15g4Xou/76uW++gvI2w/djyMJY9cG6fjc04vlpla":{"chainKey":{"counter":1},"chainType":2,"messageKeys":{}},"BaIvIruGfFSLsP0SSnNb/Wq/IVZ6zBGFgkjSciOsdmxJ":{"chainKey":{"counter":2},"chainType":2,"messageKeys":{}},"BWU31JxOTTk5aMT9A8PLveB3GjH4lg0aCtEPhzSPKXgW":{"chainKey":{"counter":1},"chainType":2,"messageKeys":{}},"BXGGNIEAN2nJ7A5BjSVGmVgO3APr+5b7hkHtIgFYGnJN":{"chainKey":{"counter":1},"chainType":2,"messageKeys":{}},"BYwsFc4Zu9XM+8pZL2DXi+tY3oGcAdlFD86u/u0Kwt4H":{"chainKey":{"counter":1},"chainType":2,"messageKeys":{}},"BfTGFs+5QPEZ0qnxgCxJKjc50z96r+AoVmPd4ImKRzBZ":{"chainKey":{"counter":2},"chainType":2,"messageKeys":{}},"BVJGLlFA2ekSa5P4CnFD0Acr9xfLMle5c+F9udnh37wa":{"chainKey":{"counter":1},"chainType":2,"messageKeys":{}},"BXK2NmNY2JltI3Sr0d98KWwQglFHkQ3uPd13CiGWT6N0":{"chainKey":{"counter":1},"chainType":2,"messageKeys":{}},"BdGfunUP1wrm1p2HzdzehohOR5gd0TFItlRPbGqRjf4U":{"chainKey":{"counter":1},"chainType":2,"messageKeys":{}},"BeggVbDEB16hNTg/J7mjy92nDXIQeXnNeMV8jyz4koYZ":{"chainKey":{"counter":1},"chainType":2,"messageKeys":{}},"BZsN3F/4/sqNbJ3u4MgdRhiSeLrmeKBmwAa5BVI+gCRK":{"chainKey":{"counter":1},"chainType":2,"messageKeys":{}},"Bc12bhNiIwYbb69uKexPjLMQrxrEuk5SaSbbNQBNZH90":{"chainKey":{"counter":4},"chainType":2,"messageKeys":{}},"BUBPWi4kcugugxfyPOEdIN8RGCty3KXEvyp0oZSBYxFA":{"chainKey":{"counter":1},"chainType":2,"messageKeys":{}},"Ba7fcaq7ftECHM36Bq69c+hf6O28ZXqTcJ1wtZrKyN9y":{"chainKey":{"counter":1},"chainType":2,"messageKeys":{}},"BQzgML8N70rlfSyx/x+j4V2v/uX4SfAQ++O8NNeJrKYI":{"chainKey":{"counter":0},"chainType":2,"messageKeys":{}},"BRoH453qiMD3idosoaB20dY6Y1KvZG1NLIX9OYc8KMxk":{"chainKey":{"counter":1},"chainType":2,"messageKeys":{}},"BXJSQ+Ccze8wG+4euuuieDWd4GSi1O2DPoXgRkGThHYi":{"chainKey":{"counter":1},"chainType":2,"messageKeys":{}},"BSGPVl9CILdDLoHE1004jlC2ZA06/us2Mf0PrUp3euAT":{"chainKey":{"counter":1},"chainType":2,"messageKeys":{}},"BarZBd1r4x0XJ0BNxLqW5gsyyNwCzKpQx39zZ0yucJp6":{"chainKey":{"counter":1},"chainType":2,"messageKeys":{}},"BZAPwitIoQrGWUZ365YUvaCkWxUHAhXpvjwVskTNKo8A":{"chainKey":{"counter":1},"chainType":2,"messageKeys":{}},"BT/yfeYtnvNHGuUuZvKEXQrslofPDF7rOYk2t2DPS0d+":{"chainKey":{"counter":1},"chainType":2,"messageKeys":{}},"BTu4At2EFxr1L4S567QHEllpXTUTBNL5K1NF4WkYYHIg":{"chainKey":{"counter":1},"chainType":2,"messageKeys":{}},"BRREDKjoE0Zr/QXrIDSQD1jRrrLwEHTfZ6T+CSs+oOEr":{"chainKey":{"counter":0},"chainType":2,"messageKeys":{}},"BdmxCx5RtX7IuHGwlvaQpqs4sxfZuKKci2A6oX3uptMY":{"chainKey":{"counter":0},"chainType":2,"messageKeys":{}},"BezxQBvAxaCWUFjOPZZxhOrBkAko96mWZYyVy5AfvZxP":{"chainKey":{"counter":1},"chainType":2,"messageKeys":{}},"BfAOFi3fY3nyP37u38pi+vTqC8Ma6iO6d1kqoQzzbuFU":{"chainKey":{"counter":1},"chainType":2,"messageKeys":{}},"BXtW3O53s/lDBa4Jcr/Uf9tSqj4BoeK7Me3LfZkmz7Ff":{"chainKey":{"counter":1},"chainType":2,"messageKeys":{}},"BbIV/zm2NVEixsAs2KubBJmVxYpVZbGBI0AWU+RL1ocu":{"chainKey":{"counter":0},"chainType":2,"messageKeys":{}},"BVXlbkcapSZoFBj/d1DiraLOucYAE19zT1RhhxJU8pUs":{"chainKey":{"counter":1},"chainType":2,"messageKeys":{}},"BV24VpDCfnDXk6pennnBzNpDeeNrgnM1ykU+qgxcOmt2":{"chainKey":{"counter":1},"chainType":2,"messageKeys":{}},"BQFoiyowBvYOEMhOlIgwOzn1YUFxV2FF02ZpjVjMXjFY":{"chainKey":{"counter":1},"chainType":2,"messageKeys":{}},"BVG9uOfGy+xAeOocfT/96mqLgYgpGbC8K2tKX3m3s7s1":{"chainKey":{"counter":0},"chainType":2,"messageKeys":{}},"BYyMMDszAyg4XfEJP6AjiOOnhXoR2YmgRrUwWzYmdN8E":{"chainKey":{"counter":1},"chainType":2,"messageKeys":{}},"BdH2HkqvOz7zXJGkFsualMS2m/rvXU17U+pHMON0eHkx":{"chainKey":{"counter":0,"key":"nW0CcY8vp2aXr6hp+Z3SGYv6cYeosvCZU7N3XjH/lTE="},"chainType":2,"messageKeys":{}},"BUSioU3XTw1QQ0chI+kqCAGQPAL4rwubwIimxo1SgIR9":{"chainKey":{"counter":-1,"key":"HCvoH1L4bLcs2JkWCs2sSm0ytRvi+QTVxgvafEGvrDU="},"chainType":1,"messageKeys":{}}}}},"version":"v1"}