{"_sessions":{"BW0IW4RI9bftjMdU/ZwN20aXywMXaFwVWKWZyswb1eE6":{"registrationId":642884550,"currentRatchet":{"ephemeralKeyPair":{"pubKey":"BbkbLdXfH3hFpMNryUFoJLFl9khB8BNWQ6PLMA7RGjsU","privKey":"IPGsls5Z9r3ILKWnzmJW8M376cbMEws6DajL744NeGk="},"lastRemoteEphemeralKey":"BSXnkr7U+HErTbo8eKRKdFYe6HZJOVrzGnDsm1K/kQ9Z","previousCounter":0,"rootKey":"FEj16jIwBJrFEndIpM6CO9i5/Z83WbSG/UJncskEfuo="},"indexInfo":{"baseKey":"BW0IW4RI9bftjMdU/ZwN20aXywMXaFwVWKWZyswb1eE6","baseKeyType":2,"closed":-1,"used":1735850769847,"created":1735850769847,"remoteIdentityKey":"BfApLmtfW+Z/spoY9bySJa0gr05hKlcQvFUEzRHjEUpx"},"_chains":{"BSXnkr7U+HErTbo8eKRKdFYe6HZJOVrzGnDsm1K/kQ9Z":{"chainKey":{"counter":0,"key":"pr/TbCmW3zkSBwphiyL7RLHu9CZ9y3BWxyO8hAeJwOo="},"chainType":2,"messageKeys":{}},"BbkbLdXfH3hFpMNryUFoJLFl9khB8BNWQ6PLMA7RGjsU":{"chainKey":{"counter":0,"key":"0u2t/Qjan1EtzNCb2pxwS6jr3SeX554I5Z/P+wYZVuc="},"chainType":1,"messageKeys":{}}}}},"version":"v1"}