{"_sessions":{"BW6qgo0lVaShxusyO6/MqnjoFdcCda8Ca71sEIasjkw4":{"registrationId":1168740814,"currentRatchet":{"ephemeralKeyPair":{"pubKey":"BZfzz7IaXC0o4yefxwihvuPTJjbajz55OCaF3P5IhA52","privKey":"CODGQhV3MMa33AYCi4z4jDHG6eh2mlL97u7/9Yi2t1U="},"lastRemoteEphemeralKey":"BYOO75XFfw6X7UE1SSYGDlRdV/5rXKe+P106Lf86Swdm","previousCounter":0,"rootKey":"BWvoiEPtKQtRTi2nQ+SYOgcGaGISX2An7OhLu1PUOzc="},"indexInfo":{"baseKey":"BW6qgo0lVaShxusyO6/MqnjoFdcCda8Ca71sEIasjkw4","baseKeyType":2,"closed":-1,"used":1735853442093,"created":1735853442093,"remoteIdentityKey":"BZz2L/fHjKtVGuVzA/OIxBNgDsCJrxFLWClB6eANg7pe"},"_chains":{"BYOO75XFfw6X7UE1SSYGDlRdV/5rXKe+P106Lf86Swdm":{"chainKey":{"counter":0,"key":"TWbSeFz2DCBLxJ+gGx8iqw7ApPCfBLNam5UIxHcSUjY="},"chainType":2,"messageKeys":{}},"BZfzz7IaXC0o4yefxwihvuPTJjbajz55OCaF3P5IhA52":{"chainKey":{"counter":-1,"key":"fGd9Pita4SR7DlCFlRKOCDMCZlimNPlT7Fhf0ImqCoQ="},"chainType":1,"messageKeys":{}}}}},"version":"v1"}