{"_sessions":{"BfevbX1dZ8LJP52rGtvfgw5Tu/QZmj4TkzQ9e/pqJxNb":{"registrationId":143,"currentRatchet":{"ephemeralKeyPair":{"pubKey":"Bfc2D2k4p0gFUSrfzDkLjcOnRwhoTyxCk2DyUOhfcCZ4","privKey":"2OrQJtVMkPTugD3mlECcNOyY+VAA7ZRPYm5xUEfE+XI="},"lastRemoteEphemeralKey":"Bb7JzAhAuhmELwVyb8dvscmsOAESWHzxlfavx2B4gnIf","previousCounter":0,"rootKey":"JINqQ7xkijeV87Vp2lToBeMaWF/SUpad6WpIxwmekcE="},"indexInfo":{"baseKey":"BfevbX1dZ8LJP52rGtvfgw5Tu/QZmj4TkzQ9e/pqJxNb","baseKeyType":1,"closed":-1,"used":1735853918374,"created":1735853918374,"remoteIdentityKey":"BRyrnSQctkaqiZ0Udz4aojSZ8d7zNMvRwjOCuhlIQ3Yn"},"_chains":{"Bfc2D2k4p0gFUSrfzDkLjcOnRwhoTyxCk2DyUOhfcCZ4":{"chainKey":{"counter":1,"key":"fT1V9G8SXFSPCFtzHwed3G5/Hw+trMz5soH4pKOM7Zc="},"chainType":1,"messageKeys":{}}},"pendingPreKey":{"signedKeyId":1,"baseKey":"BfevbX1dZ8LJP52rGtvfgw5Tu/QZmj4TkzQ9e/pqJxNb"}}},"version":"v1"}