{"_sessions":{"BawGUEma9qDkTjJU5APTIVn1nqmBYnMrfONtXV8FElVg":{"registrationId":475208888,"currentRatchet":{"ephemeralKeyPair":{"pubKey":"BfSv8amM83+8vFIz/JWqpcs3sMkX9UL2UDUB5gjG7IVc","privKey":"SBoPf10Wl5UVAPta/uZjllWK7pD75zSE1cl4Ur7AUV4="},"lastRemoteEphemeralKey":"BXfFYnyPESLQolB1xUJ0FyxGzAEZjp+033QsQ+e3oxp9","previousCounter":0,"rootKey":"a88qLWWeJC/RQ+8lMUd22elmM17PjAXjixlP061e2yI="},"indexInfo":{"baseKey":"BawGUEma9qDkTjJU5APTIVn1nqmBYnMrfONtXV8FElVg","baseKeyType":1,"closed":-1,"used":1735858681638,"created":1735858681638,"remoteIdentityKey":"Bc7nGz6YxC2Akm6c8p5iqsHZ6MUsQe0jj7Pz6FNsCThO"},"_chains":{"BfSv8amM83+8vFIz/JWqpcs3sMkX9UL2UDUB5gjG7IVc":{"chainKey":{"counter":0,"key":"TxBFgIWQJg7H8tIIM5MpV/SjmVYoEYMXfrTBqiSd4gI="},"chainType":1,"messageKeys":{}}},"pendingPreKey":{"signedKeyId":13,"baseKey":"BawGUEma9qDkTjJU5APTIVn1nqmBYnMrfONtXV8FElVg","preKeyId":2658616}}},"version":"v1"}