{"_sessions":{"BeDsnvUMfWcL90bp13xuogTcFtmXjDMGJeqV4aCAaNtz":{"registrationId":1688878056,"currentRatchet":{"ephemeralKeyPair":{"pubKey":"BTdBeykJx85jYsVe+lWaALsd9FLCR80LmI+BCfRc6cAb","privKey":"UJ3SFejPpqnne9r8gERFTA8dWh6xbIOfq/eZ8dhJEWA="},"lastRemoteEphemeralKey":"BZnKBjASbZoKyycncDcujoRK8Gje0YtCfWGJnfzGCeky","previousCounter":0,"rootKey":"tafoiVOu4J+0mOqv3Yjz9D7KegEOLz+nGWGCN8+qAkI="},"indexInfo":{"baseKey":"BeDsnvUMfWcL90bp13xuogTcFtmXjDMGJeqV4aCAaNtz","baseKeyType":1,"closed":-1,"used":1735857693011,"created":1735857693011,"remoteIdentityKey":"BdHFsGTMQs35LE+DLT582kBG06tIm25TVvhOEk9npKN5"},"_chains":{"BTdBeykJx85jYsVe+lWaALsd9FLCR80LmI+BCfRc6cAb":{"chainKey":{"counter":0,"key":"Ybb0CAJBQprwn8qOZ9mhbGcUpL/+abj+uVwBskz9Eg8="},"chainType":1,"messageKeys":{}}},"pendingPreKey":{"signedKeyId":0,"baseKey":"BeDsnvUMfWcL90bp13xuogTcFtmXjDMGJeqV4aCAaNtz","preKeyId":3704717}}},"version":"v1"}