{"_sessions":{"Bfe7Q6M06WNBAeG8Rg5pPEF9UIMj4ldYKRBBlMB/lNlI":{"registrationId":151217352,"currentRatchet":{"ephemeralKeyPair":{"pubKey":"BYsDA/1QVvrxXh3FJBPoI/rsSlUMcG04V94tNppU1Pdy","privKey":"UNfB1OasYUt30esGxtlBWJvv+NsZ8iCgfzqGrWN2in4="},"lastRemoteEphemeralKey":"Be+TboArOzl3t5jiTmH8qYKxiybHud7W+kTwUkMKPwl1","previousCounter":0,"rootKey":"TavL75+dUKnRGVBK6PYwDLOUIaCnJO5lq9GE0Ups9CY="},"indexInfo":{"baseKey":"Bfe7Q6M06WNBAeG8Rg5pPEF9UIMj4ldYKRBBlMB/lNlI","baseKeyType":1,"closed":-1,"used":1735852241636,"created":1735852241636,"remoteIdentityKey":"BZENTCHmCCTJHLNzlAa+dIDnjo1ROoDx0Lojb//sCjUD"},"_chains":{"BYsDA/1QVvrxXh3FJBPoI/rsSlUMcG04V94tNppU1Pdy":{"chainKey":{"counter":0,"key":"VmjEXAfF3UCDV/iSei45hFrkIQkBTDd3A2D3Z/oqYFE="},"chainType":1,"messageKeys":{}}},"pendingPreKey":{"signedKeyId":3,"baseKey":"Bfe7Q6M06WNBAeG8Rg5pPEF9UIMj4ldYKRBBlMB/lNlI","preKeyId":10049090}}},"version":"v1"}