{"_sessions":{"BfSI8cr/8ivKZK4Zi4vQVVMd2Oy8A+NxVtTuVwD2Or5C":{"registrationId":42,"currentRatchet":{"ephemeralKeyPair":{"pubKey":"BTEUZzVV9M7yxVMzemWXdycv25YKaLXXChXfEBxJARpH","privKey":"cOKRRRXB5g8ZqBdWUJLLSVhM/a6O4k0Y3IaHrT8Lg0U="},"lastRemoteEphemeralKey":"Bd+iVzR+q4qJjZeAn81KWXsTasuXxV4CxeWECv63n+oX","previousCounter":0,"rootKey":"3CJLRhUIaX8w0J38i1psHhwQDyOf4scyFEZBzuwJJF0="},"indexInfo":{"baseKey":"BfSI8cr/8ivKZK4Zi4vQVVMd2Oy8A+NxVtTuVwD2Or5C","baseKeyType":1,"closed":-1,"used":1735854035811,"created":1735854035811,"remoteIdentityKey":"BeYBHcD8n4QoZqbEYZXXux7gMKRS0T3SdwkZQYLaSVBu"},"_chains":{"BTEUZzVV9M7yxVMzemWXdycv25YKaLXXChXfEBxJARpH":{"chainKey":{"counter":1,"key":"9UkwPK7gsOs7IhIoB2dP4mwR0BWJsUIuyE+n4IOtyZs="},"chainType":1,"messageKeys":{}}},"pendingPreKey":{"signedKeyId":1,"baseKey":"BfSI8cr/8ivKZK4Zi4vQVVMd2Oy8A+NxVtTuVwD2Or5C","preKeyId":16}}},"version":"v1"}