{"_sessions":{"Be7bCEzBBF8Lt4rsmYPKKqT3HLW8KNQabXpUcxGpfyAV":{"registrationId":1184081488,"currentRatchet":{"ephemeralKeyPair":{"pubKey":"BT8vbK1Mn41XpBdv/2S0aCsoMdqtHcgQVtThy5RJi3Jm","privKey":"wLPamxhNrVTxg4etGrkoyh8tuYbE6mfmgpo6FGiU4Hg="},"lastRemoteEphemeralKey":"BX3Gijt55efet+3NsPGSUbZDRapZ/ESOBhZtY0+IE8kw","previousCounter":0,"rootKey":"9+9ELDmzBW+/Y6iEWULRjcOY7O817dsSPtessk19Ab4="},"indexInfo":{"baseKey":"Be7bCEzBBF8Lt4rsmYPKKqT3HLW8KNQabXpUcxGpfyAV","baseKeyType":1,"closed":-1,"used":1735857693037,"created":1735857693037,"remoteIdentityKey":"BTwM+u+VCnRpHHtIL4s7KG8gNjXbeSqo79gzUdkvofBV"},"_chains":{"BT8vbK1Mn41XpBdv/2S0aCsoMdqtHcgQVtThy5RJi3Jm":{"chainKey":{"counter":0,"key":"mIB7PJqh77nTvru1qPUM/hLUkg+yTs1lwCTNXhyqPkg="},"chainType":1,"messageKeys":{}}},"pendingPreKey":{"signedKeyId":12,"baseKey":"Be7bCEzBBF8Lt4rsmYPKKqT3HLW8KNQabXpUcxGpfyAV"}}},"version":"v1"}