{"_sessions":{"BeMpNhyot5YEAosVNFOCXLJIOX8U0//BVYXjhIM1qKEq":{"registrationId":1955962922,"currentRatchet":{"ephemeralKeyPair":{"pubKey":"BWycrgh5eDIBmQDz/7eP5q1U1JZa0RYkuaWrv9Rokycm","privKey":"2MQxtJxrncE573GLogKVwsrTv7/0M7doGfsNKsgXFGs="},"lastRemoteEphemeralKey":"BUDkYJQ0EYYo9tFJgp9+W3ua9Q1Z8SNSesX2+3B14oMF","previousCounter":0,"rootKey":"3Op4ASCy+NDqoW+B5iwVV30MKFr3U41GK/k7JBTyEig="},"indexInfo":{"baseKey":"BeMpNhyot5YEAosVNFOCXLJIOX8U0//BVYXjhIM1qKEq","baseKeyType":1,"closed":-1,"used":1735858457415,"created":1735858457415,"remoteIdentityKey":"BRtOBhnq2r09p0k9GbDrw1Gu4nTRCD8shCU0UPdQjR1P"},"_chains":{"BWycrgh5eDIBmQDz/7eP5q1U1JZa0RYkuaWrv9Rokycm":{"chainKey":{"counter":25,"key":"oRzjIxfMEL1QsjB9go/6WI0/bwqF7E8D5MKj3e28KYU="},"chainType":1,"messageKeys":{}}},"pendingPreKey":{"signedKeyId":3,"baseKey":"BeMpNhyot5YEAosVNFOCXLJIOX8U0//BVYXjhIM1qKEq","preKeyId":14173240}}},"version":"v1"}