{"_sessions":{"BYbiOCzJr3jI5bz38j2ba1VeQRyB837pQsCBQLx4r0FN":{"registrationId":713695199,"currentRatchet":{"ephemeralKeyPair":{"pubKey":"BbuaOzVEsEaZJu5KOdlXia0Uui5fVzgPo3zbhz82Rghe","privKey":"iBjhVjjuDxWRhQVy3HjHklqrqf9Mf8Ge61xS8UgXSUI="},"lastRemoteEphemeralKey":"BfPC35iI8kBJY09I6ebtQWsy9IHDYjb8l7ubqANOjSky","previousCounter":0,"rootKey":"7VusvQYEoeYbA74l8bUXKNKPNkW4LGEm4DrU7sGtch4="},"indexInfo":{"baseKey":"BYbiOCzJr3jI5bz38j2ba1VeQRyB837pQsCBQLx4r0FN","baseKeyType":1,"closed":-1,"used":1735852241793,"created":1735852241793,"remoteIdentityKey":"BcCMy/IZhSZ9HlV5u0x580gQbqj8ZLR1iAiu3oCx7plU"},"_chains":{"BbuaOzVEsEaZJu5KOdlXia0Uui5fVzgPo3zbhz82Rghe":{"chainKey":{"counter":0,"key":"gwSMlyjWZf7MvHFuspAJT6DWeIUStY3RVayogVyFcV8="},"chainType":1,"messageKeys":{}}},"pendingPreKey":{"signedKeyId":7,"baseKey":"BYbiOCzJr3jI5bz38j2ba1VeQRyB837pQsCBQLx4r0FN","preKeyId":591578}}},"version":"v1"}