{"_sessions":{"BX1d+tV5ci5RFzGlyfWxz4P6tozFAaosYEIAP3K9pVgK":{"registrationId":184,"currentRatchet":{"ephemeralKeyPair":{"pubKey":"BRMu6ad09XL8pttFXVbrCl14H4Vv+L8UWG9L6CCW5Zps","privKey":"MAlVYK7tZNQsAde3cr1uIZXQ916AuwnXq5ly3g4HPnk="},"lastRemoteEphemeralKey":"BZZRDQwcQVEWc9gdJEb9LaUDouv19+O7V77yRETP6llL","previousCounter":0,"rootKey":"CTAbpz+NuA+ZWecW2iJ6kG8iArbt9if459oOSV0Q+GE="},"indexInfo":{"baseKey":"BX1d+tV5ci5RFzGlyfWxz4P6tozFAaosYEIAP3K9pVgK","baseKeyType":1,"closed":-1,"used":1735858645685,"created":1735858406603,"remoteIdentityKey":"BfMONFda/OsAZg40Wm5CVrpcrlX4vBKzBUtteCTD2MID"},"_chains":{"Bf6wuBrVcL2fUkcclurOvZH6Zx4iBbu7qcJC2nJGWkRy":{"chainKey":{"counter":1},"chainType":2,"messageKeys":{}},"Bai4nm5wU9gBA1s0wea7B3Q/r0KUjzTMoNw754BDd1Jz":{"chainKey":{"counter":0},"chainType":2,"messageKeys":{}},"BZg0Ybv0k4fBE+prdp6UWcagTO1/iwl6XJp42tz/1911":{"chainKey":{"counter":0},"chainType":2,"messageKeys":{}},"BZZRDQwcQVEWc9gdJEb9LaUDouv19+O7V77yRETP6llL":{"chainKey":{"counter":0,"key":"uUmlCT1F36A3tWjU9Xht1ubrO880tEhZBR69za/QXNU="},"chainType":2,"messageKeys":{}},"BRMu6ad09XL8pttFXVbrCl14H4Vv+L8UWG9L6CCW5Zps":{"chainKey":{"counter":19,"key":"xRkxV7yS5qzhq720rdYhZZD8j7QfbKaOsYjp15vpUm0="},"chainType":1,"messageKeys":{}}}}},"version":"v1"}