{"_sessions":{"Ba0Yf0vnCZHNIze/xBqhYbKtk8oK/oqSveiRevtEkNYc":{"registrationId":1341185809,"currentRatchet":{"ephemeralKeyPair":{"pubKey":"BellMFvBDvtW55tDBaaJ2ij82cDb30DqSkj/QMmsPTxp","privKey":"cFRo7XOX9BCVSj1cwd8GENbbWE3umdFKSIni0a+sJn0="},"lastRemoteEphemeralKey":"BdC2qwXHtzkPhpxkPNe5GfgEgDhfBeTJ/kDfatBB6ilp","previousCounter":0,"rootKey":"6ObisRNC5P/YcLnz+V/w0/fS4bPmSsKK906cjgyJJP0="},"indexInfo":{"baseKey":"Ba0Yf0vnCZHNIze/xBqhYbKtk8oK/oqSveiRevtEkNYc","baseKeyType":1,"closed":-1,"used":1735852241808,"created":1735852241808,"remoteIdentityKey":"BRrMIZK0AX1nV0U2JN904z5wcXZc0vd0eEuv+hSg7hZA"},"_chains":{"BellMFvBDvtW55tDBaaJ2ij82cDb30DqSkj/QMmsPTxp":{"chainKey":{"counter":0,"key":"y9FafUDDFgGurepQ8bAnJT38YUQ5svcT6RhLJRF+aU8="},"chainType":1,"messageKeys":{}}},"pendingPreKey":{"signedKeyId":13,"baseKey":"Ba0Yf0vnCZHNIze/xBqhYbKtk8oK/oqSveiRevtEkNYc","preKeyId":9169607}}},"version":"v1"}