{"_sessions":{"BasD8VelMZE2zaLvY9m9Uy2MvOd9NzJbH4oKhynorhxW":{"registrationId":1499382120,"currentRatchet":{"ephemeralKeyPair":{"pubKey":"BcSjJa9EFWvnnsGCodFi0O8TDMnY1MKiyouRwOoIgMBu","privKey":"uDnvLs6Q2t+Hh2oaPfKJaHys6UlF7/TyNYr0bhVSQEA="},"lastRemoteEphemeralKey":"BdHffuTQ1JrpcMsTGEmK09eOw7vXC41cKlUgJXbIQEpx","previousCounter":0,"rootKey":"93GZKGzU3eb5u63hjWykFb0Ydc6RzISWrylm2bN2clI="},"indexInfo":{"baseKey":"BasD8VelMZE2zaLvY9m9Uy2MvOd9NzJbH4oKhynorhxW","baseKeyType":1,"closed":-1,"used":1735857692947,"created":1735857692947,"remoteIdentityKey":"Bffl+Z3eAbTi+JwNQEEGxcFnZ+G38rlT4QAzB4StVjwl"},"_chains":{"BcSjJa9EFWvnnsGCodFi0O8TDMnY1MKiyouRwOoIgMBu":{"chainKey":{"counter":0,"key":"3L0C0hMvK8DqbYe8S7sj2STF1jgIEi9TafFphRSVl1I="},"chainType":1,"messageKeys":{}}},"pendingPreKey":{"signedKeyId":25,"baseKey":"BasD8VelMZE2zaLvY9m9Uy2MvOd9NzJbH4oKhynorhxW","preKeyId":1530824}}},"version":"v1"}