{"_sessions":{"BTJJ0Eeq9VCj8zGqraWzpbWq6Z/jw0IZxf3bg/LVDuM1":{"registrationId":51666863,"currentRatchet":{"ephemeralKeyPair":{"pubKey":"BUcTjCRsWaiL6j6zymer4nl8cYhYI5Yki/C4DFWa7EwV","privKey":"IKkOu2A0CTnQa/pxkxtuaYeEaCSY1IWyOjlw91cl63Q="},"lastRemoteEphemeralKey":"BWrPpU/M2Al8G5E70CDMvjk7ZoWSwXa2IUEhwwmy/jEC","previousCounter":0,"rootKey":"5/HfI5Q75DTqwPx3mimV6fc3wIp1XE0OwQnUMOT0U9Q="},"indexInfo":{"baseKey":"BTJJ0Eeq9VCj8zGqraWzpbWq6Z/jw0IZxf3bg/LVDuM1","baseKeyType":1,"closed":-1,"used":1735857692941,"created":1735857692941,"remoteIdentityKey":"BQVju/ZnaqD6lOkQ+Wj4lQgVn4Cbv/VlpPJC0kuG/lAK"},"_chains":{"BUcTjCRsWaiL6j6zymer4nl8cYhYI5Yki/C4DFWa7EwV":{"chainKey":{"counter":0,"key":"wx2CETR2sUYsNAtIM6f+JGzprTPaTwhIJEx6Be1iFAU="},"chainType":1,"messageKeys":{}}},"pendingPreKey":{"signedKeyId":2,"baseKey":"BTJJ0Eeq9VCj8zGqraWzpbWq6Z/jw0IZxf3bg/LVDuM1","preKeyId":11455450}}},"version":"v1"}