{"_sessions":{"BcEmO+617oTUXnKxModI6fMu0zmX/Fvnqu2Bff/nwjRP":{"registrationId":2062156095,"currentRatchet":{"ephemeralKeyPair":{"pubKey":"BQ/4ZQoIMx2fMeOtu9OGVQpD4G0h+PLFwU2VqN1BC+cX","privKey":"sP3ZU1AjL6tfRKKUV4zBppninY4gra/CepFVOHRE/Vg="},"lastRemoteEphemeralKey":"BegTSrei4JnIIVrr1Oc8zKqkXbPE/NOna5bToPNg8YMI","previousCounter":0,"rootKey":"cyEvcyti4j8PPcxm647+EK0KKqNtLcXAc+ECDsRSoH4="},"indexInfo":{"baseKey":"BcEmO+617oTUXnKxModI6fMu0zmX/Fvnqu2Bff/nwjRP","baseKeyType":1,"closed":-1,"used":1735857692924,"created":1735857692924,"remoteIdentityKey":"BZ8QehfZLGoP4pWTfNCjts816vEHZ3YW5eFkCr/Omks2"},"_chains":{"BQ/4ZQoIMx2fMeOtu9OGVQpD4G0h+PLFwU2VqN1BC+cX":{"chainKey":{"counter":0,"key":"YpFkL0ZrFhu3jwG6YOvkWvnoPyV7q9YF8Qcr8cRTpx0="},"chainType":1,"messageKeys":{}}},"pendingPreKey":{"signedKeyId":1,"baseKey":"BcEmO+617oTUXnKxModI6fMu0zmX/Fvnqu2Bff/nwjRP","preKeyId":1854965}}},"version":"v1"}