{"_sessions":{"BUC4etBKDslmf/tfWCwWv/lcu5iHFFkaah1MTFDxUZof":{"registrationId":1578359847,"currentRatchet":{"ephemeralKeyPair":{"pubKey":"BVfkqPI/Fcq5fPZRTQ9uj+ONQl8fABerjvm53hSw7xQ9","privKey":"2BU9NmwriQEC4qFAaZp4irA9XAl9ic0hSAPErNq9XHY="},"lastRemoteEphemeralKey":"BWCvkrVLFkgOQPWZm0eDvfua/W31eAxHg7mdcMaHOdFX","previousCounter":0,"rootKey":"vBKnsocWeHnrnJrjHrIRt+TSVR3zxS0va7ntgpeyzLw="},"indexInfo":{"baseKey":"BUC4etBKDslmf/tfWCwWv/lcu5iHFFkaah1MTFDxUZof","baseKeyType":1,"closed":-1,"used":1735857692981,"created":1735857692981,"remoteIdentityKey":"BUefnk1RdNZotcucH4Q1mm0CMfHoZSvn1KtHF7RtgMw/"},"_chains":{"BVfkqPI/Fcq5fPZRTQ9uj+ONQl8fABerjvm53hSw7xQ9":{"chainKey":{"counter":0,"key":"TmvS2ECfPN4c2cvkFGtkzoqEMqULjBDJoV5aHkNJwrA="},"chainType":1,"messageKeys":{}}},"pendingPreKey":{"signedKeyId":5,"baseKey":"BUC4etBKDslmf/tfWCwWv/lcu5iHFFkaah1MTFDxUZof","preKeyId":8480122}}},"version":"v1"}