{"_sessions":{"BVmkSfbjlMwwT/4Ysj6B6yVdwbcqZAmxy2xHNggm+2VQ":{"registrationId":954171683,"currentRatchet":{"ephemeralKeyPair":{"pubKey":"BfOdiHE5HPsYohwzr22rjoZSG3HWSJz7c8jayNT05EFv","privKey":"4Fgutrj65tKGd0xzxebbjqyJGMZKBXXw9e22MECdb3M="},"lastRemoteEphemeralKey":"BRaGPnoJ+Xar6S3HuJY40DLPdLisryiqF4tal6GmD5Nj","previousCounter":0,"rootKey":"hMleLWAeeuAwX0z+F6E0coMWwem2sYjpKhDeOSyybGw="},"indexInfo":{"baseKey":"BVmkSfbjlMwwT/4Ysj6B6yVdwbcqZAmxy2xHNggm+2VQ","baseKeyType":1,"closed":-1,"used":1735858890429,"created":1735858453227,"remoteIdentityKey":"BdV10MI0YGcTUlQrL2nseLLrI9BjBjcFKHJwG7ULHO4V"},"_chains":{"BWQMQf1J1yFWJSepAcUCK1TkEhwMJEk2OOnCyF//RkB2":{"chainKey":{"counter":0},"chainType":2,"messageKeys":{}},"BdKBlxKjFErQJnvGILyRPQ7sNIFYbrr5aTWXeMuWPuBJ":{"chainKey":{"counter":0},"chainType":2,"messageKeys":{}},"BSe1mgvxDeIWe+wXRNKTKqL++gPxlxieKnC22CuPwulc":{"chainKey":{"counter":0},"chainType":2,"messageKeys":{}},"BRrDMKyvw0lMysoSQQM6PFw8Qmg9Izgz5O1XLgRdevkW":{"chainKey":{"counter":0},"chainType":2,"messageKeys":{}},"BXNfgEx2PtVu5CtP4CG0+jUeYsij1AHE9iB/YtGUzzRo":{"chainKey":{"counter":0},"chainType":2,"messageKeys":{}},"Be6SmPc2v8aMrFwLaJS73iJQeStmH2vr3+M/YotCwEQ1":{"chainKey":{"counter":0},"chainType":2,"messageKeys":{}},"BZfZOKpH2HAAH+VKY78YJ2WRPItqyD+qKVpjyOHEEzdd":{"chainKey":{"counter":0},"chainType":2,"messageKeys":{}},"BVvGjtUV+WP4LDJX9rS4hEWJ0NDUjuKOb3RkfRSyDbB5":{"chainKey":{"counter":0},"chainType":2,"messageKeys":{}},"BYcBxv2yTugGReTokDu6rbho9TbwdNFLvxdaBoPOTkVR":{"chainKey":{"counter":0},"chainType":2,"messageKeys":{}},"BaXMnvjw/Po0jlgFYIzFUfgAZzPubevOYuL5+zNL1PFv":{"chainKey":{"counter":0},"chainType":2,"messageKeys":{}},"BU+VKdYrQoVR8LwVEd5Pf0yo+m8P+1y0deiF+fedE8B4":{"chainKey":{"counter":0},"chainType":2,"messageKeys":{}},"BTYIS0H1Bc+0ECnPu+979nvVvBoNxjP9gVpuIzHoGW5N":{"chainKey":{"counter":0},"chainType":2,"messageKeys":{}},"BVAyhGBXOQI060blT5+iLjVox4BLlbMjh3m8igo421kh":{"chainKey":{"counter":0},"chainType":2,"messageKeys":{}},"BbZGiLrLqVc4YMN79IfE/eANh//Bbm2O5iLNEY27bn4E":{"chainKey":{"counter":0},"chainType":2,"messageKeys":{}},"BR8Tm+PQu21vWq4jNakP7t7diLZ01FO0w/sHydNxGUFd":{"chainKey":{"counter":0},"chainType":2,"messageKeys":{}},"BRaGPnoJ+Xar6S3HuJY40DLPdLisryiqF4tal6GmD5Nj":{"chainKey":{"counter":0,"key":"i9XbQo9xBfvMHuxo7nK5cqvfBiLfqHM6oPV5vtRpgZY="},"chainType":2,"messageKeys":{}},"BfOdiHE5HPsYohwzr22rjoZSG3HWSJz7c8jayNT05EFv":{"chainKey":{"counter":-1,"key":"fFsbtZYgoeKk6zA+sTCBL76ETekEzbc/Hnatm5rlIko="},"chainType":1,"messageKeys":{}}}}},"version":"v1"}