{"_sessions":{"Be6A6PqBZN3x3uSjHewaF8hV8MpM9pOibfRk3s0AmOku":{"registrationId":2122058104,"currentRatchet":{"ephemeralKeyPair":{"pubKey":"BQwUjB4PYQUukrZcr0lZn+R+O1zIhWV8DujyGidjmip4","privKey":"EEZUZP3hteeonJ79l+wD+HlpCNjK0QhDvh9xkNgrx3Q="},"lastRemoteEphemeralKey":"BaAqgs9lPwjjrtInRgshTAiYRhNhJuEfPZvIDmcMWvYI","previousCounter":0,"rootKey":"CyIZps1AyUK8vHW4saPwN9nbbngFC2csS1AylrcVvAQ="},"indexInfo":{"baseKey":"Be6A6PqBZN3x3uSjHewaF8hV8MpM9pOibfRk3s0AmOku","baseKeyType":2,"closed":-1,"used":1735850938881,"created":1735850814803,"remoteIdentityKey":"BXKq9YKioxRiTiLyXyu9UzsK6qQTTXKa9vBvCgI6/RRm"},"_chains":{"BU/ZeDPMdmWVLhc+UQ8SWyP2wvoH8hMugHKdKwskbT8/":{"chainKey":{"counter":0},"chainType":2,"messageKeys":{}},"Bb5D2pUUmn0co2CDnMuWDF7yViSL9JYhZW/CoF9Y7K0H":{"chainKey":{"counter":1},"chainType":2,"messageKeys":{}},"BaAqgs9lPwjjrtInRgshTAiYRhNhJuEfPZvIDmcMWvYI":{"chainKey":{"counter":0,"key":"J03OwPltsHMNOtjhOTzP7y5FpiW9TsXu0kni1y4ReE4="},"chainType":2,"messageKeys":{}},"BQwUjB4PYQUukrZcr0lZn+R+O1zIhWV8DujyGidjmip4":{"chainKey":{"counter":-1,"key":"ScimkTxbOp92NVHWq3CEJkQWNZQu9IjdLZDJbH8pflY="},"chainType":1,"messageKeys":{}}}}},"version":"v1"}