{"_sessions":{"BchpQtSjPSx910Z9/387cXs6V9nSfv61+KpqA40/3cxX":{"registrationId":197,"currentRatchet":{"ephemeralKeyPair":{"pubKey":"BXhWPSBtkW5NBcAZmollKJZiwEjeio9T2wuLav4TuOp/","privKey":"OMe/F7gwfekXpnM9QAXeEUZ5NJ5TMzuNzzJ4uDGKGk0="},"lastRemoteEphemeralKey":"BREVtByyLxMkJfWf68zY9g1p5WOMn7lvfRpbylMGLrwz","previousCounter":0,"rootKey":"5txbRDAQGejhWW4oyE5RObrSB1nqJ6WEndDDanv5V8E="},"indexInfo":{"baseKey":"BchpQtSjPSx910Z9/387cXs6V9nSfv61+KpqA40/3cxX","baseKeyType":1,"closed":-1,"used":1735857692801,"created":1735857692801,"remoteIdentityKey":"BR32/iynR+kPzNs9o8qauOOKELlk7n0ieUABfMbf5fp4"},"_chains":{"BXhWPSBtkW5NBcAZmollKJZiwEjeio9T2wuLav4TuOp/":{"chainKey":{"counter":0,"key":"qFACq1/gM5dybtXSix5M6kprBtOwuWd7v+aDzl2g1wY="},"chainType":1,"messageKeys":{}}},"pendingPreKey":{"signedKeyId":1,"baseKey":"BchpQtSjPSx910Z9/387cXs6V9nSfv61+KpqA40/3cxX"}}},"version":"v1"}