{"_sessions":{"BUVxRGEDEGPsv2CaTCb9tujQkzBzJUcrtLypw7mxODN+":{"registrationId":676132703,"currentRatchet":{"ephemeralKeyPair":{"pubKey":"BQwN8vSNoQc2h2Qug4heWPuX26jW8qLChyx3FE6MXTZz","privKey":"GCdeXkRQgIicF4pU1U20A/M/PhG98AZF+vIQEMWjYHY="},"lastRemoteEphemeralKey":"BcwZPMkaClBB0AdU0cm9KyT/60DO/0RhWYH+rS9KLv5D","previousCounter":0,"rootKey":"IJX6ZG9P5QE+5T+wvqFyBaf/fF1XSb31UO/FLIwApMA="},"indexInfo":{"baseKey":"BUVxRGEDEGPsv2CaTCb9tujQkzBzJUcrtLypw7mxODN+","baseKeyType":1,"closed":-1,"used":1735857692877,"created":1735857692877,"remoteIdentityKey":"BSP6+4zDgt/ObaWXGsOFoWkJiveEYy4MImU0DmB80NpW"},"_chains":{"BQwN8vSNoQc2h2Qug4heWPuX26jW8qLChyx3FE6MXTZz":{"chainKey":{"counter":0,"key":"srY1XStbKJvMTw+9YcM3Tpw+gJ3KyW4jNeukG3L8U7E="},"chainType":1,"messageKeys":{}}},"pendingPreKey":{"signedKeyId":3,"baseKey":"BUVxRGEDEGPsv2CaTCb9tujQkzBzJUcrtLypw7mxODN+","preKeyId":10015870}}},"version":"v1"}