{"_sessions":{"BQcWykmf1UQZVNHtHW4fWMRlMrTD3C7VBfWf4OPVeLoQ":{"registrationId":740697840,"currentRatchet":{"ephemeralKeyPair":{"pubKey":"BWf9f/oqrRvBnVQiL1W/ddaYlRIb0UEOm/l8Gq7xS8I/","privKey":"4IV56OYgXP24LfbIBQioWqwHzuc2G4BqCSDyRYKAJX4="},"lastRemoteEphemeralKey":"BX+DSzp+xISxiQj7eeiSF5G/YTe3tZS7PW8jr+HMQusi","previousCounter":0,"rootKey":"47Rz0ecHzBH53TrmtXarCgB8cSytBS0/AoqPRd39Jxs="},"indexInfo":{"baseKey":"BQcWykmf1UQZVNHtHW4fWMRlMrTD3C7VBfWf4OPVeLoQ","baseKeyType":2,"closed":-1,"used":1735858320640,"created":1735858108019,"remoteIdentityKey":"BXTWi8WMiT4M/GZQ+CeXViJ9dGjlAZX/NqkODhRaoih+"},"_chains":{"BR9ymNu3Cxw/gPd7m1zLqvY/DJwvTqzlWizNYZmEkpV+":{"chainKey":{"counter":1},"chainType":2,"messageKeys":{}},"BXZ0qBM5lf7+D+FLjrX67hOBDFl3zxOECp6qqNTU0YsW":{"chainKey":{"counter":0},"chainType":2,"messageKeys":{}},"BauWPXtHItwGfdbEw7jf+r2iaWv3m6CNeQSeZRJOHrE5":{"chainKey":{"counter":0},"chainType":2,"messageKeys":{}},"BWJ86jov7e/+Sxku8GgAHwicomECuHPK1PNHfotu4p5S":{"chainKey":{"counter":0},"chainType":2,"messageKeys":{}},"BSLm2FIXadwCtvHrj3TDH+RvYZIlKVqN0aVny2ieNp5e":{"chainKey":{"counter":0},"chainType":2,"messageKeys":{}},"BX+DSzp+xISxiQj7eeiSF5G/YTe3tZS7PW8jr+HMQusi":{"chainKey":{"counter":0,"key":"nmjZ5Q1rtZMr9csuDDDYdAEErqs7A3lrq723QzYz+rg="},"chainType":2,"messageKeys":{}},"BWf9f/oqrRvBnVQiL1W/ddaYlRIb0UEOm/l8Gq7xS8I/":{"chainKey":{"counter":0,"key":"UTyLnHtFsEhWnbpIA9ykONrCCofXnnZNBYmE0gSjRgA="},"chainType":1,"messageKeys":{}}}}},"version":"v1"}