{"_sessions":{"BV+8sVZAAiFBn48ff6fOZa4DxGr94fYo7qteiwG+n51A":{"registrationId":1145193411,"currentRatchet":{"ephemeralKeyPair":{"pubKey":"BZoYGe9cNmo9VnBGBCYZO0gv1rg/5efqe4m7rMdC8nNH","privKey":"4K/J3DLcqeX1vUa1Fsri+1gUF5sSBAZjP7ukKUAGQWA="},"lastRemoteEphemeralKey":"BcxZsxG0BKXPDOMLYhhjsPzI01r49nxgsbngnQoeqNQE","previousCounter":0,"rootKey":"KaeZh1tzQDCkWAvUueL5xYnhnMhl1b6af52I2Jhs6GE="},"indexInfo":{"baseKey":"BV+8sVZAAiFBn48ff6fOZa4DxGr94fYo7qteiwG+n51A","baseKeyType":1,"closed":-1,"used":1735852241530,"created":1735852241530,"remoteIdentityKey":"Bd1WEgoBFK0xyj+8tEMk6yo4TE86Ro3X2cu9F7g6LREp"},"_chains":{"BZoYGe9cNmo9VnBGBCYZO0gv1rg/5efqe4m7rMdC8nNH":{"chainKey":{"counter":0,"key":"qYx/eA8YAWuGqErK/RJCq/wC257S/qPFcKCTrHBnQqA="},"chainType":1,"messageKeys":{}}},"pendingPreKey":{"signedKeyId":11,"baseKey":"BV+8sVZAAiFBn48ff6fOZa4DxGr94fYo7qteiwG+n51A","preKeyId":9126585}}},"version":"v1"}