{"_sessions":{"Bdd9FAtGDnzBduA044zed1tm7CMS+CclMshucyo99rFV":{"registrationId":391664377,"currentRatchet":{"ephemeralKeyPair":{"pubKey":"BZ1qn/H9jZo5dZHjnKoWvEiBKwBHvzPHbZbWtioId6sr","privKey":"CAUl1Eqrdl8QW83vDXu1C7sK8rpwOrsxPSUzUaiYwWY="},"lastRemoteEphemeralKey":"BUs4OwGTTRF5+7YEPrcgO5f+hrZvCyU7/nkScZ75pEM4","previousCounter":0,"rootKey":"ycpyQU8iCNJc52IjeheW5MAXr6KYkG7SEfFS6TorsNg="},"indexInfo":{"baseKey":"Bdd9FAtGDnzBduA044zed1tm7CMS+CclMshucyo99rFV","baseKeyType":1,"closed":-1,"used":1735857692929,"created":1735857692929,"remoteIdentityKey":"BeWmRi0QmXWG1msm+XTpgiKk533sl1cbVoK+qxkihEwd"},"_chains":{"BZ1qn/H9jZo5dZHjnKoWvEiBKwBHvzPHbZbWtioId6sr":{"chainKey":{"counter":0,"key":"bYZGx0WOqQucxGH0vgDVUFtncfrVZ5fZ0J0CTd0dlS0="},"chainType":1,"messageKeys":{}}},"pendingPreKey":{"signedKeyId":6,"baseKey":"Bdd9FAtGDnzBduA044zed1tm7CMS+CclMshucyo99rFV","preKeyId":12077214}}},"version":"v1"}