{"_sessions":{"BQKpJ6q7LgsEUIZbsPR3LIojYI2WnmO1iBEWEjZ7RRtY":{"registrationId":179512660,"currentRatchet":{"ephemeralKeyPair":{"pubKey":"BZT5ur0ojEFxXr4MQs1Yc+pPOT63e6TlQ93qOxd//Ptj","privKey":"MFfURfH1i+zcCDordhjFodnxmKhQjpUdm2tOmZmK6Hc="},"lastRemoteEphemeralKey":"Bd55mO8rJzGeRC3BYkf49CVYzLMEReJZJIFz3A3MjcMn","previousCounter":0,"rootKey":"KBCLud2l2HHibzBRcx4VUTW34abGOVlwjHBU7ObPkAI="},"indexInfo":{"baseKey":"BQKpJ6q7LgsEUIZbsPR3LIojYI2WnmO1iBEWEjZ7RRtY","baseKeyType":1,"closed":-1,"used":1735852241768,"created":1735852241768,"remoteIdentityKey":"BcBPlyIKjq4i6dRhv0arc/iwuv0aWCS02+j6GUkQladm"},"_chains":{"BZT5ur0ojEFxXr4MQs1Yc+pPOT63e6TlQ93qOxd//Ptj":{"chainKey":{"counter":0,"key":"XvrjMiFdmJsm8/Ypd5hJYkSYspk6g3XtLfN9HIJJ/9Y="},"chainType":1,"messageKeys":{}}},"pendingPreKey":{"signedKeyId":1,"baseKey":"BQKpJ6q7LgsEUIZbsPR3LIojYI2WnmO1iBEWEjZ7RRtY","preKeyId":8146885}}},"version":"v1"}