{"_sessions":{"BZ1dczIym9+bmhTKNVW4lrsOkCWOTWK4droUktIePa4D":{"registrationId":27026282,"currentRatchet":{"ephemeralKeyPair":{"pubKey":"BV6r6oCOGPybnK/Zw9ua+AYgIt2cMbW4qgRqwJ1LQUVQ","privKey":"YOspWsaMyiI6qDtg7dsWlBs0PHIsKCC/6cx+PepzRWo="},"lastRemoteEphemeralKey":"BbZQly9sbCZYdBGykIspGAGit4dnsFs6OiEW0WPB66Zo","previousCounter":0,"rootKey":"ow+VyRJiAEGgL0MoMkQqiUhzQOihLBOxWoOGQXfH53g="},"indexInfo":{"baseKey":"BZ1dczIym9+bmhTKNVW4lrsOkCWOTWK4droUktIePa4D","baseKeyType":1,"closed":-1,"used":1735852241778,"created":1735852241778,"remoteIdentityKey":"BZbV9dN3eW0aOdhrNYeJrxzwvvlahXWrIckvMMSFoARz"},"_chains":{"BV6r6oCOGPybnK/Zw9ua+AYgIt2cMbW4qgRqwJ1LQUVQ":{"chainKey":{"counter":0,"key":"xs2HALPn6wafOYieL7U9ygWBzFWzERQlKz9xHZaFd6U="},"chainType":1,"messageKeys":{}}},"pendingPreKey":{"signedKeyId":9,"baseKey":"BZ1dczIym9+bmhTKNVW4lrsOkCWOTWK4droUktIePa4D","preKeyId":5989792}}},"version":"v1"}