{"_sessions":{"BayOIdkFaGu91qPsEMObT2jtxwqmqLhhAw/vlGrH/H9r":{"registrationId":1552302239,"currentRatchet":{"ephemeralKeyPair":{"pubKey":"BVQ+BNyroeCtqd1tOYnK0Zx/Tsk5i1pbfBMWhqZix310","privKey":"uMb3aC0MEhBUfKbHGPrl6FxgLzsmp/WhGPEUam8Ir3I="},"lastRemoteEphemeralKey":"BdleDwu26Rc/vOg8GWRr7eVFXH6oiFTH3654hFS+Q515","previousCounter":0,"rootKey":"C/qblk2Fd8t92cdXJLE80EwEOzbH38xe5XU96s9rDOw="},"indexInfo":{"baseKey":"BayOIdkFaGu91qPsEMObT2jtxwqmqLhhAw/vlGrH/H9r","baseKeyType":1,"closed":-1,"used":1735857693042,"created":1735857693042,"remoteIdentityKey":"BZk608RumWJvBk/GlPj0DdmwMWjGnn/rFgmRtHOQNzlR"},"_chains":{"BVQ+BNyroeCtqd1tOYnK0Zx/Tsk5i1pbfBMWhqZix310":{"chainKey":{"counter":0,"key":"8pSwP1h0HLeHXQlUyW5Eon2Z+pT40gsjf2TYrdUAuhY="},"chainType":1,"messageKeys":{}}},"pendingPreKey":{"signedKeyId":53,"baseKey":"BayOIdkFaGu91qPsEMObT2jtxwqmqLhhAw/vlGrH/H9r","preKeyId":13692094}}},"version":"v1"}