{"_sessions":{"BePXRSG323BKxmOFMKj5hjhXRIi+AZ1SHbz5G3pjy9N1":{"registrationId":581305411,"currentRatchet":{"ephemeralKeyPair":{"pubKey":"BeBUruMp4WJs3mc9t1Eg4abLmw1SYE7R3j5tH4Z7j95g","privKey":"CCKLJWcvVu8lRpK+JAUpasaqzYNkhQjpEFPNZCShLUA="},"lastRemoteEphemeralKey":"BWwDQTnrej8wKNVYHb+bgsqqvJMQG1eHyZl4JM2a1vpN","previousCounter":0,"rootKey":"QkwGB2ElmjTYYLLU45KPER34tqdJHOF+G6FdcaGUWlI="},"indexInfo":{"baseKey":"BePXRSG323BKxmOFMKj5hjhXRIi+AZ1SHbz5G3pjy9N1","baseKeyType":2,"closed":-1,"used":1735852838893,"created":1735852743369,"remoteIdentityKey":"BbSshUOceRMVklJrmHc3z9XpMtJ0sd0gvUXFvy3+0jEn"},"_chains":{"BdXPP/XK4coVwPGMfiYrpNw2pXRMEZTAk2U1xt0ABuJb":{"chainKey":{"counter":1},"chainType":2,"messageKeys":{}},"BQUIc/54OSIQRwRN1uxwOqUmvYBZNuzCSH9ksY5yXWBx":{"chainKey":{"counter":1},"chainType":2,"messageKeys":{}},"BYw598yAYJ02fIuqpInnPFHUMcyj5DwnRCs9J5qjV+1L":{"chainKey":{"counter":1},"chainType":2,"messageKeys":{}},"BT2FvoBd47L5Bv9W9Ia4xLbHGfE4G1X1g3uxck6jMP0O":{"chainKey":{"counter":0},"chainType":2,"messageKeys":{}},"BWjyEawaXuoaiuI0eIKHa4aiMAQZFKP8AEwHnIl6Jdpm":{"chainKey":{"counter":0},"chainType":2,"messageKeys":{}},"BWwDQTnrej8wKNVYHb+bgsqqvJMQG1eHyZl4JM2a1vpN":{"chainKey":{"counter":0,"key":"d/gTV+yMLW2dkYAPkYO6lPL6uClu+Hgl34BEpxXPHl0="},"chainType":2,"messageKeys":{}},"BeBUruMp4WJs3mc9t1Eg4abLmw1SYE7R3j5tH4Z7j95g":{"chainKey":{"counter":-1,"key":"K0ZWVYeGJCZySYhyno7KgOOhiT4AEosbKySSRgCvVWc="},"chainType":1,"messageKeys":{}}}}},"version":"v1"}