{"_sessions":{"BQTOsqytHJ53M8Z7tf1ClH9KTQCTN8MS9HLJPEX/1lkt":{"registrationId":1060753629,"currentRatchet":{"ephemeralKeyPair":{"pubKey":"BWC4Krcii6yyLIHRIlWtu4V6tOYjkVlFEk/X3kEKOvlH","privKey":"MLlWrnT7QaA0xWq89g+BUI8KDEvzKE60193HtFar6n8="},"lastRemoteEphemeralKey":"BbDdYM8uM2Xf3YFxZMHpPtpVFxFaVCmSr08LjaiXpF0L","previousCounter":0,"rootKey":"8ElgFxT8Ve0q/rc0ZM2MqY1EK/HAMnw5wBUJN5EMnC4="},"indexInfo":{"baseKey":"BQTOsqytHJ53M8Z7tf1ClH9KTQCTN8MS9HLJPEX/1lkt","baseKeyType":1,"closed":-1,"used":1735857693056,"created":1735857693056,"remoteIdentityKey":"BQlCAXRKEkEvUElCa8m0+JJL7SWLw90CiWBG4t90REB0"},"_chains":{"BWC4Krcii6yyLIHRIlWtu4V6tOYjkVlFEk/X3kEKOvlH":{"chainKey":{"counter":0,"key":"5XWaILnNltaXa4gIHoAmhLfMrt5LQcPmOEh1zBsem78="},"chainType":1,"messageKeys":{}}},"pendingPreKey":{"signedKeyId":12,"baseKey":"BQTOsqytHJ53M8Z7tf1ClH9KTQCTN8MS9HLJPEX/1lkt","preKeyId":14146174}}},"version":"v1"}