{"_sessions":{"Bc+x4259kIDM6k5tx5/KBnTxK/APoKpt/V748YCIC5gl":{"registrationId":679367806,"currentRatchet":{"ephemeralKeyPair":{"pubKey":"BWVxjc/AIXfl+LGQk4DZgifnjvAYvd1bbOlPRlMJ5QcG","privKey":"UCc73BhJy5ETQxBByigzTa0f0YsuDtdLnqPEa2emH2k="},"lastRemoteEphemeralKey":"BV297H6XL0j65bCQ2m7EprFXCtTfpfuKjTv2IMz44780","previousCounter":0,"rootKey":"/xUjGEzOa8AaNcSOq54YY9mmdc1FHZI0LFdYDdYOb9I="},"indexInfo":{"baseKey":"Bc+x4259kIDM6k5tx5/KBnTxK/APoKpt/V748YCIC5gl","baseKeyType":1,"closed":-1,"used":1735852241615,"created":1735852241615,"remoteIdentityKey":"BV3uRCep+9yExh3D9czVob02aEhj4M9MrnFg9OqERE82"},"_chains":{"BWVxjc/AIXfl+LGQk4DZgifnjvAYvd1bbOlPRlMJ5QcG":{"chainKey":{"counter":0,"key":"mzJjhRuWLJknHDZb/H2WOjxxVPuVOG4B4DiDUHnXeXc="},"chainType":1,"messageKeys":{}}},"pendingPreKey":{"signedKeyId":0,"baseKey":"Bc+x4259kIDM6k5tx5/KBnTxK/APoKpt/V748YCIC5gl","preKeyId":2892613}}},"version":"v1"}