{"_sessions":{"Bay5TlP/Cev1+ya4lWhiUwVeTuI0V/+1J/wG2beYfu8j":{"registrationId":1045310586,"currentRatchet":{"ephemeralKeyPair":{"pubKey":"BaEXbhd2Q5Oev/tCvwdYgzPSS3UWEy01hlBsXkWuk4oi","privKey":"oFQNPObm00qViSeM2EXEToPCgGi2eKYli7T6xb1YSV4="},"lastRemoteEphemeralKey":"BZDT/SqgHrux3TFQaz96trGv8jtDR7L43mfTIsetbi0y","previousCounter":0,"rootKey":"PJhsWb43IBxZ8GGBjyBJEg3k1Ru449AIICUESe08+z8="},"indexInfo":{"baseKey":"Bay5TlP/Cev1+ya4lWhiUwVeTuI0V/+1J/wG2beYfu8j","baseKeyType":1,"closed":-1,"used":1735857692995,"created":1735857692995,"remoteIdentityKey":"BefM5LyLnRDg7byOpVP5SyHxfwgLqCQd/SaGhHtMmUJR"},"_chains":{"BaEXbhd2Q5Oev/tCvwdYgzPSS3UWEy01hlBsXkWuk4oi":{"chainKey":{"counter":0,"key":"GcoYhiQnLS0Dz7O7MZcJtrW2Gb2AHB5IEqdV+64zqh8="},"chainType":1,"messageKeys":{}}},"pendingPreKey":{"signedKeyId":0,"baseKey":"Bay5TlP/Cev1+ya4lWhiUwVeTuI0V/+1J/wG2beYfu8j"}}},"version":"v1"}