{"_sessions":{"BZcKHFR+4yGJUqFu8iy+6ot/i91iUXl2HEZvhT9QwN5z":{"registrationId":60,"currentRatchet":{"ephemeralKeyPair":{"pubKey":"BdXP1ARVfjAGM7q+mO9u85OtZk4+GpxQXJA97sU6WyR8","privKey":"yFiuhFXbyhy26I6gXzw7PrgpiQJ/mI/HWIyIbgEwSl4="},"lastRemoteEphemeralKey":"BVoIS9jtZQc9V7wdg4NoQWx0XjH+etxoJdB1T8PDHKdZ","previousCounter":0,"rootKey":"XpwV2Zsu6AtWgSLYE4Pyb2thbMSF1A8LgG24VmObGAE="},"indexInfo":{"baseKey":"BZcKHFR+4yGJUqFu8iy+6ot/i91iUXl2HEZvhT9QwN5z","baseKeyType":1,"closed":-1,"used":1735858457410,"created":1735858457410,"remoteIdentityKey":"Bdazf/oub+ivO/Wvd4nRpInM6jActzW79q70iOklWQE0"},"_chains":{"BdXP1ARVfjAGM7q+mO9u85OtZk4+GpxQXJA97sU6WyR8":{"chainKey":{"counter":25,"key":"XZw90wnHadYK7k1iq1x6pq4hZWjGRAI/56NjjW/i7eg="},"chainType":1,"messageKeys":{}}},"pendingPreKey":{"signedKeyId":1,"baseKey":"BZcKHFR+4yGJUqFu8iy+6ot/i91iUXl2HEZvhT9QwN5z"}}},"version":"v1"}