{"_sessions":{"BR5UejlpK12+UdsanBaufkPy1aO/HOBX+iTbrz9RXQJN":{"registrationId":567333392,"currentRatchet":{"ephemeralKeyPair":{"pubKey":"BXiKLYrX4jm3kpX9PiR/e4cKaEpt3JjWLb7oPKs0ls5O","privKey":"0EbJjnv5GZLQ1FT+jALuJZug2FDusmgiu1rFyv8PhFE="},"lastRemoteEphemeralKey":"BUkdrXlqWuYCT9dugmScAEpBG8XdSBzuRnhxv+IYP101","previousCounter":0,"rootKey":"JjLTmoCrSu5tWo7hxM5taADkuNb4iU7ucQxrIkbcSP8="},"indexInfo":{"baseKey":"BR5UejlpK12+UdsanBaufkPy1aO/HOBX+iTbrz9RXQJN","baseKeyType":2,"closed":-1,"used":1735853365831,"created":1735853365831,"remoteIdentityKey":"BTFyz0diR0kR+z2iLvcyw+GfIiC6LQkP+T4knATC3BV5"},"_chains":{"BUkdrXlqWuYCT9dugmScAEpBG8XdSBzuRnhxv+IYP101":{"chainKey":{"counter":0,"key":"hp+AiK5CED7tVjN0Dfy8XgERCsE8KgHeJlgUOqKrPfM="},"chainType":2,"messageKeys":{}},"BXiKLYrX4jm3kpX9PiR/e4cKaEpt3JjWLb7oPKs0ls5O":{"chainKey":{"counter":-1,"key":"DZe2ptpWK8TaohU+NYBBBJO33TuwE56yEveZ/8/Z/ow="},"chainType":1,"messageKeys":{}}}}},"version":"v1"}