{"_sessions":{"BQW2Mwxe551w6/wjZwpDX+6S7NWVqgIFlnwqLTYM/mQp":{"registrationId":1732278795,"currentRatchet":{"ephemeralKeyPair":{"pubKey":"BVVtrLSIc6HVBcbzqndsAgicFwHm5WjaSJid84f3ax40","privKey":"OEdYVCJCfjva7lD4270ItdWu2TMq1YTcYVVdzI9hTVo="},"lastRemoteEphemeralKey":"BeywHN4WScwOBpNFQ+jqY+UiKPV/+H8bGiW9H5Ot1gxA","previousCounter":0,"rootKey":"l71rdAW4u0M0imXoVVU8iRfDE2+/TZrmwarVYrroJqc="},"indexInfo":{"baseKey":"BQW2Mwxe551w6/wjZwpDX+6S7NWVqgIFlnwqLTYM/mQp","baseKeyType":2,"closed":-1,"used":1735858232425,"created":1735858232425,"remoteIdentityKey":"BdFOyzLAQCAGWoiEyb9Vzfk2/mRwTvUPSt/YXQrEFVVA"},"_chains":{"BeywHN4WScwOBpNFQ+jqY+UiKPV/+H8bGiW9H5Ot1gxA":{"chainKey":{"counter":7,"key":"owNMfHGmQ/tVzU/fwhLh8g5t1TpTCmbIaj4xbwS+yOI="},"chainType":2,"messageKeys":{"0":"u62DEe19ZPa8bDrm9yEpAZJEOn490TBXLJqiAj9fxgw=","1":"/N6cBTqOia6q0jfoLAeAa8+tUc5Jy9lKAswxYxbHeE4=","2":"2hmHSo19tTAQ7vI/TkXKNtfkOID8AUWQ77TqwnxH0XI=","3":"hH+U+qiu93KQIFTCuUKk/u1BINh28vWINLrGJhpSk7Y=","4":"f7FDocN3DIER1rwfjIMBaO69/ZgO619C+q6gW2OXiHc=","5":"TdNuDSWLmRZCmfvO8TSGeL8pg1G0ttj9qPLX72qgmsA=","6":"xwU0Q3V+ytIYQ7M9ZoKlEOK/vW6RJve0Pw78ahDIo1U="}},"BVVtrLSIc6HVBcbzqndsAgicFwHm5WjaSJid84f3ax40":{"chainKey":{"counter":-1,"key":"ZS6FRa/9gbEWlRyynfDa2sZJcCBp+YE7FgJ2J/mdpVI="},"chainType":1,"messageKeys":{}}}}},"version":"v1"}