{"_sessions":{"BT/wXGuL/QWTax83KwbPwz+PK2kJ4CBIKbV7/6XBsAhX":{"registrationId":1365368039,"currentRatchet":{"ephemeralKeyPair":{"pubKey":"Bb6eF36+RH1Awvb14Hk8Nno4LTAeNBUV5JxDvrauMoIK","privKey":"QPNyjBOa1Hp8JNkoqw9KELtsOGZG8Ljq7xaaVbrB2VE="},"lastRemoteEphemeralKey":"BSOPSp0GnKVE6N+4kEs57tvzkB3Cb2b3C/aLnU7zpxch","previousCounter":0,"rootKey":"tGuJfc+Fev+Ty52BF/s3yNSfPi7R2paG2gxoEMmOECY="},"indexInfo":{"baseKey":"BT/wXGuL/QWTax83KwbPwz+PK2kJ4CBIKbV7/6XBsAhX","baseKeyType":1,"closed":-1,"used":1735852241701,"created":1735852241701,"remoteIdentityKey":"BWneEK3jDXXj+ykaEZ5oGbSPYUFstMEVxUryMdONsCli"},"_chains":{"Bb6eF36+RH1Awvb14Hk8Nno4LTAeNBUV5JxDvrauMoIK":{"chainKey":{"counter":0,"key":"EZ4QLDVhnPn9XPhVoc3fSIzaJ1AY0inyA/F07rDZj9I="},"chainType":1,"messageKeys":{}}},"pendingPreKey":{"signedKeyId":6,"baseKey":"BT/wXGuL/QWTax83KwbPwz+PK2kJ4CBIKbV7/6XBsAhX","preKeyId":1058060}}},"version":"v1"}