{"_sessions":{"BTlFuojDEchmR1HimQO1p4ApQMSVvzytACtKAI4Cs9l6":{"registrationId":46,"currentRatchet":{"ephemeralKeyPair":{"pubKey":"BQgSvf5SEyizc2ecOcx9DS1e32YHWGW3PTkJ03eBg7My","privKey":"wHonx/F5zBAJMb/OufTzPvvVypMW64fMpGNmqOZIPl0="},"lastRemoteEphemeralKey":"Bevxou7lyAcS3FhI/easElsupjMNaL/gWfuqfdYU8N4R","previousCounter":0,"rootKey":"N8t+Etl7+TN2ChbHjhd947mLBJ3o7Inj7JJ1CjvFnpw="},"indexInfo":{"baseKey":"BTlFuojDEchmR1HimQO1p4ApQMSVvzytACtKAI4Cs9l6","baseKeyType":1,"closed":-1,"used":1735851581893,"created":1735851581893,"remoteIdentityKey":"BfaGPKNHPlSYrGXDF+BZqxgMiZ8TLOdaNB+s4x/XzHg7"},"_chains":{"BQgSvf5SEyizc2ecOcx9DS1e32YHWGW3PTkJ03eBg7My":{"chainKey":{"counter":3,"key":"z7944ZKIo6F51oC5hUfDDRMAFvx3OEmuGf52fjGLB0c="},"chainType":1,"messageKeys":{}}},"pendingPreKey":{"signedKeyId":1,"baseKey":"BTlFuojDEchmR1HimQO1p4ApQMSVvzytACtKAI4Cs9l6"}}},"version":"v1"}