{"_sessions":{"Bfv3g9upd+PqeTELjBbv7Sk+SudZkJV0mbYuQ47AuXUC":{"registrationId":661934,"currentRatchet":{"ephemeralKeyPair":{"pubKey":"BZBLBNHe/MXhCboBpwG/qJ67cONzUiqfqYuFZwP85/A2","privKey":"qPh7zbhYA92VmEou9dE0Cb0jwzgoWeEMUy4/u0vd+lI="},"lastRemoteEphemeralKey":"BSA5zgNszXTW0nH4F0oXmYSEX+CjS6ll9e/0Yem9IAgG","previousCounter":0,"rootKey":"VDfXhWZZMSXWARSvVccrxm8IhF0T14oeDk1YjYAaCv0="},"indexInfo":{"baseKey":"Bfv3g9upd+PqeTELjBbv7Sk+SudZkJV0mbYuQ47AuXUC","baseKeyType":1,"closed":-1,"used":1735852241520,"created":1735852241520,"remoteIdentityKey":"BX9QeiNWfE/jrsK4/f7xvJOijOn30yzM/Y+fOeFzAKhG"},"_chains":{"BZBLBNHe/MXhCboBpwG/qJ67cONzUiqfqYuFZwP85/A2":{"chainKey":{"counter":0,"key":"dapW5it1kju4hNtJ/aKVcQQuriLO+09C5iSKB8YqEO0="},"chainType":1,"messageKeys":{}}},"pendingPreKey":{"signedKeyId":2,"baseKey":"Bfv3g9upd+PqeTELjBbv7Sk+SudZkJV0mbYuQ47AuXUC","preKeyId":8211456}}},"version":"v1"}