{"_sessions":{"BcNOANvhYip2vE6ZjUW0nFwK3hAiUH+QqnPJO8j/Dc1M":{"registrationId":770515054,"currentRatchet":{"ephemeralKeyPair":{"pubKey":"BX+wWOzpJ0TuPvvvaJ0ru5tF7N9HYOd0xQpX0W3TLxQP","privKey":"gCOn9LzQvXuK+S90HQxLXY2ovIjO5ECqrCtjfnWoNUU="},"lastRemoteEphemeralKey":"Bfxef3EJrjG8Ea5Ksr+lqGfSZm3q0PgPPLFMmYcNvP4F","previousCounter":0,"rootKey":"cC8o5G5zgqAQI4QFnDP/phPHWLwIDJJS+GOSNDD+rNc="},"indexInfo":{"baseKey":"BcNOANvhYip2vE6ZjUW0nFwK3hAiUH+QqnPJO8j/Dc1M","baseKeyType":1,"closed":-1,"used":1735852241514,"created":1735852241514,"remoteIdentityKey":"BXKSVsaD6gavV66jJMJHxpVCIKBtxbIBomVfSTN5uVZd"},"_chains":{"BX+wWOzpJ0TuPvvvaJ0ru5tF7N9HYOd0xQpX0W3TLxQP":{"chainKey":{"counter":0,"key":"ckKWtqBeiCioPcIJPMyTFECnm/hwc+wYkbDTTrwyZzE="},"chainType":1,"messageKeys":{}}},"pendingPreKey":{"signedKeyId":3,"baseKey":"BcNOANvhYip2vE6ZjUW0nFwK3hAiUH+QqnPJO8j/Dc1M","preKeyId":12196627}}},"version":"v1"}