{"_sessions":{"BUb6vKMe9bgr3rU51NR7WzadZlXepxa0YixLn/A6TlID":{"registrationId":965299853,"currentRatchet":{"ephemeralKeyPair":{"pubKey":"Bez2gXh6WJFfXSX6IVjhIofNSPI6X5zdu+m4U/Bi5jw3","privKey":"+LAO+c1oL/7AwLSttlVHNJHa9ltSyPo7Jhrn5/Aiz1o="},"lastRemoteEphemeralKey":"BeVAiSwEnVyBF+2bQdzvhtdB1D/b/WRPui6wxh3oOWZS","previousCounter":0,"rootKey":"GmXki8r9vHCDXaGXlICzLs2klS4SHu37qSUFxqrUfmI="},"indexInfo":{"baseKey":"BUb6vKMe9bgr3rU51NR7WzadZlXepxa0YixLn/A6TlID","baseKeyType":1,"closed":-1,"used":1735852241732,"created":1735852241732,"remoteIdentityKey":"BRzUnwBtjzezpgXdyZGzSiXIbj35+JpdRPZ3+JjZSkEi"},"_chains":{"Bez2gXh6WJFfXSX6IVjhIofNSPI6X5zdu+m4U/Bi5jw3":{"chainKey":{"counter":0,"key":"z//8vJDhOAvYc6xrHF4vvZ8XNpEuiPNuGGs0c5d84FE="},"chainType":1,"messageKeys":{}}},"pendingPreKey":{"signedKeyId":7,"baseKey":"BUb6vKMe9bgr3rU51NR7WzadZlXepxa0YixLn/A6TlID","preKeyId":4676880}}},"version":"v1"}