{"_sessions":{"BXy/WZBE7UklK/bYpY9effNyS/8cYibi4YhheJALw1Qa":{"registrationId":712330805,"currentRatchet":{"ephemeralKeyPair":{"pubKey":"BS50d1Xc61znpugNWCYFVnULq8HS+klp+xbV+bwK7DJX","privKey":"UAgsWZz43Jch5HRrsh1PQKFt+RSxC6xt+katxgG4l2A="},"lastRemoteEphemeralKey":"Beh1Y+Jh9Zx7P+eWQjeMds1njG4XPMDklMNFbhjBhMgx","previousCounter":0,"rootKey":"sDfCAc7Rp2xMqcH5syfBZUjmddK6jpID9zMh1WsKyCI="},"indexInfo":{"baseKey":"BXy/WZBE7UklK/bYpY9effNyS/8cYibi4YhheJALw1Qa","baseKeyType":2,"closed":-1,"used":1735855050816,"created":1735855050816,"remoteIdentityKey":"BQAwpWDLJpnD+8uOx7Nxy8lO3nDfj5hhNHhemIzs8MQK"},"_chains":{"Beh1Y+Jh9Zx7P+eWQjeMds1njG4XPMDklMNFbhjBhMgx":{"chainKey":{"counter":4,"key":"mesLChg5p2ZH8ePEyeKK6hP9cpjddl79q1b4vmcosRc="},"chainType":2,"messageKeys":{"0":"SM7OFHVaM7cQZIPylOSLWHjMR98Yyzyx6m5WqirVaIc=","1":"VWOXc+Jzzvq28EuYZ2Ba7l+xesuRt4ypHJJuIuOoJCQ=","2":"y8kwvvHed1v4SjtETFOBeIwhGk6VupNFw4N2NsZub5Y="}},"BS50d1Xc61znpugNWCYFVnULq8HS+klp+xbV+bwK7DJX":{"chainKey":{"counter":-1,"key":"Pgz0svv/Pl/Nau2OihbS6OJnEmb/wRYrgsv1QoGSc1A="},"chainType":1,"messageKeys":{}}}}},"version":"v1"}