{"_sessions":{"BTQk/J7M3O51wJvTn9pAqsNdeF851ScTMEDB88pwynEK":{"registrationId":15877,"currentRatchet":{"ephemeralKeyPair":{"pubKey":"Bbv9yw56bxIuod48qbhIZFu/AI8UPlvRTZqOkZp3p7Ej","privKey":"CCqvaHS4HHPJSx78E1dJvWQDjnUczLHDcYayJZYoKF8="},"lastRemoteEphemeralKey":"BZ6U6fKoNIFRVrgKd6HAleyIHQ2ym1weB8Ycwuk7i5hh","previousCounter":0,"rootKey":"Gs8i/IBbUJmPPN3iMlAXOVcEu4wd6gFgJkIMaTvlLSg="},"indexInfo":{"baseKey":"BTQk/J7M3O51wJvTn9pAqsNdeF851ScTMEDB88pwynEK","baseKeyType":1,"closed":-1,"used":1735857692806,"created":1735857692806,"remoteIdentityKey":"BaZUo9KFvtKqeLynAzXSteWgb8vcSz2FwqNz/7nCH+R5"},"_chains":{"Bbv9yw56bxIuod48qbhIZFu/AI8UPlvRTZqOkZp3p7Ej":{"chainKey":{"counter":0,"key":"78LdtwZBeTMT3qCh5jOwJJqqCpZVqri29fIoWH0LP24="},"chainType":1,"messageKeys":{}}},"pendingPreKey":{"signedKeyId":1,"baseKey":"BTQk/J7M3O51wJvTn9pAqsNdeF851ScTMEDB88pwynEK","preKeyId":434}}},"version":"v1"}