{"_sessions":{"BTj9xgPkiShwSmynj3k/b/9B727Nc4RGFhdUEWDEqAha":{"registrationId":1780343141,"currentRatchet":{"ephemeralKeyPair":{"pubKey":"BTQWhKqZVSVWw5QanYr0Jjez8756BfUfS5LvqCEQCcou","privKey":"CA+e+5Aa/ktA0Gt41m41EifIt/HG9HkNkFmTnxA3UVQ="},"lastRemoteEphemeralKey":"BXIvYerG0e4O6xSD0K6Pol9kLcm0VSoMoHbKYRCVQTxX","previousCounter":0,"rootKey":"c2qviV6N9H6eImqh4upKn6C+SDTip95LaLIWNj5lt3I="},"indexInfo":{"baseKey":"BTj9xgPkiShwSmynj3k/b/9B727Nc4RGFhdUEWDEqAha","baseKeyType":1,"closed":-1,"used":1735852241525,"created":1735852241525,"remoteIdentityKey":"BT6/AsfMaoLqVRAEgjhi/P+6U557fuAjilw9TQWX7KwJ"},"_chains":{"BTQWhKqZVSVWw5QanYr0Jjez8756BfUfS5LvqCEQCcou":{"chainKey":{"counter":0,"key":"7pRQh4Ylde7bXUkpnKZjFW25Ws9/50+ZMPS9tNOcNcc="},"chainType":1,"messageKeys":{}}},"pendingPreKey":{"signedKeyId":22,"baseKey":"BTj9xgPkiShwSmynj3k/b/9B727Nc4RGFhdUEWDEqAha","preKeyId":9950592}}},"version":"v1"}