{"_sessions":{"BWrqrOzRDV/STu1tlvtEH79shp2wvEX6fGBNSoqwdcd2":{"registrationId":1761442579,"currentRatchet":{"ephemeralKeyPair":{"pubKey":"BQSjGZPxGAT7nySUEf/2pqyiqQWrZpOJpv3/E3SwK0xl","privKey":"cL1ktPaPkZOx5Efl9QLS/WkTwtF7h2zD4m8nDH62/2E="},"lastRemoteEphemeralKey":"BbyXwHEaENisNgM8vqwrr7EHwzeUbeCVqc/pnav6UJxe","previousCounter":0,"rootKey":"z+Nacr0RfTNi7FYe5A2BtXqp3IrLKEnHmCLXt+WZevw="},"indexInfo":{"baseKey":"BWrqrOzRDV/STu1tlvtEH79shp2wvEX6fGBNSoqwdcd2","baseKeyType":2,"closed":-1,"used":1735852262574,"created":1735852262574,"remoteIdentityKey":"BQWQLbW4glVC58pJP6Ph5/kWq24OWADydbmpfSQ7lFZC"},"_chains":{"BbyXwHEaENisNgM8vqwrr7EHwzeUbeCVqc/pnav6UJxe":{"chainKey":{"counter":3,"key":"3GciVIuh2lgCrFvzSSLGRKI258H8ZsaOaBKomyDvUEQ="},"chainType":2,"messageKeys":{"0":"6N0muvivoMJ+GkFqUK7zoymCXUD1MkhksmDHyxdEfvU=","1":"XZMskTzUZ89W09EyZ1QXfc1QGAlnpZ5ycVp/kfRTx48=","2":"hT0srUJi23CJQdo7SgcD3Sap0RCNvCdzuDRCQBsp9RY="}},"BQSjGZPxGAT7nySUEf/2pqyiqQWrZpOJpv3/E3SwK0xl":{"chainKey":{"counter":-1,"key":"ICsiKPJxV3LQwj8+FRh/qngcsXVTs4DeonFU784k6T8="},"chainType":1,"messageKeys":{}}}}},"version":"v1"}