{"_sessions":{"BVVWemXSwjVryu/3zAag4kGfmAOmK2YsRHC5rS/Lm6p1":{"registrationId":99,"currentRatchet":{"ephemeralKeyPair":{"pubKey":"BTFKyjiI+iWzQN0XSoLr+vTabmq5f7mcJcrsS/EQEdx2","privKey":"iFslPlu3j2I778hTHvOQcdyF2jx3mbwq/q/CiF1djkI="},"lastRemoteEphemeralKey":"BU17WVoRf0gpiPbK2wkParF7d6GDXT3K7nIqvoU8sE5W","previousCounter":0,"rootKey":"1E2okw2PGu2wcCUQod2xyPtjD/SpZMwkYo8E0uu7TWE="},"indexInfo":{"baseKey":"BVVWemXSwjVryu/3zAag4kGfmAOmK2YsRHC5rS/Lm6p1","baseKeyType":1,"closed":-1,"used":1735857692796,"created":1735857692796,"remoteIdentityKey":"BVAceZYwqcMq7bdHycy8oWgYRf+Tspe9Sra8lJVNkV5w"},"_chains":{"BTFKyjiI+iWzQN0XSoLr+vTabmq5f7mcJcrsS/EQEdx2":{"chainKey":{"counter":0,"key":"pA4u2A/uQUcARKllKrYy2PVbA7g+KejDvrSakuP3+xU="},"chainType":1,"messageKeys":{}}},"pendingPreKey":{"signedKeyId":1,"baseKey":"BVVWemXSwjVryu/3zAag4kGfmAOmK2YsRHC5rS/Lm6p1"}}},"version":"v1"}