{"_sessions":{"BYg5MVRPWIj/jHaH241VcglTimwasHAnif4ZoV1fARQC":{"registrationId":1582761078,"currentRatchet":{"ephemeralKeyPair":{"pubKey":"Bf/PEMRjDm9AWSxXwE+EFWFVZrR32gKoKlBSuLJENg9S","privKey":"yJCcnp7f9JJodyGf7Nov9M/xSLSslGENNQ3iX21bxFA="},"lastRemoteEphemeralKey":"BX2OiRlazF4KfRyZVlSFdxDHox6wRpJtJf5AiLcEpysS","previousCounter":0,"rootKey":"E0w+8EwYBuMCC/cgT76btV8Is8NdhiAEX5zBNJVb9rU="},"indexInfo":{"baseKey":"BYg5MVRPWIj/jHaH241VcglTimwasHAnif4ZoV1fARQC","baseKeyType":1,"closed":1735858226548,"used":1735858207096,"created":1735858076266,"remoteIdentityKey":"BX+h/WAbuNPF4TRJ7wKB0HpPOM8SdvFj1pino5hABANP"},"_chains":{"BZtiYjBYSh0R7zcl1aLTz4yaGj4lPWp/ce4OFTjapMQL":{"chainKey":{"counter":0},"chainType":2,"messageKeys":{}},"BX5o+LvDL1vIuqGrYEXSB56q6bC6oNh1KD6ZOHCGxzAu":{"chainKey":{"counter":0},"chainType":2,"messageKeys":{}},"BX2OiRlazF4KfRyZVlSFdxDHox6wRpJtJf5AiLcEpysS":{"chainKey":{"counter":0,"key":"u6dAMHqE/OfAEecVvtRCUEPpjsjHMeT+iTUJ0PjRc2k="},"chainType":2,"messageKeys":{}},"Bf/PEMRjDm9AWSxXwE+EFWFVZrR32gKoKlBSuLJENg9S":{"chainKey":{"counter":1,"key":"RV5+8E2FwabBubZ2LxWPGo8DAd0mkYO2nYpfdanB27A="},"chainType":1,"messageKeys":{}}}},"BX2VmOqNU3S5QbiN1oJYJIemRFuxjg1uYV2MparAOaks":{"registrationId":1582761078,"currentRatchet":{"ephemeralKeyPair":{"pubKey":"BcmzUCsRxX3ZcxaAuj7jQytjql+dHxmU9ygaB5G9yG8a","privKey":"QNTtQhIp5J8Do/k0pPuulsa5L3h+tL3Pn6advkiIcHU="},"lastRemoteEphemeralKey":"BaSN3EXG78H/RK/freuSTGGzqkalx2bGlU3RVejCIWhk","previousCounter":0,"rootKey":"HdP/pLZVy4r/kRRv38fX9XHe0uV/AlFKb15fljSacfY="},"indexInfo":{"baseKey":"BX2VmOqNU3S5QbiN1oJYJIemRFuxjg1uYV2MparAOaks","baseKeyType":2,"closed":-1,"used":1735858620861,"created":1735858226557,"remoteIdentityKey":"BX+h/WAbuNPF4TRJ7wKB0HpPOM8SdvFj1pino5hABANP"},"_chains":{"BeRzjj23U5mLHzbYw7ho3/iOxTolw+3qMdETrRcBRwNQ":{"chainKey":{"counter":0},"chainType":2,"messageKeys":{}},"BSoGoaqlKbQFk4+RjJGE13H2HFszvkX23LkH64XxEyU2":{"chainKey":{"counter":0},"chainType":2,"messageKeys":{}},"Ba9HT0GGnHglSKyJlbh4RC3RB3uwJDjBinKLpxp76qMN":{"chainKey":{"counter":0},"chainType":2,"messageKeys":{}},"BUtC+vYPcLC7j0ss4UsYHxmpHXS1TFqENTFA6I7waaIl":{"chainKey":{"counter":1},"chainType":2,"messageKeys":{}},"BQ1mYGib6UZp8DPewSld3aRAWbQ8TbGCRyMC0H/I+Q80":{"chainKey":{"counter":1},"chainType":2,"messageKeys":{}},"BdXyfHS423I3xu15jRzKSm73sDdLmTu+SZbGhdRXE7sV":{"chainKey":{"counter":1},"chainType":2,"messageKeys":{}},"BRXO8b1W2JLoxCN9GVxOEED5fBSgDn77tz1yFJ+NpzM7":{"chainKey":{"counter":0},"chainType":2,"messageKeys":{}},"BcaSRBpg9tbTuN+xuXDmzTUIIwDKKGZ2JgcYOLhr6MIL":{"chainKey":{"counter":1},"chainType":2,"messageKeys":{}},"BXGAuGoZWOZJUBsjCgupGVQMXruDQI3U3Djomlxr9wMi":{"chainKey":{"counter":1},"chainType":2,"messageKeys":{}},"BcC5RxsixPcKG4rzfjyHDouG6Uprb8I2xoGCM/cAGKpC":{"chainKey":{"counter":1},"chainType":2,"messageKeys":{}},"BXltSH4gRnp8czqSNCxcFTZuHhRGpnYSJNUhZTZzmJ44":{"chainKey":{"counter":1},"chainType":2,"messageKeys":{}},"Bek0ZrddXAsJ1hA6Gt6X41k40GLbzJ/0OB/N0Zgg4okk":{"chainKey":{"counter":1},"chainType":2,"messageKeys":{}},"BZpceXtkG2nIlp/7iBhlERJ01aYEbOYSWo6Pu1ZFBmsn":{"chainKey":{"counter":1},"chainType":2,"messageKeys":{}},"BaSN3EXG78H/RK/freuSTGGzqkalx2bGlU3RVejCIWhk":{"chainKey":{"counter":0,"key":"YLm9+r9prCpooT4pfoO+lf09OqmIDFZHlPKfEg4Ron8="},"chainType":2,"messageKeys":{}},"BcmzUCsRxX3ZcxaAuj7jQytjql+dHxmU9ygaB5G9yG8a":{"chainKey":{"counter":-1,"key":"AdgYFUe0gMDDe9vFvNN+OX8dN8K0ZtOjNSEa6HX/jeU="},"chainType":1,"messageKeys":{}}}}},"version":"v1"}