{"_sessions":{"BaRGw0w65ned4EtYOkRi6uwazvOaN5GFlsKcoYfB45s+":{"registrationId":240955957,"currentRatchet":{"ephemeralKeyPair":{"pubKey":"Bch+KfCXBm4/OxpVvF/6R5dJZsxqc43BcSUrMykfeu9f","privKey":"QCEIFqpyXxlrZBntDa+9LZp2dWOSK1/h3VIncTxmR18="},"lastRemoteEphemeralKey":"BaqcQkc/YDe6UsVtln887izVNurIYM7eqH9fBU3Uj4xw","previousCounter":0,"rootKey":"L//qKMcDlQyGfRssyOKAT4vOqdrK7K0aDxRWhcCCLs8="},"indexInfo":{"baseKey":"BaRGw0w65ned4EtYOkRi6uwazvOaN5GFlsKcoYfB45s+","baseKeyType":1,"closed":-1,"used":1735857692822,"created":1735857692822,"remoteIdentityKey":"BWUKV+4xDkkDoffoV4sWUwjAytmH/EhyRJLFzfoAg+ZU"},"_chains":{"Bch+KfCXBm4/OxpVvF/6R5dJZsxqc43BcSUrMykfeu9f":{"chainKey":{"counter":0,"key":"rQujWAXO3z7fGcubjr6zTVUS4k1pQ5XGE86wCVYYVvs="},"chainType":1,"messageKeys":{}}},"pendingPreKey":{"signedKeyId":4,"baseKey":"BaRGw0w65ned4EtYOkRi6uwazvOaN5GFlsKcoYfB45s+","preKeyId":16371463}}},"version":"v1"}