{"_sessions":{"BS9i0/MBRCJ6EKQ4+v9WhgjVoEYxA3vYUUt+eByk6yIP":{"registrationId":1309716636,"currentRatchet":{"ephemeralKeyPair":{"pubKey":"BZvxEMvM47EoPDyTcdy3oFyQEeRDXdfjskV4fH44lvhr","privKey":"oOeQZBx3RE4THrj7JOoMEyRsw5OZXmXucmfDXiYcaWk="},"lastRemoteEphemeralKey":"BaRghKOAkg9vKL9R0eyq1kE4a/D1MK5alMUvvs/v/Xt3","previousCounter":0,"rootKey":"pzNWM+Ar58Y4hB9ofkRD9+UBZUTfjRG4DSNVBRJGPnk="},"indexInfo":{"baseKey":"BS9i0/MBRCJ6EKQ4+v9WhgjVoEYxA3vYUUt+eByk6yIP","baseKeyType":1,"closed":-1,"used":1735858379280,"created":1735858379280,"remoteIdentityKey":"BTGpzxfNBDB82ky7SyivDs6KtdKsiCHWpPbGBtI1YMcu"},"_chains":{"BZvxEMvM47EoPDyTcdy3oFyQEeRDXdfjskV4fH44lvhr":{"chainKey":{"counter":3,"key":"2CYu7dTkYaDLpC+VHtTAXHt+9dxxOt+5RaZcq4lyvjw="},"chainType":1,"messageKeys":{}}},"pendingPreKey":{"signedKeyId":1,"baseKey":"BS9i0/MBRCJ6EKQ4+v9WhgjVoEYxA3vYUUt+eByk6yIP","preKeyId":11252751}}},"version":"v1"}