{"_sessions":{"BVDhszz3cVNEO57UC0spowSDZmpnR7ZF/PFPrQvd458X":{"registrationId":1558177237,"currentRatchet":{"ephemeralKeyPair":{"pubKey":"BV/2aZpYX6hhuy5oCSUFP6HlP+pqEqvC5QrCKQh8QsA7","privKey":"UANmnVRhBRFlSLgZShCorW9ICH+IrjSV2pubF6yWpEg="},"lastRemoteEphemeralKey":"BS6sUR0hhaivpcwDUHEpOq4mYZGbz8ePUsg59Cebl6o+","previousCounter":1,"rootKey":"feqHKnhvKuTTPAcGUeS6bvEDW8NikMez7JCUCd4LyGM="},"indexInfo":{"baseKey":"BVDhszz3cVNEO57UC0spowSDZmpnR7ZF/PFPrQvd458X","baseKeyType":2,"closed":-1,"used":1735853919021,"created":1735853914949,"remoteIdentityKey":"Bb+L0Dx746n2WJvnmXZ9VfRruBdBIf8rZyL9WtKHn08H"},"_chains":{"BVUgkuxpNGQt8WNaE5kt4sELhBeky2UW0lHg1vJ1PJE8":{"chainKey":{"counter":0},"chainType":2,"messageKeys":{}},"BS6sUR0hhaivpcwDUHEpOq4mYZGbz8ePUsg59Cebl6o+":{"chainKey":{"counter":0,"key":"4JTK/bOCNw1nRusmc+yRAetxKoJP0MgcsRPSm42K0vY="},"chainType":2,"messageKeys":{}},"BV/2aZpYX6hhuy5oCSUFP6HlP+pqEqvC5QrCKQh8QsA7":{"chainKey":{"counter":-1,"key":"Yk+criovbHpcvEpLvF5mv2uYZude3FGfNCCswnFqmWI="},"chainType":1,"messageKeys":{}}}}},"version":"v1"}