{"_sessions":{"BfjQ5Y5mwsxrlF1Qwgk/e1sLJUvsqC0GDRylXYjkneZt":{"registrationId":581224662,"currentRatchet":{"ephemeralKeyPair":{"pubKey":"Bdv0fouTJqjcYj+1ibBuT38pp9QbLE1sKJtVmstjyXM6","privKey":"KDRzeUAKFX1S9ELwE1EUVk1kMOwcN/WCrd37KHZFeV0="},"lastRemoteEphemeralKey":"BarUIeM5F5kuY5skLG8dA7sapgXl6ADEgt0NW424H2A/","previousCounter":1,"rootKey":"bHh8UB7mfLOMV/QpHS7JDdZCaYkjQ7qVs0paL3zgiUg="},"indexInfo":{"baseKey":"BfjQ5Y5mwsxrlF1Qwgk/e1sLJUvsqC0GDRylXYjkneZt","baseKeyType":2,"closed":-1,"used":1735856183891,"created":1735855252896,"remoteIdentityKey":"BQLjIDyEi2WV7dQPxq6727ST6/b/j5H0Bug9gZv2dR8p"},"_chains":{"BV4IeOTxzP535asyK2hK/Rc7dHrx2I45esWPMa92SqEv":{"chainKey":{"counter":1},"chainType":2,"messageKeys":{}},"Bf+OdjCo86X/4Qa0iSfMrziy5BaNO6+TmCKuxdy6FI8L":{"chainKey":{"counter":1},"chainType":2,"messageKeys":{}},"Ba1C92iisIxTV0pxI93m8XidWdgl2kQ/hUQgIZQkuK5t":{"chainKey":{"counter":1},"chainType":2,"messageKeys":{}},"Bcx/kqlUlg6CVVe1MCNpktaZF1/fMPA0s+6aN/KKVusQ":{"chainKey":{"counter":3},"chainType":2,"messageKeys":{}},"BWJz2EbfCfnGbMOqKtEKXSmAkXRslR8InlqvQJV4OZtu":{"chainKey":{"counter":1},"chainType":2,"messageKeys":{}},"BarUIeM5F5kuY5skLG8dA7sapgXl6ADEgt0NW424H2A/":{"chainKey":{"counter":0,"key":"nxVuFQ6TNOzc2cly0rMW/mSfYYvTj1+kwBrfmdo+Tf8="},"chainType":2,"messageKeys":{}},"Bdv0fouTJqjcYj+1ibBuT38pp9QbLE1sKJtVmstjyXM6":{"chainKey":{"counter":-1,"key":"OwP6UAoDMb1G3R2LfkR3DD4LjwpfSkIwsm3DCJpjfog="},"chainType":1,"messageKeys":{}}}}},"version":"v1"}