{"_sessions":{"BekRO+V+9uzYGWQ9NgwMKM7CYQrAjYach5AgP62+jiF+":{"registrationId":1156916372,"currentRatchet":{"ephemeralKeyPair":{"pubKey":"Bd/GI0Y56+JIa7oHiU4RdCCumkCRuoA/fmnYoS+5fhs/","privKey":"KA52rG62rvs/TqfhhgDmvg4wLfbJkX7hIvOqkhQpIkE="},"lastRemoteEphemeralKey":"BfFsG7TYURbPH2cgP1zVOgLPOkgEMvTU1v+ZgiOW7sUc","previousCounter":0,"rootKey":"B4Iup+xHLC8dL4AETCl1SsgWCaEndrw7HtbD+tm/HIs="},"indexInfo":{"baseKey":"BekRO+V+9uzYGWQ9NgwMKM7CYQrAjYach5AgP62+jiF+","baseKeyType":1,"closed":-1,"used":1735857693005,"created":1735857693005,"remoteIdentityKey":"BbJ3MeE0+I5L5jfNuJ98pKmzYbpP9E3z8y94V9Ub/3Ny"},"_chains":{"Bd/GI0Y56+JIa7oHiU4RdCCumkCRuoA/fmnYoS+5fhs/":{"chainKey":{"counter":0,"key":"cYe/CtmKXuhc717q/B/MvqeUgluHca3MJ50cVIHGllA="},"chainType":1,"messageKeys":{}}},"pendingPreKey":{"signedKeyId":0,"baseKey":"BekRO+V+9uzYGWQ9NgwMKM7CYQrAjYach5AgP62+jiF+","preKeyId":15283690}}},"version":"v1"}