{"_sessions":{"BRPgAWWxYIBNOY3syrBdiq/PTY56LQ/72aigG428lSQj":{"registrationId":791185309,"currentRatchet":{"ephemeralKeyPair":{"pubKey":"BQ9N7OxIhlYTGo8zPWw3hVbiceQKJwnrQ9Jp/RBDO08Z","privKey":"ECYDrq2Lcxaz4XgT1RA8K/1mDRlcbKrkDFleJ98gIkM="},"lastRemoteEphemeralKey":"BSk8iwjJXidozDqd66pcEshu9zPPn/Kl0o2rz7oVMOdN","previousCounter":0,"rootKey":"rCRAbSfgnqY2MuolwOW5sG4+LXe2hGLg8yV6YX8d2CU="},"indexInfo":{"baseKey":"BRPgAWWxYIBNOY3syrBdiq/PTY56LQ/72aigG428lSQj","baseKeyType":2,"closed":1735526767379,"used":1735526665939,"created":1735514255060,"remoteIdentityKey":"BeUi1g+4Y+EbNTK5b+/TtqfuVEEPfh9YSGP+Yv8x8hcV"},"_chains":{"BUnKarv01AR8Bqe3wZz2XPDDy7Hgo3X9FThzVkdtrzoK":{"chainKey":{"counter":0},"chainType":2,"messageKeys":{}},"BTe1WwPXarlK2zAeY0YVU/I4wkLmYd8St3wOFjpGJ7JO":{"chainKey":{"counter":2},"chainType":2,"messageKeys":{}},"BQ8ym7bFgg1w6MClEpMCH51NnTRvQtUsd6RZKhfItFFz":{"chainKey":{"counter":1},"chainType":2,"messageKeys":{}},"BaVQCyoTYRyV1O0xG1m2wdoU5j2nBwGsrw8892jSPX01":{"chainKey":{"counter":0},"chainType":2,"messageKeys":{}},"BSk8iwjJXidozDqd66pcEshu9zPPn/Kl0o2rz7oVMOdN":{"chainKey":{"counter":0,"key":"NE4qnmItOrIe/DQVTbgc5w1kYeViGneIf8sc5iw8Nd0="},"chainType":2,"messageKeys":{}},"BQ9N7OxIhlYTGo8zPWw3hVbiceQKJwnrQ9Jp/RBDO08Z":{"chainKey":{"counter":-1,"key":"++B+CylgK3cca+HCCXBSWE0IxQtutOBUSQD7b1Vswas="},"chainType":1,"messageKeys":{}}}},"BeSNojf/AIbtG3BqspQzhCkYYLUxiVr43NEmx1s24u1W":{"registrationId":791185309,"currentRatchet":{"ephemeralKeyPair":{"pubKey":"Baa6CBQqqGy3wvzFjVN34Z+T+KhndKo1DyGlsUNLNPMY","privKey":"OKf5dR2zGZ3TBUgUSkJ4bXj5wwb65LkCPQln/GS5f20="},"lastRemoteEphemeralKey":"BeqP+D/ruEBfkc/EXfXf+mpkZFRmGp1507Vh8/Qwf8If","previousCounter":0,"rootKey":"oRRCV62+135OjeiYH8KxD5Irb/bB/0UwqRGjInZpLjY="},"indexInfo":{"baseKey":"BeSNojf/AIbtG3BqspQzhCkYYLUxiVr43NEmx1s24u1W","baseKeyType":2,"closed":1735619059366,"used":1735591601554,"created":1735526767389,"remoteIdentityKey":"BeUi1g+4Y+EbNTK5b+/TtqfuVEEPfh9YSGP+Yv8x8hcV"},"_chains":{"BaDUXHgERfgY5dgB9XhvxKTr3kOPHpEA2KEt8tlvfrcn":{"chainKey":{"counter":2},"chainType":2,"messageKeys":{"1":"6bHvrOuPLAqK6v1zY4Qtsw29e4+S/UY0jzsIG1QP3pw="}},"BZsDGsc9eylheXbW3xXN6D9xirv0BoLXFSSpM5viKmQB":{"chainKey":{"counter":1},"chainType":2,"messageKeys":{}},"BVCM5rK73u7UKJ2eIvlyZyfKgJVJkO2ehMij9uSgoPAZ":{"chainKey":{"counter":0},"chainType":2,"messageKeys":{}},"BVjYnlTML41mBfM4lNCnV5jIOwmddHzDgD+KjaAtibF4":{"chainKey":{"counter":2},"chainType":2,"messageKeys":{}},"BZSi5NV9q7h/Psw8ZclgjO03GqXKR03h7poxCe6MqIh0":{"chainKey":{"counter":2},"chainType":2,"messageKeys":{"1":"p6S9ofyM6P4Dc3D2lL+QUq+vdZDZ9KcFzq+1NY+USSw="}},"Bdc+IKMq6LREdz4AQaEnSOcmxyByz0FSdXmHsXbOZs4b":{"chainKey":{"counter":0},"chainType":2,"messageKeys":{}},"BereydMekGGDvIIB4mP3M7CitUMkS03HzEhK9mOKy7Zv":{"chainKey":{"counter":0},"chainType":2,"messageKeys":{}},"BSpvNN7l5GbXwTzGYSwbMbSSh5ighw+NOv7S3JkKNLt3":{"chainKey":{"counter":0},"chainType":2,"messageKeys":{}},"BRBHsxxxwoI3npMNTKfGAZbQoEnv4m7Dg91k02fVyTc2":{"chainKey":{"counter":0},"chainType":2,"messageKeys":{}},"BWa51ouLNxFxEKPG/BtWHqvZpKmfHyt4EfUN2dgveEoG":{"chainKey":{"counter":0},"chainType":2,"messageKeys":{}},"Be+1c+Xd8vQ9YtR5HpAKmp/eqRODe4JbKPbfJytwvS5y":{"chainKey":{"counter":0},"chainType":2,"messageKeys":{}},"BeWovNkYUfx7k9Lca85QuFIHwhcR6h93HTe9SujOal1/":{"chainKey":{"counter":0},"chainType":2,"messageKeys":{}},"BYj858pdWdZrqYsV/FAZ/R8SGrC2rBxnSJ5BIURGHYgm":{"chainKey":{"counter":0},"chainType":2,"messageKeys":{}},"BTglWdEkW8HTw3OHPZV1ztFvv7PznKo3XwgStj9/kmR8":{"chainKey":{"counter":0},"chainType":2,"messageKeys":{}},"BcFkTxVnqVGXaMiJoztZpS7ls/zGPURwFJJ9GRMP2qwP":{"chainKey":{"counter":0},"chainType":2,"messageKeys":{}},"BdBTBsxJcans0Bcw3rf6ogYmO8KrTRhM6ESCQct4fQgx":{"chainKey":{"counter":0},"chainType":2,"messageKeys":{}},"BSxXhsMgV2+7dLI8cGopTPl5X+cS0dnvNo3nZjCIDVEY":{"chainKey":{"counter":0},"chainType":2,"messageKeys":{}},"BU5E6/udQlqb7LR1Fyiaf9hw+f6J7TfA4yjRors1NHhF":{"chainKey":{"counter":0},"chainType":2,"messageKeys":{}},"BQinSPGnp+0ka8eXCzPkW3ZTMYqwjdQq9pijIA3+MI0e":{"chainKey":{"counter":0},"chainType":2,"messageKeys":{}},"BWe/GzWkK7sD9suWPCfjkhYzoi8biMDF8TakPdBUorl9":{"chainKey":{"counter":0},"chainType":2,"messageKeys":{}},"BcuzSCmc49QhI4O7ueITum3YptvDGWz2gUKJrseVPrQR":{"chainKey":{"counter":0},"chainType":2,"messageKeys":{}},"BfuedlQRpE3VVc5zPLHZS6ihhLYxpzSoZrsoOt8SI+N0":{"chainKey":{"counter":0},"chainType":2,"messageKeys":{}},"BXCFPwjDbCoH4CGZZsctdGxLWLPKvkXPYgKxuF2OfBBm":{"chainKey":{"counter":0},"chainType":2,"messageKeys":{}},"BUmztRYTxha1JkiSd71Mfvbn6/rGxMj6qKyIxkZZYZAB":{"chainKey":{"counter":0},"chainType":2,"messageKeys":{}},"BVEodoF+Y0LVi7elzQIWwT+EhOnJVHaVXiPwOmaNCTUX":{"chainKey":{"counter":0},"chainType":2,"messageKeys":{}},"BawRiWJPyQ6aBoCo6IjZhno799mf/dQYBTEMk7BM1Pks":{"chainKey":{"counter":0},"chainType":2,"messageKeys":{}},"BbP4e2krVW8OqhRVZnJnS3zQ4dOxmAg5Sxm3oFqamNwI":{"chainKey":{"counter":0},"chainType":2,"messageKeys":{}},"BXSR3eK1EoJ7qXRdLepPXuhoUMK4MAARhAl9NvX5MjZc":{"chainKey":{"counter":0},"chainType":2,"messageKeys":{}},"BU+q1IlfV8NRLqkID5gzQN3kS6GSCXDrQsIm+pntkFs2":{"chainKey":{"counter":0},"chainType":2,"messageKeys":{}},"BftXYQYJfhdvmcfNvxRr1vjXRmszJc6IRTZE44N20Fcl":{"chainKey":{"counter":1},"chainType":2,"messageKeys":{}},"BbtBGaFW5oiy+erIUWumnU0uN0wM6W82Wk/swnxGqpMx":{"chainKey":{"counter":0},"chainType":2,"messageKeys":{}},"BeYoSA0ttImF2/cxJqGk4l187ZnHQQZDJmbR9pRVROBh":{"chainKey":{"counter":0},"chainType":2,"messageKeys":{}},"BRITODGVV1kDCophO49wXkVT7JAAv9GxcLeXDdLXmH4p":{"chainKey":{"counter":0},"chainType":2,"messageKeys":{}},"BdTO0QDqry0oUjtLeSrlTNPvKlBW7j1EDGcEKjpAKltE":{"chainKey":{"counter":1},"chainType":2,"messageKeys":{}},"BRwUQunPjo81m4M3Fj2gZiClGmvUKRWYUS8JJ9mGByMS":{"chainKey":{"counter":1},"chainType":2,"messageKeys":{}},"BXwL7xNG+6+1hLr6Q3n2riWxScCGun94GVq0rdsPqB9t":{"chainKey":{"counter":1},"chainType":2,"messageKeys":{}},"BVYnWs7qDyg+o92DO/X/GvhPAJwS8ImcHQUSaw97cYEj":{"chainKey":{"counter":1},"chainType":2,"messageKeys":{}},"BS1ojH19lMcgBWhhDREWf7IYaaOri/7HtHNHP9MFCRFh":{"chainKey":{"counter":1},"chainType":2,"messageKeys":{}},"BUwHu5yuPALBgiSDytAyc5F/tJYi7WI+Jhc6cLzCvNVF":{"chainKey":{"counter":2},"chainType":2,"messageKeys":{}},"BUnVYwq8YzL5RNmXqRAUC93Eee3V962tmlNr7eAQKjV/":{"chainKey":{"counter":1},"chainType":2,"messageKeys":{}},"BdPEHMycfM0IZOFqXqGuFm0JbKVvP3FkApS7zzq31vFC":{"chainKey":{"counter":1},"chainType":2,"messageKeys":{}},"BWZoV/roL+DIk1fiCgfR6XVP2GZu1OjRYOthILV6CaoP":{"chainKey":{"counter":1},"chainType":2,"messageKeys":{}},"BZSNRbPbwB+LqtIfpSOZUaneMMaHAY60Tv/UJ75tjuxz":{"chainKey":{"counter":0},"chainType":2,"messageKeys":{}},"BTGeADvLJseH0x7w+y4gpdzj2D2Cb2IqQKG44032huVm":{"chainKey":{"counter":2},"chainType":2,"messageKeys":{}},"BRhmDgNxdqeJ6ke1RLADsv2cnSVM4GdvBkGQparvqcdY":{"chainKey":{"counter":1},"chainType":2,"messageKeys":{}},"BVrLXOwLkISWEa18aJJfPYGZ4GeH83WwvNm9yK8LnpQ8":{"chainKey":{"counter":1},"chainType":2,"messageKeys":{}},"BU1MaPPUJoNRpecV7r4ul8KY0NEgbNdY1msxX+JfB4gV":{"chainKey":{"counter":0},"chainType":2,"messageKeys":{}},"BXNtiODFk6RnD+4JIOn+RN3+ObsPso0855NpcS5n+XIj":{"chainKey":{"counter":1},"chainType":2,"messageKeys":{}},"BVBS0Xvtpf3JoA9nE9SCrMKYcYnxNV4e0BlDf2iGTWMe":{"chainKey":{"counter":2},"chainType":2,"messageKeys":{}},"BXOp+3zWzq9Gy6DuOR7xc+hHVO/SSxC1VrHryN6nyLQJ":{"chainKey":{"counter":0},"chainType":2,"messageKeys":{}},"BYNkDAurGWrFKDgyooDbt8CJvS6w/votfLh10K5u+645":{"chainKey":{"counter":1},"chainType":2,"messageKeys":{}},"BcUb9e4L/FI274WFpdgVc6PYiy44eWLXs9LDGqJFhR1u":{"chainKey":{"counter":1},"chainType":2,"messageKeys":{}},"Bf+HNB/UgyO91Zu6CWH9rpKnBf5LKCBCl+AFQoumItYQ":{"chainKey":{"counter":1},"chainType":2,"messageKeys":{}},"BVG3DHMKwoX23kKCFqqso+2aj8E7EOKAjnKGu5Ig22g9":{"chainKey":{"counter":1},"chainType":2,"messageKeys":{}},"BRzfJXKETYleH1hPQkg4PqpE5UjK39JE/95NCQc90KVx":{"chainKey":{"counter":2},"chainType":2,"messageKeys":{}},"Bb/C845i6fSMqnf3wvrGCDJ69GLErLMCmOa/K5sOhBch":{"chainKey":{"counter":1},"chainType":2,"messageKeys":{}},"BdxlqRQWt8GjVzQsOMh+0xTz6NkC7oVvQ1TM1DG/3xd7":{"chainKey":{"counter":1},"chainType":2,"messageKeys":{}},"Bd6k/ZF+IXxNGtZ8VhDlsTiA9/YzI7fELkHA5jE4keQm":{"chainKey":{"counter":1},"chainType":2,"messageKeys":{}},"BexD5dxgBgxxzUFi7XNGkjDTsGgqeIryLleq1uXiTatz":{"chainKey":{"counter":1},"chainType":2,"messageKeys":{}},"BT5Kw4Ir4zO+KXOsf3fdhLtFyX3CHPOb25uwJ+9w+BwS":{"chainKey":{"counter":1},"chainType":2,"messageKeys":{}},"BV4oomzNasRcfU9nJigJrwhpGoNyZvFGjopQ2BvWNE83":{"chainKey":{"counter":1},"chainType":2,"messageKeys":{}},"BWmdXfdSSL4gu+jkdNlK7Os39t287WiElTR5q7h7WUJ8":{"chainKey":{"counter":1},"chainType":2,"messageKeys":{}},"BZO89TsD+Tcfc9n7U8qKdxzPNGWG2vCsgCfYtVRaue8t":{"chainKey":{"counter":1},"chainType":2,"messageKeys":{}},"BWpmCk+3NEtYE4c51UQbWrF409qfwi/3IE77zgqAcYg3":{"chainKey":{"counter":1},"chainType":2,"messageKeys":{}},"BUeoEZxMVKJlRVVQTJCuddZbS+hcMCtbv8cZMJytzCoG":{"chainKey":{"counter":1},"chainType":2,"messageKeys":{}},"BWqw3E8UmefLPt+q7V9lJbNx+6wOqnnx+EaxBzFkOl8Q":{"chainKey":{"counter":0},"chainType":2,"messageKeys":{}},"BZ51gqT+IDR0iXOXByXjjnfIoPZkMXBRjtKJ1LQbhyU7":{"chainKey":{"counter":1},"chainType":2,"messageKeys":{}},"BeSNHstDZeN8Nvd1+eoXK9+P/DMKeobJeQXMDJU76OwT":{"chainKey":{"counter":1},"chainType":2,"messageKeys":{}},"BWkg/77KDdAP+AWrwYolanUT59smRtj2JKzblHc3YQsF":{"chainKey":{"counter":1},"chainType":2,"messageKeys":{}},"Bemr4Zb8nVG/2xUteuE31f0T50mv2g8nfcs0Ew9/1kYM":{"chainKey":{"counter":1},"chainType":2,"messageKeys":{}},"BWiRLvgGxC5gwXQhwea88311wWfW+mASk8508xvvhYxu":{"chainKey":{"counter":0},"chainType":2,"messageKeys":{}},"BYuz/5LrdtR8+YAjKuqkhhcVqKPJNf+ZA6hyzPfjAjY6":{"chainKey":{"counter":0},"chainType":2,"messageKeys":{}},"BWwCs2P7c/v/pMy4mw+jYtat+NJ+tXv/dkNyx3E7faAJ":{"chainKey":{"counter":1},"chainType":2,"messageKeys":{}},"BZm0p7WDKEARuMQjH4skzwArseHxPsX0TRt9VVGaAVBu":{"chainKey":{"counter":0},"chainType":2,"messageKeys":{}},"BSOyocBCcJywcR2cZROAnCbhg0xwUIEv65/fr8dPv7Qm":{"chainKey":{"counter":2},"chainType":2,"messageKeys":{}},"BUxx0+8yhoL96yRqamCFe+iqchkgOxKTdvbGU4ARow9b":{"chainKey":{"counter":2},"chainType":2,"messageKeys":{}},"Bc//wgraqY78N/6B7SJBtDhS+j7TF5YZ9udKEIeDz2UU":{"chainKey":{"counter":1},"chainType":2,"messageKeys":{"1":"kcwY+NLe8STg5fKXzVPTgBOhWPqvlXzix+dzVT2BgPI="}},"BWO9hUx45QQscC46e5rGHm783A665V/7qK6LYbjwdvgW":{"chainKey":{"counter":0},"chainType":2,"messageKeys":{}},"BYqbRHEyIxHBzfrjWHSkmhJgLWR+Pp4XJhDJV37KTahj":{"chainKey":{"counter":0},"chainType":2,"messageKeys":{}},"BaWlhntPGTK7kCs82vaPPbAMqL3vrtsDj5o+Gn583d8M":{"chainKey":{"counter":1},"chainType":2,"messageKeys":{}},"BZHPLbPXXE7Z49CMwuwVB1O3IXBqenuM5+2AIULVfe12":{"chainKey":{"counter":1},"chainType":2,"messageKeys":{}},"BVKp/XoshFblH3HqbQn0fTWwQTD14A/RBDmPt/xVLiN2":{"chainKey":{"counter":0},"chainType":2,"messageKeys":{}},"BeqP+D/ruEBfkc/EXfXf+mpkZFRmGp1507Vh8/Qwf8If":{"chainKey":{"counter":0,"key":"Inkr6Oh2uJr+IEYlU7h1pdkSqL4ZziA4ia25WyaFs08="},"chainType":2,"messageKeys":{}},"Baa6CBQqqGy3wvzFjVN34Z+T+KhndKo1DyGlsUNLNPMY":{"chainKey":{"counter":0,"key":"MggPcBGw1smQ+rRvD7vj7PO+Yya89qgSQozX5U/L9B4="},"chainType":1,"messageKeys":{}}}},"BVgU8aci4GDmgLklRc3e4cctpLc+sQ4QYjpTXpmLs8Mc":{"registrationId":791185309,"currentRatchet":{"ephemeralKeyPair":{"pubKey":"BZMtBCifP6e0GpbN2uqa1dLa/iWUf5aoMVwUHBlylxY+","privKey":"0EbZhT6KprSFq8zBzZVAMCpvwNsmTOQiYkjf7ZKVS28="},"lastRemoteEphemeralKey":"BeJFeoUB2XmsuFMUpFlJwOhC1g5IiGyRyGlR9uER/2df","previousCounter":0,"rootKey":"C3NJMawsfCkoJP8d8gzwqcpeVqPbgHTzi6E4pVR3tUw="},"indexInfo":{"baseKey":"BVgU8aci4GDmgLklRc3e4cctpLc+sQ4QYjpTXpmLs8Mc","baseKeyType":2,"closed":1735663238560,"used":1735625652864,"created":1735619059395,"remoteIdentityKey":"BeUi1g+4Y+EbNTK5b+/TtqfuVEEPfh9YSGP+Yv8x8hcV"},"_chains":{"BbuAg39RNQlhbI9E3KGQNXxQP+MeiDoFapf0P6XZzmVB":{"chainKey":{"counter":0},"chainType":2,"messageKeys":{}},"BbkU6qEJmPkS2Rsp0vuMj+rfhZbLN4sNm7g5tU+m+78j":{"chainKey":{"counter":1},"chainType":2,"messageKeys":{}},"BQ0WqkBY1evTb46Y4IznzUMlRNt1SznKaRg0P+51PqIf":{"chainKey":{"counter":1},"chainType":2,"messageKeys":{}},"BcECbMPH4OoIrum0afPkWdho7TqnKDH/WJEv0E73IGIu":{"chainKey":{"counter":0},"chainType":2,"messageKeys":{}},"BS8YruRjHUgMOAkqzed+iVwPLwmsldCx69pFX7PwOygN":{"chainKey":{"counter":0},"chainType":2,"messageKeys":{}},"BXWOHV5vsvDojfzN3VrEvhLsddf3PAm37G+SBWg1wzVe":{"chainKey":{"counter":0},"chainType":2,"messageKeys":{}},"BTWbdTwPkgYtP7hcFFWlMIjr0YJi93wrE2rkbBLhrjAx":{"chainKey":{"counter":0},"chainType":2,"messageKeys":{}},"Bc8rSFJO6I/xL1g1EWID4VWoPKyMY02fbFTvGcJW9bNG":{"chainKey":{"counter":0},"chainType":2,"messageKeys":{}},"BcAcSO3ZBGYKGk63/KjORc0HZA++17TP1O9mYhEdMV8U":{"chainKey":{"counter":0},"chainType":2,"messageKeys":{}},"BeJFeoUB2XmsuFMUpFlJwOhC1g5IiGyRyGlR9uER/2df":{"chainKey":{"counter":0,"key":"lNIV22jk/UozCiOb5rkZmJyplZ/kUWVDdV0FU1G575U="},"chainType":2,"messageKeys":{}},"BZMtBCifP6e0GpbN2uqa1dLa/iWUf5aoMVwUHBlylxY+":{"chainKey":{"counter":0,"key":"tFWE8dczkTxZt3hW4wiuPAsF0fK/50R+IXkPAUjoPAM="},"chainType":1,"messageKeys":{}}}},"Be/ct6MCaJKgBaVtcmG2hTBpVvr2N5m/AjkQjMtx1xw8":{"registrationId":791185309,"currentRatchet":{"ephemeralKeyPair":{"pubKey":"BRhfiKiOrMGwEb6S5ZDvbleYakBhZDjThpgdM9fhRAAx","privKey":"qEyYm8SGHG0W/hLYJlSf2deqQIiQTEUGImjKBXkJBns="},"lastRemoteEphemeralKey":"BYSSa/cOX5eSjfHg4v4QZSDw+DI7efKm6RHXyX5K2+Nw","previousCounter":1,"rootKey":"QADgq7CTC7zxduBK+CbsxwS4S/dq1TNKeK2ojqJlQIY="},"indexInfo":{"baseKey":"Be/ct6MCaJKgBaVtcmG2hTBpVvr2N5m/AjkQjMtx1xw8","baseKeyType":2,"closed":1735672328369,"used":1735663472693,"created":1735663238565,"remoteIdentityKey":"BeUi1g+4Y+EbNTK5b+/TtqfuVEEPfh9YSGP+Yv8x8hcV"},"_chains":{"BR5+/NxmDx4OEH2TbpmcA/v4J8Ftw3/90qcAEUhd7VND":{"chainKey":{"counter":0},"chainType":2,"messageKeys":{}},"BcCEtRM/4EQ0rEgnst6DHRHr5DU3M9Al+S8S8om7ByVu":{"chainKey":{"counter":1},"chainType":2,"messageKeys":{}},"BSacUEr2vTXB9Mst3J467ifGUs+QUaphKmiI2grxRoUu":{"chainKey":{"counter":1},"chainType":2,"messageKeys":{}},"BcWs2M9oAPGa75tSzkQ3puGqcBOSsqEeBg6twhEYZTUH":{"chainKey":{"counter":1},"chainType":2,"messageKeys":{}},"BYSSa/cOX5eSjfHg4v4QZSDw+DI7efKm6RHXyX5K2+Nw":{"chainKey":{"counter":0,"key":"PFyGZuZV5nTJQtRJP+nI6mizCBGGDvV4kyLTdDv7npA="},"chainType":2,"messageKeys":{}},"BRhfiKiOrMGwEb6S5ZDvbleYakBhZDjThpgdM9fhRAAx":{"chainKey":{"counter":-1,"key":"qjHhiSVsk9hdDOg4wH5PdARx+a20c643cpTbbiL9zKU="},"chainType":1,"messageKeys":{}}}},"BWsfZbE2UDaoJfGga1xJDTjiSO6NiErxjbPLgTcdVKs9":{"registrationId":791185309,"currentRatchet":{"ephemeralKeyPair":{"pubKey":"BS35N0zd4BHh2h2Tn0yVs2cniJson2LFbXjfiMdnjlkP","privKey":"uM1YP2oEFJYlWndO8SKLfRzeCu5WZ2/RwDOdGZzsVXU="},"lastRemoteEphemeralKey":"BXpwzQYmtzJNKXi98qehUPUa/QGQmLOciyQMusU84yxQ","previousCounter":0,"rootKey":"ER6+haT5NVWiK0A8vX+y0t02cGjVXr/UPzGg5cSA7yY="},"indexInfo":{"baseKey":"BWsfZbE2UDaoJfGga1xJDTjiSO6NiErxjbPLgTcdVKs9","baseKeyType":2,"closed":1735752121612,"used":1735711299890,"created":1735672328378,"remoteIdentityKey":"BeUi1g+4Y+EbNTK5b+/TtqfuVEEPfh9YSGP+Yv8x8hcV"},"_chains":{"BXw6YO127SrIXnBXAs4K9I3s5Z6lBN6oQZJ5hwr+O/EJ":{"chainKey":{"counter":0},"chainType":2,"messageKeys":{}},"BVG/NIUYZWhrBog7pgKLLUOhcmEGA+Wq6bc82hVcIHYV":{"chainKey":{"counter":1},"chainType":2,"messageKeys":{}},"BThQ971xef3vE/tUfcjE13lPoMlZcupg+Gl4FVCKXjgU":{"chainKey":{"counter":2},"chainType":2,"messageKeys":{}},"Bd3IMra8xcfPKaVYoBwI43WCPEsvxLfUQTLg5+1NCAF6":{"chainKey":{"counter":1},"chainType":2,"messageKeys":{}},"BSa5fq6eQHKL7uwvyJfALfOpehVNR/q8hcwWv5Rup19S":{"chainKey":{"counter":2},"chainType":2,"messageKeys":{}},"BRtJEjYXvhnYlEm4jrmlSfIOkJ0As/hzCTVjxpqPkZBG":{"chainKey":{"counter":1},"chainType":2,"messageKeys":{}},"BQnuZAO7wbFLTmzNqhOvXthXpuxWN7HXXc9pfM7O3Q13":{"chainKey":{"counter":1},"chainType":2,"messageKeys":{}},"BYvhAhflcVZ4YDu4kuPRkwxkzfN0dLpAPW/WIIS1YAo8":{"chainKey":{"counter":2},"chainType":2,"messageKeys":{}},"Ba+2kjj20Lj4yJqUjDA21mKTQGk55UdzVgXBlBbHmeYG":{"chainKey":{"counter":1},"chainType":2,"messageKeys":{}},"BZLpOI5D1x70oQOWObWpoQbYZxahuM5THtncjNcpb0FZ":{"chainKey":{"counter":2},"chainType":2,"messageKeys":{}},"Bafqz66m7Un362znZgrqQjS+NuUriLwTFQbumozkS0Fi":{"chainKey":{"counter":1},"chainType":2,"messageKeys":{}},"BUpNaWlceYAhhtWjy3NcFv8nwK4TJkFmTT/Z6zrXAvw7":{"chainKey":{"counter":1},"chainType":2,"messageKeys":{}},"BcdX93V8um++tgCTHNLCMlsB0Hcn0rpKlap9Y36sELN7":{"chainKey":{"counter":2},"chainType":2,"messageKeys":{}},"BfaV/XwsPgvIeHHiCgHXDTvl9Tx+MiCAAO52sFitTBgG":{"chainKey":{"counter":1},"chainType":2,"messageKeys":{}},"Ba7uPu0JyGg0ijvdmlo31gZXJ0jDttC0Jb0nOf4Nd68V":{"chainKey":{"counter":0},"chainType":2,"messageKeys":{}},"BUnx/tnUMvvOUvgbK7Wcxy6GgZwcFo5gpZdNN1P7BJh0":{"chainKey":{"counter":0},"chainType":2,"messageKeys":{}},"BStqMpfws86W8ElmMvnk5ZxCOaxD3zh+2kwCgxKqCBsY":{"chainKey":{"counter":0},"chainType":2,"messageKeys":{}},"BWS6cdwSj4NmoLZyVwKCzxde20PeWReLVHhT8vag+iUd":{"chainKey":{"counter":1},"chainType":2,"messageKeys":{}},"BVrdgwetFGTAKJfg/4BfhZW8biZ9LCymOmg+5lDal2RF":{"chainKey":{"counter":1},"chainType":2,"messageKeys":{}},"BX+GXiVjnNl7wlcMqYlND0ly+ppBChtpG/42OUtU98J2":{"chainKey":{"counter":1},"chainType":2,"messageKeys":{}},"BT5WIOh0j18dlmn40+HeKbTPDcLH4NgYWJRy/7C1mF0i":{"chainKey":{"counter":1},"chainType":2,"messageKeys":{}},"BR4iuYjz+g0i9MTvzW/wymfXzQiZS+vyptSeG0to+Wwd":{"chainKey":{"counter":0},"chainType":2,"messageKeys":{}},"BZT5VXLy+2EDSoE3W+L7IuSb4CiA4Bl7WH3eON1fi59i":{"chainKey":{"counter":0},"chainType":2,"messageKeys":{}},"BfMqW26PKdyqxwWyUkh5EO0B/3LqDRiT12807pgmPKt4":{"chainKey":{"counter":1},"chainType":2,"messageKeys":{}},"BTyhiBfcerfV1j0fRmIIBFgmtBEM8Bgt7y94HGVnPcEf":{"chainKey":{"counter":1},"chainType":2,"messageKeys":{}},"BS8DqL1rkU47I80B4rnMFN//hMUDEu8cflUigivYavwg":{"chainKey":{"counter":0},"chainType":2,"messageKeys":{}},"BSD4M8hv5l/niQIJEzLvxB82T42EXK++Ch7ku5Te940R":{"chainKey":{"counter":1},"chainType":2,"messageKeys":{}},"BWwPAHz/DW9gO4w97mWmTQIMjViwKaUi6R3GUgqDp793":{"chainKey":{"counter":2},"chainType":2,"messageKeys":{}},"BSLsGRP+lhfG8AlH/uHiAH3vb4mrdeCy0skd17weBz8V":{"chainKey":{"counter":1},"chainType":2,"messageKeys":{}},"BShK3orz2Cb+vd9TmiHV/7DBKdNjZep6YiTbFJT9Yn4d":{"chainKey":{"counter":0},"chainType":2,"messageKeys":{}},"BYwJPSqwbuLqg5e3KAIUz/D1BzD93RxzqEsX2Ijuggwg":{"chainKey":{"counter":0},"chainType":2,"messageKeys":{}},"BebPxEoULt2muH8j9ZJwe+SesUcN3xoogwsZgrcGyMQF":{"chainKey":{"counter":0},"chainType":2,"messageKeys":{}},"BYbj+gCckq6/KDXSMWPUV3Y4b35u52PwJiAkiOkGLdN4":{"chainKey":{"counter":1},"chainType":2,"messageKeys":{}},"BYM/YBKhucXtW3XSuaynbx9TFQDoycKskdbGckXr+HpG":{"chainKey":{"counter":2},"chainType":2,"messageKeys":{}},"BQObvuN5q2ZOiZE+L7vR/IunhUcd8QHotAc5gc6mxwxS":{"chainKey":{"counter":0},"chainType":2,"messageKeys":{}},"BY5Tx8TLTEo0Z9Yl/Blzr302Iao62s3DZZA8ciBpT4Mj":{"chainKey":{"counter":3},"chainType":2,"messageKeys":{}},"BQ9LJDG0i3KBGkCDLlAI6L2i9Dt7zHNDi2QahdDDWOFO":{"chainKey":{"counter":1},"chainType":2,"messageKeys":{}},"BWBQkZAuEqpSdK15Lj4qUfNx4PG31CCUnUQqX4cf9ppq":{"chainKey":{"counter":2},"chainType":2,"messageKeys":{}},"Bc8pUN9NPsbGzoS/FmcLM+O9XZMA6upmvtHCprtcOD8+":{"chainKey":{"counter":1},"chainType":2,"messageKeys":{}},"BRas5VVkBVrRG3LJpVhSIILsyU2JfraWOQ8aEZ3pizZt":{"chainKey":{"counter":0},"chainType":2,"messageKeys":{}},"BQjv1n43+X8GKm6Yi/XlqEFN6eoSZbfvHo7DesYAUZA1":{"chainKey":{"counter":1},"chainType":2,"messageKeys":{}},"BQHOBgtC9lwdObW+9XdCN0mpgp3phEVWD5zICBhvLSBp":{"chainKey":{"counter":0},"chainType":2,"messageKeys":{}},"BbNl+8/60loZBHPq3TXXhC71wYs/ULtzw8o1PN9K93xq":{"chainKey":{"counter":0},"chainType":2,"messageKeys":{}},"BS7CbPdzrJgfd5bXumdzXw6sM9YRqz8WT7l1oOAUQLk1":{"chainKey":{"counter":1},"chainType":2,"messageKeys":{}},"BQhQEQUI1BmGpJMU2fpBy9c83q50t65fJOUWIVoHVZRk":{"chainKey":{"counter":1},"chainType":2,"messageKeys":{}},"Bfld0XLH0Xibhg9XoArxNAoljaJsqv0J9TIJXD8Plfwh":{"chainKey":{"counter":1},"chainType":2,"messageKeys":{}},"BaWxve9FvSsIFM811G5LuATz+U7LBhCeSGsPRENkdOM2":{"chainKey":{"counter":1},"chainType":2,"messageKeys":{}},"BbHKpR8OujS5FmSGAgNVtiZQlwEBfhIJhdDfE6ErQdUf":{"chainKey":{"counter":1},"chainType":2,"messageKeys":{}},"BdrDWCeS6NEuW+cKmoZjtC3S7gCK6yvgIIVs6Q00ILAm":{"chainKey":{"counter":1},"chainType":2,"messageKeys":{}},"Bcs6vNqAhdJjuCUqkU1rhGXZAIjOfW9K2W/5v3Dahgo4":{"chainKey":{"counter":2},"chainType":2,"messageKeys":{}},"BTCLf6hgXnOuhU3m/DQ5fr21dD0/1MMaSYo74OGwAJgW":{"chainKey":{"counter":1},"chainType":2,"messageKeys":{}},"BTLhx9b3FHYuMOIH1kvFRfIAyvgWqzG43ETnaUhZEvI/":{"chainKey":{"counter":1},"chainType":2,"messageKeys":{}},"BSVgkB6ffeFHF+Q/Vv6Eel59PkyVSj9nE5tkODoNRCo2":{"chainKey":{"counter":1},"chainType":2,"messageKeys":{}},"BS7jwhEa7VoYWnF6OYfUGd/hyG53J0UdocLaU+L2QlZx":{"chainKey":{"counter":1},"chainType":2,"messageKeys":{}},"BVaox/sOb/jn1bYqS4E+wCgnq0gDF2ZS8JTcFFcY7nxz":{"chainKey":{"counter":1},"chainType":2,"messageKeys":{}},"BaAIX9aLfUWg2psSK8sbqhtRn5sEJqluQbqI5f9yS2tF":{"chainKey":{"counter":0},"chainType":2,"messageKeys":{}},"BT/N9PbuSe70I7XHraZE34Jt5OnWc+lmwgi4YdIZAlFU":{"chainKey":{"counter":0},"chainType":2,"messageKeys":{}},"Ba3vOmz/kRRCgSH1CjchHV/0BkwtVGeEbJlKs563CexX":{"chainKey":{"counter":0},"chainType":2,"messageKeys":{}},"BfuhuLGk7vVstUyneJB2K7elM+nsfn3mdZ2yETssdpZ7":{"chainKey":{"counter":0},"chainType":2,"messageKeys":{}},"BT7v2d31qDNCe74kylxmd0LZ9fYMQB4/OfBDp9fHaXY3":{"chainKey":{"counter":1},"chainType":2,"messageKeys":{}},"BefpryCewxT187V6oGtl23GDYX1+4n8m6q9K9U57fjE8":{"chainKey":{"counter":1},"chainType":2,"messageKeys":{}},"BXpeZMH+BcDvpOuIsQKDpgshapkbaN3BfJvph5LLsEA4":{"chainKey":{"counter":1},"chainType":2,"messageKeys":{}},"BaQHOfU53tJUy7afAZUJNR9A5GiOOUQO8vjT6WnREYw7":{"chainKey":{"counter":2},"chainType":2,"messageKeys":{}},"BeEj2JzEhumyQNSEHDUCXJ+y3x+T0UqCf+cN9Fs8F/si":{"chainKey":{"counter":0},"chainType":2,"messageKeys":{}},"BQ60HsYtTkyw4I+v7nww/ZUVs+Wg+E3/fvhafPXbNvR/":{"chainKey":{"counter":0},"chainType":2,"messageKeys":{}},"BbOrZ0+tWJslrSOzeS8HJ5Wbmf4Se+CF7A0ypna5SZJw":{"chainKey":{"counter":1},"chainType":2,"messageKeys":{}},"BcCxbK3/SNWe91uoped4Eo+G415zrH7J7H6MOUKq1/0z":{"chainKey":{"counter":1},"chainType":2,"messageKeys":{}},"BdiUbSRSbioehzGo3pxpZehx7VxuEY2PJ1fNDwVY86NB":{"chainKey":{"counter":3},"chainType":2,"messageKeys":{}},"Bf/Bo1vBFi04NJ9TbHTvpSH8UmJrzjSHDDpgZezAki0f":{"chainKey":{"counter":2},"chainType":2,"messageKeys":{}},"BVc/i3yUddxgDpd/5BcvI/xjKgRiyAxE5e4ZY/1dIIBC":{"chainKey":{"counter":1},"chainType":2,"messageKeys":{}},"BQTHoKqjnCecZw9F/t4qT7KC7d4mRVai8wzy0/eThxMw":{"chainKey":{"counter":1},"chainType":2,"messageKeys":{}},"BdTUNTus409NTYzNolqwxjP9yy0sm3LrBbFugu1Yq6kX":{"chainKey":{"counter":1},"chainType":2,"messageKeys":{}},"BXCQrbceDmmyAkOc+v7b7vS19lUOtMrCzyPD7Lzsm2wB":{"chainKey":{"counter":1},"chainType":2,"messageKeys":{}},"BUCtBZaTb9giHnG6UfO7+EF9iNRViaw6wlVN6rlT5dBC":{"chainKey":{"counter":1},"chainType":2,"messageKeys":{}},"BWW6OMWOV8byKVs46rEdZFiwgg4ZGCiDg22V1iAVCiZ9":{"chainKey":{"counter":1},"chainType":2,"messageKeys":{}},"BTJnuHEIaO2EVGGDYM4/Rxnggc85Ibr3adVPLALrkKpQ":{"chainKey":{"counter":1},"chainType":2,"messageKeys":{}},"BYDRF9oNGIl5O2+EP8oqd2Yz0B2ZOk3QWFUcT53JrGVQ":{"chainKey":{"counter":1},"chainType":2,"messageKeys":{}},"BdutJyMfue/0yOd3uZO7ilX9MTzHlWKhRN4fPvQgV09d":{"chainKey":{"counter":1},"chainType":2,"messageKeys":{}},"BUnlgUdFPiAz6oT23wqiWIVR9MVETCeEDWtBCdqriQtK":{"chainKey":{"counter":1},"chainType":2,"messageKeys":{}},"BZTWNdYqP1rAn8ifCmt17WmlZDS9hcNsGcc5Mb/8OrxK":{"chainKey":{"counter":1},"chainType":2,"messageKeys":{}},"BWS1AeZVfvwWttAxLx+IjL57OFhhpV0JYWgqBZmRl7wE":{"chainKey":{"counter":0},"chainType":2,"messageKeys":{}},"BbXHyRvMORh5rjcY7r/yxK31GVmpNF7NYzABVTBqVSB5":{"chainKey":{"counter":0},"chainType":2,"messageKeys":{}},"BUsYIKHNsJS4w6S4Qs5VLDnyUgN6lWSNVMLkES37sE4l":{"chainKey":{"counter":0},"chainType":2,"messageKeys":{}},"BU4R+PTW5DyppKoIjwC97MPwkcMcOjNwUSsWqcISpwFa":{"chainKey":{"counter":0},"chainType":2,"messageKeys":{}},"BXpwzQYmtzJNKXi98qehUPUa/QGQmLOciyQMusU84yxQ":{"chainKey":{"counter":1,"key":"GX1IMkUtpWCNM0KF/7u6NFah3g4RgpWQ8cEHKPBzGpI="},"chainType":2,"messageKeys":{}},"BS35N0zd4BHh2h2Tn0yVs2cniJson2LFbXjfiMdnjlkP":{"chainKey":{"counter":1,"key":"dTJUscZ7N4A/zrwEzF2TMJJtl24IkWWZVMnboBzeyr8="},"chainType":1,"messageKeys":{}}}},"BQAqphGSqpmp1vXaOd9UZMYpvPvs1NuntbUlKE9UxrZ3":{"registrationId":791185309,"currentRatchet":{"ephemeralKeyPair":{"pubKey":"BSZCG5bPjBWkOw4rGGEkVdZKT+T+TgVvPEo8fVwWbI1J","privKey":"iICAjX90ogOB8S4oyYQONOIiLYSraNqwSfjTZJrbwXo="},"lastRemoteEphemeralKey":"Bef7DFKNRvYXLrWgVANjYK854vHUTAHdTiSW9qJHoota","previousCounter":0,"rootKey":"12FrGEtRtGIY/FAB1lPOofiayL91GYZsD7pTFGZu3Qo="},"indexInfo":{"baseKey":"BQAqphGSqpmp1vXaOd9UZMYpvPvs1NuntbUlKE9UxrZ3","baseKeyType":2,"closed":-1,"used":1735858847483,"created":1735752121616,"remoteIdentityKey":"BeUi1g+4Y+EbNTK5b+/TtqfuVEEPfh9YSGP+Yv8x8hcV"},"_chains":{"BZ7AeYuw1+K4MLayZMbOKEp0q6WgsbMM34aY4GUhpH9T":{"chainKey":{"counter":1},"chainType":2,"messageKeys":{}},"BTtImZ2pMbjEbTqvpP9L/UZp4myYsQBZw601H/Ok3Bd3":{"chainKey":{"counter":0},"chainType":2,"messageKeys":{}},"Bbt1AgCJxiUUVtob4Fgf8pcugsTuYUpiRVrebb00alQs":{"chainKey":{"counter":2},"chainType":2,"messageKeys":{}},"BdJsUWRv5gJHweI7qSCCiCqeN4rcQo4pCATd/NAeEGs+":{"chainKey":{"counter":1},"chainType":2,"messageKeys":{}},"BXEt5uHP2scmwvQIf7R8+KF6FDPfIns8PSWvqvy6ZEgz":{"chainKey":{"counter":1},"chainType":2,"messageKeys":{}},"BQNoC3niiAAPPb/qmq1SdemWU9xsC1EwwZzpr4QSGn9C":{"chainKey":{"counter":1},"chainType":2,"messageKeys":{}},"Bd65hGhdFNkR5+dyO+HH5KrPy78r0ciOsThcwNzsIvRf":{"chainKey":{"counter":1},"chainType":2,"messageKeys":{}},"BQW5sNdnsjK0ggr/SnTqW908HuXfCR4qAtwZSdMkS21S":{"chainKey":{"counter":3},"chainType":2,"messageKeys":{}},"BVkM/6Pp0xo4FSuBRBjldkWu6KwZ/C6AmFqa903+cOks":{"chainKey":{"counter":1},"chainType":2,"messageKeys":{}},"BaVvXIsIjftKWxwNtKBHudg9pmC7mmqAdHmUe/VAdjMR":{"chainKey":{"counter":0},"chainType":2,"messageKeys":{}},"BVzwfJC0JTTrT2L8YMqpME6nfVHe/l55NuVv1GHRHlZT":{"chainKey":{"counter":0},"chainType":2,"messageKeys":{}},"BZ82jxhRPqsYPgBGBQa1AedhrwTdtOwYVB1nhgTnzbVl":{"chainKey":{"counter":1},"chainType":2,"messageKeys":{}},"BbnIKi42lkoE1eGwvC6zjf0mx+KcH6Co0OnbuT80m+Zl":{"chainKey":{"counter":1},"chainType":2,"messageKeys":{}},"BcQS6iLpZv5yu9qg/rsDoeDtTkZAoYq85qoyM+T9MfFT":{"chainKey":{"counter":1},"chainType":2,"messageKeys":{}},"Bct/1U+N3lO/4D1mu7hO9P0YPJ1IoPvBL0xCCQ7AHaFb":{"chainKey":{"counter":2},"chainType":2,"messageKeys":{}},"BXAwwyKnOo1TE7xJPu5bm5MHq82kX7lUZswlydzIApYz":{"chainKey":{"counter":1},"chainType":2,"messageKeys":{}},"BSf2PZ3EWPgdBNmv9mjgu8B3pBC2LS125p6r21T/EqRH":{"chainKey":{"counter":1},"chainType":2,"messageKeys":{}},"BSS0EmokWHrx9XHq9gDKSltQeTwIINoDTmiNNK3kwg4r":{"chainKey":{"counter":1},"chainType":2,"messageKeys":{}},"BbvFkdqYy4tV2miQ6HnTcRhnrRbXqJ0OnZmkEGO6NtMs":{"chainKey":{"counter":3},"chainType":2,"messageKeys":{}},"Ba/SkloUE7+U5RU7LnMFiX2kXX+EDEtSgPDJhD8vwM8d":{"chainKey":{"counter":2},"chainType":2,"messageKeys":{}},"BSMgh8G9JzLAnEaDBbtVKpc3io2FeMKnEU1uX34b6PtE":{"chainKey":{"counter":1},"chainType":2,"messageKeys":{}},"BTsuuaYFEnYk2bD+pjJumPwlPtLanaMO+2H3GikDNpdP":{"chainKey":{"counter":2},"chainType":2,"messageKeys":{}},"BaL+1Ea4cCq5pPg7Dg/ku6dAyZUW+rRzM7+QSB9/UZco":{"chainKey":{"counter":1},"chainType":2,"messageKeys":{}},"Bd08C3qr88SJU6CdbjMm3CmUnSGbtp/W15O2XFhlfuYj":{"chainKey":{"counter":0},"chainType":2,"messageKeys":{}},"BeqRzf3bw+arlZzsNPxe0jd60s4md6LO8aNFF5clYmkA":{"chainKey":{"counter":2},"chainType":2,"messageKeys":{}},"BZrxgcjZVmBsWToRnT8GAb7rSbMpQPBPSJJho4alq+pV":{"chainKey":{"counter":2},"chainType":2,"messageKeys":{}},"Bcuic27DPTZZjJljofKzaVjC1oldM1w92oyFe9pb4fh6":{"chainKey":{"counter":1},"chainType":2,"messageKeys":{}},"Bb0BNq0OTKRimtO/CQbEnJhtFV48mBmKKm9vzGby1/gm":{"chainKey":{"counter":0},"chainType":2,"messageKeys":{}},"BUNRLZUzrdv6ov8yWOytBK9LnUfsMjiICugbwtohxVNU":{"chainKey":{"counter":0},"chainType":2,"messageKeys":{}},"Bd5Bv9JegwuxJocFrjqMnSbbkXT9naqwaBHVWY+jf0JR":{"chainKey":{"counter":0},"chainType":2,"messageKeys":{}},"BX8JEFdjJx2wS6+KuviPBjhVPOlMBlh9yMCBZfowkvcY":{"chainKey":{"counter":0},"chainType":2,"messageKeys":{}},"Ba+K4jzB8QqIiapYwdVzww8SJCJjj8AN2ahGJYA2JK4v":{"chainKey":{"counter":0},"chainType":2,"messageKeys":{}},"BeWBR311h1NLlV1LGXwKtYNeXcfrCTujrtB5hGt6mFoU":{"chainKey":{"counter":1},"chainType":2,"messageKeys":{}},"Bb9LsgK/9CFvJ0IqowE4+ov6THsNLRCen9xXLkm7wC4H":{"chainKey":{"counter":1},"chainType":2,"messageKeys":{}},"BcFhDdlB2/CXQKS1JnJ8TSAwWF8NJh05IRxyMsnP8t04":{"chainKey":{"counter":0},"chainType":2,"messageKeys":{}},"BRMQKRWlSvprLKD+IJyflft5opPibSv9HXP+tWB2gXUU":{"chainKey":{"counter":0},"chainType":2,"messageKeys":{}},"BULXE369fe8WrbaGS1bHp5IT85oyldos0aXnyA8kRHlk":{"chainKey":{"counter":0},"chainType":2,"messageKeys":{}},"BbqltGNFgJ07ftj2Cey8kc1hGtz/pcMpPG1qJ4OY5E1z":{"chainKey":{"counter":0},"chainType":2,"messageKeys":{}},"BRPv1bne/pWCZM4KKPsdnxqcC4bbHxaP6Ep3LbyDMT1t":{"chainKey":{"counter":0},"chainType":2,"messageKeys":{}},"Bf/TBOvAZXgJb5fXWWXHNa4uYpFCppwqDHIqrn2N5m1X":{"chainKey":{"counter":0},"chainType":2,"messageKeys":{}},"BTdOTAfY5kpSDQRkoYUOj2pH7E2i2LS+1M6bMgBT08Us":{"chainKey":{"counter":1},"chainType":2,"messageKeys":{}},"BVBh7E8JGFulnim32jPV5WktAqkB0S9VnFdHdlrsz1UG":{"chainKey":{"counter":1},"chainType":2,"messageKeys":{}},"BSzthLhzMvktqOzZo2qoA3wvmAbMuaZoOwPhbPbW8i4o":{"chainKey":{"counter":1},"chainType":2,"messageKeys":{}},"BTZHPjgAstr9PQYRcx1wkgyLR6YY1LTREki1KjvcFzN+":{"chainKey":{"counter":1},"chainType":2,"messageKeys":{}},"BefSuj1NyN66dnRy1DqYKbCWXVLLvKDeVX+c560gouML":{"chainKey":{"counter":1},"chainType":2,"messageKeys":{}},"Bc1ijgV+oJJpfKedl0c22DzBGgl1/3urm3lgrdx0fYFi":{"chainKey":{"counter":1},"chainType":2,"messageKeys":{}},"BQfztMyhxgZ1ltVgUEjt29aZRX2NbFII93nQCZ0ClVIc":{"chainKey":{"counter":1},"chainType":2,"messageKeys":{}},"BQSHZQuBUEm0LNeeGkjsNCGecNz8PMKhi3ZTEn6sSS0q":{"chainKey":{"counter":1},"chainType":2,"messageKeys":{}},"BU82XflChNIqbNJhgQImD8yVj43prZ5tZEI3sx3h26g9":{"chainKey":{"counter":1},"chainType":2,"messageKeys":{}},"BdnIgTPAQ7NbIqqUwMkt8j7XDH40kYyEwc9DWS3kZVdd":{"chainKey":{"counter":1},"chainType":2,"messageKeys":{}},"BWUcFOUofaEaS4oLw5F6HSSs7NRqxSfBQ4GlKj4j+8Jt":{"chainKey":{"counter":1},"chainType":2,"messageKeys":{}},"BRWFjSyLulXSuvzCV3UaJr/7EEkh8SFInJXpmP7k8QQN":{"chainKey":{"counter":1},"chainType":2,"messageKeys":{}},"BYv8lZYNd5m/NWJO0SxdY9qv3XUgv4Q6OhZJUpqTpCRn":{"chainKey":{"counter":1},"chainType":2,"messageKeys":{}},"BcyD1HGkm6VLu6pDzMqS8ie6YXzFseO74TUsy2KUWTs7":{"chainKey":{"counter":1},"chainType":2,"messageKeys":{}},"BfVPnX9iy4z0X2C8pl9JCf4w2nSXNJBdEGU3b7EDQthP":{"chainKey":{"counter":1},"chainType":2,"messageKeys":{}},"BTq4dQ7ulwPg/o0wI/bSSXJnGOOBciftu3lEpmq05QkM":{"chainKey":{"counter":3},"chainType":2,"messageKeys":{}},"BTwDbhTsaclZ1QgVfDnT2IC9QKaYthXVzTIuyLJB815K":{"chainKey":{"counter":1},"chainType":2,"messageKeys":{}},"BaUhoOujWGKU0mh/xWO/JbwfIKwqfCVYPsXDGHYjB2V2":{"chainKey":{"counter":1},"chainType":2,"messageKeys":{}},"BXBRq7kKEOu7Pky6O17knm5zPra0HE7waQnwlKuhwRxy":{"chainKey":{"counter":1},"chainType":2,"messageKeys":{}},"BT0uFI48xFvngwa6PBkx1nYVOJOhPAIv6yvCLRKTfApr":{"chainKey":{"counter":1},"chainType":2,"messageKeys":{}},"BRhuaZk29r8S1uk1oBtcMFCw5hzrIdgzwPrTa/0STnIo":{"chainKey":{"counter":1},"chainType":2,"messageKeys":{}},"BSdRnRN7quc8YlLR8yFG8X0uWgiiCV+SG1WqFaWx+gER":{"chainKey":{"counter":3},"chainType":2,"messageKeys":{}},"Bb45aWQJTWt6i4QRQX+4Bg7ERPTdeP5xx6Um6/GTd3kc":{"chainKey":{"counter":2},"chainType":2,"messageKeys":{}},"BbToGOCa+6btNDURBp+dXLScjUhOPtqL0bQ9OetqQQcC":{"chainKey":{"counter":0},"chainType":2,"messageKeys":{}},"BY0XL4kAt6MHzrRoUlIfBfMJ0TkDHAGXWB1qKL6znfZv":{"chainKey":{"counter":0},"chainType":2,"messageKeys":{}},"BSxlq0mL0kC1UOoul3oBnvJU7OtfWagarlIOHtOmDIg4":{"chainKey":{"counter":0},"chainType":2,"messageKeys":{}},"Bak6zOyKQ7jzZjIAVb+2Ek8yv9yyYIhghNiYqXuBpcYb":{"chainKey":{"counter":1},"chainType":2,"messageKeys":{}},"BVyRTAfkhvrFtP90PhuAQEFtWEU5XE1Vi3wFLK+z23pi":{"chainKey":{"counter":3},"chainType":2,"messageKeys":{}},"BfzupIhiqQJTBiX7puBYA8E1zk7D35HC971wopmS/uYt":{"chainKey":{"counter":1},"chainType":2,"messageKeys":{}},"BfOAhLOwTg7TUVcbe+IYiZ361247EpAnyRnm0zMUxT1o":{"chainKey":{"counter":1},"chainType":2,"messageKeys":{}},"BTtTyiqkTB/HDs/aVHpKcuz8oGaN7P53N3bHYzJOVGAU":{"chainKey":{"counter":1},"chainType":2,"messageKeys":{}},"BV7TCQs/bIUYfi67RGlfxGln3XXpxsfpyIe5dsB+AmkF":{"chainKey":{"counter":1},"chainType":2,"messageKeys":{}},"BdTciBnReSl8a0XBWhbC0DxjFPvedKR2/ctU+ZgdyW5n":{"chainKey":{"counter":2},"chainType":2,"messageKeys":{}},"BXtCPG8K8rrAIjuDMC8LhPKc+P7R3ayewwJi5BeeKS5N":{"chainKey":{"counter":2},"chainType":2,"messageKeys":{}},"BT0JGJ0VyyRAs752nyTCzkBmHnPuTYvITBxSYTRmDkkY":{"chainKey":{"counter":1},"chainType":2,"messageKeys":{}},"BS0LFyEnZ+QVbRGgTax3MZOEZVk0DSXYAec/vOBjH3BE":{"chainKey":{"counter":1},"chainType":2,"messageKeys":{}},"Bd6ZsRuTCRo7O13dZpQ+tA1hKjGojtxfMeb5PCPngIUr":{"chainKey":{"counter":1},"chainType":2,"messageKeys":{}},"BdOSo9pZbNUFqheTROJ1fC7PuTRBF6Rr0UPU/VLhBUQe":{"chainKey":{"counter":1},"chainType":2,"messageKeys":{}},"BcSaAJflUgqkt0WqMyyUil9jVi4nJ84cLJs7H8v6n7I4":{"chainKey":{"counter":1},"chainType":2,"messageKeys":{}},"Baj4Vhdir9LzjInf+jSDrNkV/ddhrxbfLGjvCKuxB0JC":{"chainKey":{"counter":1},"chainType":2,"messageKeys":{}},"BTvh+63rDLgeBMp9mmgMCF6kR69nXzXr+Cua8dHQUwRa":{"chainKey":{"counter":1},"chainType":2,"messageKeys":{}},"BevFFyEfu0XQaf1TOUV4lNi6K/JEsJexKoNr4YHloasU":{"chainKey":{"counter":1},"chainType":2,"messageKeys":{}},"BXvlAOGC96ZHhpDbx1Ef/zz9l5f3aqsCMTnC19IrfyII":{"chainKey":{"counter":2},"chainType":2,"messageKeys":{}},"Bfii6SKE2SEn3vHadMvTh5Zoqro0usZ5Ms1iAdqTPV40":{"chainKey":{"counter":1},"chainType":2,"messageKeys":{}},"BY23cCkTq/Vx7WD4vEBX7d1YQnMg+3paoar2DfCo7TNs":{"chainKey":{"counter":1},"chainType":2,"messageKeys":{}},"Bef7DFKNRvYXLrWgVANjYK854vHUTAHdTiSW9qJHoota":{"chainKey":{"counter":0,"key":"4txXuQl9wyWjH0wy9dOs2rT+wTY6VE3JgqT6pChuW0U="},"chainType":2,"messageKeys":{}},"BSZCG5bPjBWkOw4rGGEkVdZKT+T+TgVvPEo8fVwWbI1J":{"chainKey":{"counter":-1,"key":"QUNWeZIyczgkwj7PfdC6MgYgT4llAc/PZrT9LWNcH1c="},"chainType":1,"messageKeys":{}}}}},"version":"v1"}