{"_sessions":{"BS4ykOLoMdjVqTwfw1/u3xAtuqziTR1VnFVVT3TDQANE":{"registrationId":520,"currentRatchet":{"ephemeralKeyPair":{"pubKey":"BYiFeLPxOyOaU14pRv1BMxFK5oPsJuawlpZPhSV8oQcX","privKey":"aH4X1GMTfZg5mjfU/p1+yZ838UPtpyAJDgUTzKO93E0="},"lastRemoteEphemeralKey":"BesF8tf1iXlsFB75s86kJ8AlaoflcvrkMHjE41Ugbe93","previousCounter":0,"rootKey":"Vot8eoxE2n2TiP+12O1exM4gObZhHh1dL71bRTcDUkA="},"indexInfo":{"baseKey":"BS4ykOLoMdjVqTwfw1/u3xAtuqziTR1VnFVVT3TDQANE","baseKeyType":1,"closed":-1,"used":1735858076259,"created":1735858076259,"remoteIdentityKey":"BYMSKbnFYZ05iRkPZS79+noK3vWXVtUuRaaOuOfErb1b"},"_chains":{"BYiFeLPxOyOaU14pRv1BMxFK5oPsJuawlpZPhSV8oQcX":{"chainKey":{"counter":19,"key":"ojtlyPxLyKPOAJudfBQUDbLh37NGJ3Sa3iCXM24A+pg="},"chainType":1,"messageKeys":{}}},"pendingPreKey":{"signedKeyId":1,"baseKey":"BS4ykOLoMdjVqTwfw1/u3xAtuqziTR1VnFVVT3TDQANE"}}},"version":"v1"}