{"_sessions":{"BS9CvyI6KYXGUUoT/T6MdXpHFihgSKdXzGLfENHvkhsp":{"registrationId":152121310,"currentRatchet":{"ephemeralKeyPair":{"pubKey":"Bf181xqDto3vZlGKS0rF7oNHXgzpvjx8yfzIaxtE6BFQ","privKey":"uA6DaJv966tTUQfRAHRE0V3T3aGSeYnJggtLdpAmWEo="},"lastRemoteEphemeralKey":"BS2kmKjmOmJ4mSbvHVcoAZ2k2c7rxNeyGZ4TbyVpAQcd","previousCounter":0,"rootKey":"FtNr4cj99uGs4JpPW2pzJN6c2/KwPCdNamsDe4arSXU="},"indexInfo":{"baseKey":"BS9CvyI6KYXGUUoT/T6MdXpHFihgSKdXzGLfENHvkhsp","baseKeyType":1,"closed":-1,"used":1735857692913,"created":1735857692913,"remoteIdentityKey":"BWyiicdkNLJm43zKEdn++48tTRlYFqpvBCVPsoJ1BF0i"},"_chains":{"Bf181xqDto3vZlGKS0rF7oNHXgzpvjx8yfzIaxtE6BFQ":{"chainKey":{"counter":0,"key":"PahCnlEg+JO12/RH/+SGI0VPlHhe/yhk32FumUeSYhM="},"chainType":1,"messageKeys":{}}},"pendingPreKey":{"signedKeyId":0,"baseKey":"BS9CvyI6KYXGUUoT/T6MdXpHFihgSKdXzGLfENHvkhsp","preKeyId":1362389}}},"version":"v1"}