{"_sessions":{"BQ5e59UhDv+jw84kVeAwHjRoRvylHo7luko+Oer7z/A6":{"registrationId":758469489,"currentRatchet":{"ephemeralKeyPair":{"pubKey":"BWdE9QUyXWMLlTl3CLpfKDYCfBgC2s5U03szBe3TgiIY","privKey":"YGemv3ZCZzzice7Bf8wfoOp7Jx+Cscf8eGjpyJkrI1c="},"lastRemoteEphemeralKey":"BQWkYJD8FyeXDcZNFLuOBzgukvHVmHj2ak7EyWrgAAJQ","previousCounter":0,"rootKey":"Cq0j2/zynF6rzKls2Gi7la7Z0E7Eam3diHgn9TwT90U="},"indexInfo":{"baseKey":"BQ5e59UhDv+jw84kVeAwHjRoRvylHo7luko+Oer7z/A6","baseKeyType":1,"closed":-1,"used":1735852241576,"created":1735852241576,"remoteIdentityKey":"Bc6THKXv4mWfQjPOPsflD4tZGv4bvc+JyMvAqpR3Jf0g"},"_chains":{"BWdE9QUyXWMLlTl3CLpfKDYCfBgC2s5U03szBe3TgiIY":{"chainKey":{"counter":0,"key":"XeZfFJwlyLgZF9S/K8XuBIG+nCzvVr6hTmhtI6HIwdU="},"chainType":1,"messageKeys":{}}},"pendingPreKey":{"signedKeyId":8009813,"baseKey":"BQ5e59UhDv+jw84kVeAwHjRoRvylHo7luko+Oer7z/A6","preKeyId":1301}}},"version":"v1"}