{"_sessions":{"BRaN/d9oRpAqBXMo+2KBE4LWufzjO013+Ys6WJimKjQ2":{"registrationId":805367016,"currentRatchet":{"ephemeralKeyPair":{"pubKey":"BZN0GiFD1h7gt+qIgX2iAT2Gn9P2wtSZlPmBrs8l0NhP","privKey":"AIg3icWKgfNz5TRLUOwQrbmXbcKNh0uO7F920RC9A18="},"lastRemoteEphemeralKey":"BSrlj9WoCqbOrRFhf/YJR5TPsNlxBN1q9rlDBDR9h9tD","previousCounter":0,"rootKey":"hqIFD1dwIMfpYavZeV0YK4kZxipkCbfyH40Hix5SHGE="},"indexInfo":{"baseKey":"BRaN/d9oRpAqBXMo+2KBE4LWufzjO013+Ys6WJimKjQ2","baseKeyType":1,"closed":-1,"used":1735852241672,"created":1735852241672,"remoteIdentityKey":"BT0su4rc+VpeP4wjgPGEqKmiId7t13xF0LMaTIOIeLUt"},"_chains":{"BZN0GiFD1h7gt+qIgX2iAT2Gn9P2wtSZlPmBrs8l0NhP":{"chainKey":{"counter":0,"key":"ACdqX8BmjbsAJqDk0A5CUt+1LS4UE6ABBd/hnCIcqj0="},"chainType":1,"messageKeys":{}}},"pendingPreKey":{"signedKeyId":1172400,"baseKey":"BRaN/d9oRpAqBXMo+2KBE4LWufzjO013+Ys6WJimKjQ2","preKeyId":2616}}},"version":"v1"}