{"_sessions":{"BUJ9cqz/k6IfIoSbp0ekYgtIsnNtjOqUVJ9pG788oRk5":{"registrationId":1079070240,"currentRatchet":{"ephemeralKeyPair":{"pubKey":"BdvXU7HYhZELLQWhQqhltF7/+lKMgfwTvlGvze4vdRED","privKey":"GD/DLyTstEvHRlsXHFCMZmQyaLojWJjNCtd5nqYp3Ew="},"lastRemoteEphemeralKey":"BS1L/4cajN67HXPcj9oo1bW6Ra1rN1+6Ujj5Ph+N0y06","previousCounter":0,"rootKey":"a8Wc3ifPb7Aahjlg4Z9UQQ8XS66OqmvFTZM0NXa2cTs="},"indexInfo":{"baseKey":"BUJ9cqz/k6IfIoSbp0ekYgtIsnNtjOqUVJ9pG788oRk5","baseKeyType":1,"closed":-1,"used":1735852241494,"created":1735852241494,"remoteIdentityKey":"BRCGOYzSizKMFr/94lPw9t+O7hoRMl8UxBifAyq1mU84"},"_chains":{"BdvXU7HYhZELLQWhQqhltF7/+lKMgfwTvlGvze4vdRED":{"chainKey":{"counter":0,"key":"ES7B1IJfhLxQVHDcedNJZiNNhzbv+53UaPCsCDTN6jk="},"chainType":1,"messageKeys":{}}},"pendingPreKey":{"signedKeyId":0,"baseKey":"BUJ9cqz/k6IfIoSbp0ekYgtIsnNtjOqUVJ9pG788oRk5","preKeyId":6587204}}},"version":"v1"}