{"_sessions":{"BR3W5Ln/v77eTD53Yu4I9ZrNiE51l7JSsdN/4vN/QjU5":{"registrationId":115,"currentRatchet":{"ephemeralKeyPair":{"pubKey":"BWsjIjYhPNfhRwCaMzo7uZH60NFf8tFWQFGf79d9IfhZ","privKey":"0Eb2YNPsvBS3fXJNi3iwTj6OfdDjOlezuNEzYXUA3Gc="},"lastRemoteEphemeralKey":"BcMDv6PtQyaJDVlv5K42lAlqNGsQ1SfJVa5vDNGy/eYN","previousCounter":0,"rootKey":"ojNImtw9WdP7hrY8b/zIlHtRagozYnuoJmzqJc7zekw="},"indexInfo":{"baseKey":"BR3W5Ln/v77eTD53Yu4I9ZrNiE51l7JSsdN/4vN/QjU5","baseKeyType":1,"closed":-1,"used":1735857692786,"created":1735857692786,"remoteIdentityKey":"BcKUhlsmAvI20LzLroL29+1zlkFDXbQihaDPeISxGLUe"},"_chains":{"BWsjIjYhPNfhRwCaMzo7uZH60NFf8tFWQFGf79d9IfhZ":{"chainKey":{"counter":0,"key":"9DzwTPRG9xel/miJymrXMBOsE0RdtwCwn4w/OlrWHuc="},"chainType":1,"messageKeys":{}}},"pendingPreKey":{"signedKeyId":1,"baseKey":"BR3W5Ln/v77eTD53Yu4I9ZrNiE51l7JSsdN/4vN/QjU5"}}},"version":"v1"}