{"_sessions":{"BQoEQkJ3pFKjMEIIMOCjhuDmzlh+fORp1Qxd4ECgGohz":{"registrationId":1280731531,"currentRatchet":{"ephemeralKeyPair":{"pubKey":"BZP3LnGH1GCwSHnHnthoXNmnMzyd0YU82w+tahtPGl97","privKey":"YHOQVyHFN5FEiMi4iLsA+gZ7Pt+lVpCxZpUjPlp5mXI="},"lastRemoteEphemeralKey":"BbyRVg15WMKTdKs90OH088TdBIHvZe1E0MEq4GbA5WA6","previousCounter":0,"rootKey":"jJuKaocOdG8Rtqe8oLacz9ORE91F2V7x/GhDBrCFhpQ="},"indexInfo":{"baseKey":"BQoEQkJ3pFKjMEIIMOCjhuDmzlh+fORp1Qxd4ECgGohz","baseKeyType":2,"closed":-1,"used":1735857151727,"created":1735857151727,"remoteIdentityKey":"BY7zXzqisE+Ryz8EypXOjoL1dpI2UNhm45aIDEzJRHwz"},"_chains":{"BbyRVg15WMKTdKs90OH088TdBIHvZe1E0MEq4GbA5WA6":{"chainKey":{"counter":0,"key":"4so3YA2LeRB/C8yZ2Tmkm0uI68k1koFOPEMsmEeApZw="},"chainType":2,"messageKeys":{}},"BZP3LnGH1GCwSHnHnthoXNmnMzyd0YU82w+tahtPGl97":{"chainKey":{"counter":-1,"key":"lXh6Jx7cYU0b+4Qj1qbo/BpU++hNxdFZIkCPi8TYQq8="},"chainType":1,"messageKeys":{}}}}},"version":"v1"}