{"_sessions":{"BccCHTti6zgcQuZ755Hyd3MFyA4rCOt4gLONflRFQXVU":{"registrationId":1826363634,"currentRatchet":{"ephemeralKeyPair":{"pubKey":"Bf9O03GVeiNb6aQN/DYe/7aWNbQ5eFUuwdLO8hhG84xl","privKey":"iJDWVT9/0VbJT9lGAIK6aYTyKbQcQXyJP+UoTGCyJFQ="},"lastRemoteEphemeralKey":"BRo5CqB8y2v+kapHjaEdz2oG+jPwZWMAEsSWSAlraDAK","previousCounter":0,"rootKey":"2q/8Ubo7B4nttfnRAvU1BgrVnbRI+PE9H3rAvZNlO/w="},"indexInfo":{"baseKey":"BccCHTti6zgcQuZ755Hyd3MFyA4rCOt4gLONflRFQXVU","baseKeyType":1,"closed":-1,"used":1735852241737,"created":1735852241737,"remoteIdentityKey":"BdkARPoEl/oTanomYt2evECA9jI4ML/+XHYY8d53dIdP"},"_chains":{"Bf9O03GVeiNb6aQN/DYe/7aWNbQ5eFUuwdLO8hhG84xl":{"chainKey":{"counter":0,"key":"rRKp9co55d0dgBOeA41jJ9dPGWaE//bpqIs0Wc2OiIk="},"chainType":1,"messageKeys":{}}},"pendingPreKey":{"signedKeyId":5,"baseKey":"BccCHTti6zgcQuZ755Hyd3MFyA4rCOt4gLONflRFQXVU","preKeyId":10481774}}},"version":"v1"}