{"_sessions":{"BVAJBDz3HcWKUZr0YS7rOZD8ynLTIpLyGpxFezBxZJ0a":{"registrationId":656997496,"currentRatchet":{"ephemeralKeyPair":{"pubKey":"BZXRNmMDlG3GXAULRumCaZUKxAcXZDWxANgyCyDkGPMA","privKey":"oPj0HZn4zJSTQf92fPDS6kUoFMupvlNkHO21pj8clHM="},"lastRemoteEphemeralKey":"BdzY1WmdDwKec77Ao7xqDCLWwTFFW7BbRFmDQNcBjywe","previousCounter":2,"rootKey":"ZCsVjuelCHRUxoHPPwz9w4at1S5qBaK3Jk6jEeySep8="},"indexInfo":{"baseKey":"BVAJBDz3HcWKUZr0YS7rOZD8ynLTIpLyGpxFezBxZJ0a","baseKeyType":2,"closed":-1,"used":1735853348125,"created":1735852936781,"remoteIdentityKey":"BTo83evry23FxSLXKKb42zQQ2Y16/Cqe0ORXayGw3k4e"},"_chains":{"BbCVzwc/+J6mAykrU7CBMWibp6b+IGVbZ0tXYfQLVU0D":{"chainKey":{"counter":0},"chainType":2,"messageKeys":{}},"BScT8nPTN7yYZqqx/46Moe/FxNqyMrYjD2Zwa+1pTFMQ":{"chainKey":{"counter":1},"chainType":2,"messageKeys":{}},"Bec6vhb5j6+JRHRVL/rMlvV4oWXI0wGioAyHia4ySqQK":{"chainKey":{"counter":0},"chainType":2,"messageKeys":{}},"BXL2UDdji1uB94CLi8KxtKR8s2r1quOInzxesXqK7Sk6":{"chainKey":{"counter":1},"chainType":2,"messageKeys":{}},"BS0xr6lCXjnFbcCFahYnr4DRR3BElRuLHws8bi0qPd4z":{"chainKey":{"counter":0},"chainType":2,"messageKeys":{}},"BSfAF61YJ4QN4DWDG+01eDHa6BnklfqGFzfop41GVC43":{"chainKey":{"counter":0},"chainType":2,"messageKeys":{}},"BdzY1WmdDwKec77Ao7xqDCLWwTFFW7BbRFmDQNcBjywe":{"chainKey":{"counter":0,"key":"0rqfWyYzdo9hafMGOtFSDALmQtMv1rixNO8jh3l1Tjw="},"chainType":2,"messageKeys":{}},"BZXRNmMDlG3GXAULRumCaZUKxAcXZDWxANgyCyDkGPMA":{"chainKey":{"counter":-1,"key":"I8cs+ffQy+Tx8N3YMBG5EKG7cBF53HaatQj7Ln+hbPs="},"chainType":1,"messageKeys":{}}}}},"version":"v1"}