{"_sessions":{"Bfu74ZzXbABb0xZ299Q9aoJd+b8z/1NpYbu0XF3HKtoz":{"registrationId":785458897,"currentRatchet":{"ephemeralKeyPair":{"pubKey":"BaAl/45abwpVCvlGurrn1L0/bKzIy5IFhRDV9Aqdm+wK","privKey":"KP8x6QeaboWXQVwArc5KXizA5XxM1egEyuYqatr9d14="},"lastRemoteEphemeralKey":"Bcb4jSkbd1zxQrVBb4E+1swmLYLXEerca0Uov/tn4CtD","previousCounter":0,"rootKey":"vK2rvpER+whhnJXIMjwlQdrhzLSA3StCtl/7T0t2thg="},"indexInfo":{"baseKey":"Bfu74ZzXbABb0xZ299Q9aoJd+b8z/1NpYbu0XF3HKtoz","baseKeyType":2,"closed":-1,"used":1735852832931,"created":1735852832931,"remoteIdentityKey":"BeBaC0fUgxRR2U+kN2svSldbz/WDX+9o/rpjs6l/A5cQ"},"_chains":{"Bcb4jSkbd1zxQrVBb4E+1swmLYLXEerca0Uov/tn4CtD":{"chainKey":{"counter":0,"key":"aXNi/LxI/cw40cxcr1cEiEhD5JVGUouTZTN/KLEFgAs="},"chainType":2,"messageKeys":{}},"BaAl/45abwpVCvlGurrn1L0/bKzIy5IFhRDV9Aqdm+wK":{"chainKey":{"counter":-1,"key":"enU/R5cnIoFwbHKbL+f8e53+HALdldMnTPVn+EQ686A="},"chainType":1,"messageKeys":{}}}}},"version":"v1"}