{"_sessions":{"BXx0ESsPM1Sc+YpQNAq+GuhJ7gKX83ygvA7nc+LWdzVu":{"registrationId":661196155,"currentRatchet":{"ephemeralKeyPair":{"pubKey":"BZjgBK3ujv7OvbJ43kYJ58IDIzTQlukkjFMz2f4yRG8I","privKey":"4C7hmgXZJLcCgxoIIKIfXuLLq1A3rqEdGWxelAIqC3A="},"lastRemoteEphemeralKey":"BdiY/MwoDgFvWPlb5AEGmiyLd3wHYN0u+2hWEZylZOsh","previousCounter":0,"rootKey":"BwXIpX9QPu9eYDli2Zn32B//TazoRjQnXx3rPEOReOE="},"indexInfo":{"baseKey":"BXx0ESsPM1Sc+YpQNAq+GuhJ7gKX83ygvA7nc+LWdzVu","baseKeyType":1,"closed":-1,"used":1735852241788,"created":1735852241788,"remoteIdentityKey":"BcWZiFDjRJs4asH69XQS4599iHhVoIjKuHB+ajXhH2AR"},"_chains":{"BZjgBK3ujv7OvbJ43kYJ58IDIzTQlukkjFMz2f4yRG8I":{"chainKey":{"counter":0,"key":"73T7f/Y7nIM0oVeZYfuDpk4Uuwn6g6FeXrAglEOzlqU="},"chainType":1,"messageKeys":{}}},"pendingPreKey":{"signedKeyId":12,"baseKey":"BXx0ESsPM1Sc+YpQNAq+GuhJ7gKX83ygvA7nc+LWdzVu","preKeyId":12898553}}},"version":"v1"}