{"_sessions":{"BdMj9lCSc8lCIXsY2KMHwc2Zg0GilEB7p9mrOxF/lmVe":{"registrationId":15830,"currentRatchet":{"ephemeralKeyPair":{"pubKey":"Be2ejOLvvTDMB+SsR+TAsMWv+lLmQ+HiG2JdynjtMzIG","privKey":"AKQbLqNMwzWc4RiS7RPZiQ66nmNgFNrwjKnOlbW+Lks="},"lastRemoteEphemeralKey":"Bb2iw5bgGdCnqB1DJCZ3eW3DuUk5Y9Ou/XM2hz6JzBoZ","previousCounter":0,"rootKey":"NKyMes+DuI3w4EcY7Qq5UXis4ZMCi0j4Mo6D1TTuirQ="},"indexInfo":{"baseKey":"BdMj9lCSc8lCIXsY2KMHwc2Zg0GilEB7p9mrOxF/lmVe","baseKeyType":1,"closed":-1,"used":1735852241489,"created":1735852241489,"remoteIdentityKey":"BbLUPvnDxTVrY5HiByWKSQGb5Tkkh7yCEWztC4dnfqVM"},"_chains":{"Be2ejOLvvTDMB+SsR+TAsMWv+lLmQ+HiG2JdynjtMzIG":{"chainKey":{"counter":0,"key":"FFv24vKV38ITSSOIehihtbVBMyigS4UWt7vuOPV8LFI="},"chainType":1,"messageKeys":{}}},"pendingPreKey":{"signedKeyId":1,"baseKey":"BdMj9lCSc8lCIXsY2KMHwc2Zg0GilEB7p9mrOxF/lmVe"}}},"version":"v1"}