{"_sessions":{"BfRPR/nq0uNndEFzsr9yDSVdcDnfWAfiUDzJSXuHCYR7":{"registrationId":493442769,"currentRatchet":{"ephemeralKeyPair":{"pubKey":"BaHqnyb+j1WJfZjkkRKah7BsPQNmFUVtSFNp/jYZiQIg","privKey":"gPfEBHAXJRS1qOlhb+niFhabRFg8xIDTd6X0CIllsmc="},"lastRemoteEphemeralKey":"BSVKpWi7X2NURUrszhFskLSD/1DFHbdWDVDq2xnYCphK","previousCounter":0,"rootKey":"QooFNGF3lKTLAnlEY4AnlLBEenjuZ8+8AahDgy3EqFc="},"indexInfo":{"baseKey":"BfRPR/nq0uNndEFzsr9yDSVdcDnfWAfiUDzJSXuHCYR7","baseKeyType":1,"closed":-1,"used":1735857692986,"created":1735857692986,"remoteIdentityKey":"BcGFWLOT6rxibMs6+gSs5CCJvGDAoLW4jOU7V18daLBQ"},"_chains":{"BaHqnyb+j1WJfZjkkRKah7BsPQNmFUVtSFNp/jYZiQIg":{"chainKey":{"counter":0,"key":"tYuTTkbccv4+2ntjNZIlGiO0kC9/oO/EHXSU0bGNjVY="},"chainType":1,"messageKeys":{}}},"pendingPreKey":{"signedKeyId":7,"baseKey":"BfRPR/nq0uNndEFzsr9yDSVdcDnfWAfiUDzJSXuHCYR7","preKeyId":6225248}}},"version":"v1"}