{"_sessions":{"BXOGAKwWFSWrWSgwaqh+8cALyXFE25DY91IP3CK6z8ht":{"registrationId":1391864590,"currentRatchet":{"ephemeralKeyPair":{"pubKey":"BbvLTF5T+GYxfKYjfNQ13Js1VPtgHGnR+WO4crMXtVcd","privKey":"EH07idt02Tb1pdIoavJgxGvbEjyxY94Ah4+Gp04UJXY="},"lastRemoteEphemeralKey":"BdVq9U7hffoSQhNnyCiJwmU64ytUFuAPvl2oKMGP7EJW","previousCounter":1,"rootKey":"waeSnReEtpsar/ZlJfyzKKnkcYMvYGdff32EgSMr1YM="},"indexInfo":{"baseKey":"BXOGAKwWFSWrWSgwaqh+8cALyXFE25DY91IP3CK6z8ht","baseKeyType":2,"closed":-1,"used":1735857963787,"created":1735856356232,"remoteIdentityKey":"BTCemQM7+IzCeXyhM92pqhYvPMUkYmQb5rXi0f+qJfED"},"_chains":{"BRk4ruhgHCYOYazPoQUlqHX+YS6iLB/a4ZqVC2/Ww2Nf":{"chainKey":{"counter":1},"chainType":2,"messageKeys":{}},"BRKToTc3K69Sb3hfmhTrROLR3Rc3H9WWqRTuMNWv7Mtd":{"chainKey":{"counter":0},"chainType":2,"messageKeys":{}},"BeGt/NNDhMXQifyvC7lJws5GHuGKJXNR7ob++KIo2f9j":{"chainKey":{"counter":0},"chainType":2,"messageKeys":{}},"BWqTG4h/nMqeKoOtquaR75ipqyJJvTdAxs8Svy9KrNIk":{"chainKey":{"counter":1},"chainType":2,"messageKeys":{}},"BdVq9U7hffoSQhNnyCiJwmU64ytUFuAPvl2oKMGP7EJW":{"chainKey":{"counter":0,"key":"HW5U+79pZL18q5nGZqTujSBhZlx4psperv6T8a6QPy4="},"chainType":2,"messageKeys":{}},"BbvLTF5T+GYxfKYjfNQ13Js1VPtgHGnR+WO4crMXtVcd":{"chainKey":{"counter":-1,"key":"wDZqFWd7HVW+Jxq/VjOOq5vmXmsD+RjF1ZLDGS4bID4="},"chainType":1,"messageKeys":{}}}}},"version":"v1"}