{"_sessions":{"BZ6zShIqbBEYpiPqj3K5n8DoD0+Z47Nc4WqzNqyk9KxI":{"registrationId":722041357,"currentRatchet":{"ephemeralKeyPair":{"pubKey":"BRBRrabrVljwbjelY4L9sbToPPxJfNk7h9LiyPeG0gsb","privKey":"gCAVpvEY2bm5mRk2Ol7OHC1Nl0GcbjUEchBFzw8uLkE="},"lastRemoteEphemeralKey":"BRNujzRu1Rueg0kBS0SSe+N5sdiiL7rf+sE9R0GAmuFg","previousCounter":0,"rootKey":"bKUT6lKbJlDZy9tW3JyhgT39ogin9TRAT+Wl//SQgNA="},"indexInfo":{"baseKey":"BZ6zShIqbBEYpiPqj3K5n8DoD0+Z47Nc4WqzNqyk9KxI","baseKeyType":1,"closed":-1,"used":1735852241504,"created":1735852241504,"remoteIdentityKey":"BYzP8CACqYKg7x3/ypgoNlf+HgU+jE2vkXJmGPbR+kNY"},"_chains":{"BRBRrabrVljwbjelY4L9sbToPPxJfNk7h9LiyPeG0gsb":{"chainKey":{"counter":0,"key":"W7DsYD1ggS8kjgEXzTdE+YX3BUYAqK85eb8uG6o4fgE="},"chainType":1,"messageKeys":{}}},"pendingPreKey":{"signedKeyId":7,"baseKey":"BZ6zShIqbBEYpiPqj3K5n8DoD0+Z47Nc4WqzNqyk9KxI","preKeyId":2309300}}},"version":"v1"}