{"_sessions":{"Bebr/Tx3czLhZ2RE/GCBXUcn0nCdxblgF4h8lWmPEEJn":{"registrationId":812700916,"currentRatchet":{"ephemeralKeyPair":{"pubKey":"BVFiYTLrJNI6WnQ3yXbFKp0ujO4mAKp2NxucCyCYvkp7","privKey":"6JFJbg0U9EhkNihzIShkU5GhHzEceZ0vI4k77Zhgr08="},"lastRemoteEphemeralKey":"BVDReJGgpP5tVqrRyFA0w0W3aoWmP2dOGb5A6zvy84hd","previousCounter":0,"rootKey":"T+CWhqgFavLFUvkg0oDYBb6OJX4TbdITxD3S3oboAtM="},"indexInfo":{"baseKey":"Bebr/Tx3czLhZ2RE/GCBXUcn0nCdxblgF4h8lWmPEEJn","baseKeyType":1,"closed":-1,"used":1735854090267,"created":1735852241727,"remoteIdentityKey":"BYKRiYHlMJlfRgY9OA5xHDYBT3K+AFU/X/6XYtewZwkF"},"_chains":{"BVDReJGgpP5tVqrRyFA0w0W3aoWmP2dOGb5A6zvy84hd":{"chainKey":{"counter":0,"key":"XWi5YIColZbiXJDWlLRxnx0AJGm13b19cUflZQ/UeQI="},"chainType":2,"messageKeys":{}},"BVFiYTLrJNI6WnQ3yXbFKp0ujO4mAKp2NxucCyCYvkp7":{"chainKey":{"counter":-1,"key":"IO3Bb9r2oJOzYyQ7dgyol7Q49wQIlvGwv3s11TO+DhI="},"chainType":1,"messageKeys":{}}}}},"version":"v1"}