{"_sessions":{"BUHaEc0HJWVVow19FLd2c+HpysByLbUPQGEIceMYvZBy":{"registrationId":380253324,"currentRatchet":{"ephemeralKeyPair":{"pubKey":"BVz3X3E5fH+V4V/SqONsri92PwA+uvIHsWn/FNAgp7Uf","privKey":"4LQrWNF+S0GdSE5IwI8VsW4WO8nsAeoztCUAi/zbcGM="},"lastRemoteEphemeralKey":"BfNMJz6aHcdGaneNhBW3a9MIBPrbL93cjvSySBH4kVQz","previousCounter":0,"rootKey":"QVRm5I/AcDW4Ra7fDAglnNMvdBOUyVLe9ksOuOV7SUg="},"indexInfo":{"baseKey":"BUHaEc0HJWVVow19FLd2c+HpysByLbUPQGEIceMYvZBy","baseKeyType":1,"closed":-1,"used":1735852241667,"created":1735852241667,"remoteIdentityKey":"BYTwFk8NTaie6t9V4BXFN1/jVikTu5z4ikDcvq40pCRN"},"_chains":{"BVz3X3E5fH+V4V/SqONsri92PwA+uvIHsWn/FNAgp7Uf":{"chainKey":{"counter":0,"key":"bMYbqIuCNyLYFWG2sg83YweQyRn00a6t0xlez3HCgaE="},"chainType":1,"messageKeys":{}}},"pendingPreKey":{"signedKeyId":31,"baseKey":"BUHaEc0HJWVVow19FLd2c+HpysByLbUPQGEIceMYvZBy","preKeyId":12703339}}},"version":"v1"}