{"_sessions":{"BeQae9Wh7k0PW3Ps2wG0sI15dd3ejF5gRyLkoZtjeP8I":{"registrationId":817109135,"currentRatchet":{"ephemeralKeyPair":{"pubKey":"BSRXVhn8v2uWohobWMRvlWPaeCmM4qUEE+H1TehU99IB","privKey":"wF4qPKzNsW+AnGfJBRgPwEUgeRLrVr+tfTCNEiPNZHs="},"lastRemoteEphemeralKey":"BSEf2/PJ03+KcbPJfnmMT9XxwVjpSiN//52+7g9hOHxg","previousCounter":0,"rootKey":"+x5B8Z5NOJkzOUwBQAkZ1PLdgO0GkaABcpETg53jklM="},"indexInfo":{"baseKey":"BeQae9Wh7k0PW3Ps2wG0sI15dd3ejF5gRyLkoZtjeP8I","baseKeyType":1,"closed":-1,"used":1735852241824,"created":1735852241824,"remoteIdentityKey":"BcFjLbBDQVlVNnPNed0Ut11OSZv3bG37S7zC57GIzW0k"},"_chains":{"BSRXVhn8v2uWohobWMRvlWPaeCmM4qUEE+H1TehU99IB":{"chainKey":{"counter":0,"key":"MBx6zFOnlzRo/yRb2BfB5uijUcVYo6tyLawMmuARkEE="},"chainType":1,"messageKeys":{}}},"pendingPreKey":{"signedKeyId":5,"baseKey":"BeQae9Wh7k0PW3Ps2wG0sI15dd3ejF5gRyLkoZtjeP8I","preKeyId":8002370}}},"version":"v1"}