{"_sessions":{"Bfsg6IM0aerf5m5MbYNn0Yo9zaPtImCOV8V9hoFqUI4K":{"registrationId":1804501700,"currentRatchet":{"ephemeralKeyPair":{"pubKey":"BYvEK+hhHYj2JD0eeLp4udS1smdZKcjHTccegF0lyQh+","privKey":"YGjcQzHc9GrepLqxj1Kp2XUrqMt/+f5s9ZanbZc5n2k="},"lastRemoteEphemeralKey":"Bek2T+5JTvShqduBI/dlybUqDyvp4X3GzGhOFVaNz11w","previousCounter":0,"rootKey":"lwTNvV+YmM4GpcZxbF18aaRBIv5UEVYCfzGNNc2SqXM="},"indexInfo":{"baseKey":"Bfsg6IM0aerf5m5MbYNn0Yo9zaPtImCOV8V9hoFqUI4K","baseKeyType":1,"closed":-1,"used":1735857693016,"created":1735857693016,"remoteIdentityKey":"BY+L9yCflSn2/RFT/n6i/FaKtOwUcwk4+6AT9PPufCxA"},"_chains":{"BYvEK+hhHYj2JD0eeLp4udS1smdZKcjHTccegF0lyQh+":{"chainKey":{"counter":0,"key":"a1uS45D7km9WtOg5GNRJ6P6Chvv1aB0acvhQ6WFw0jU="},"chainType":1,"messageKeys":{}}},"pendingPreKey":{"signedKeyId":2,"baseKey":"Bfsg6IM0aerf5m5MbYNn0Yo9zaPtImCOV8V9hoFqUI4K","preKeyId":7074947}}},"version":"v1"}