{"_sessions":{"BcyMpXf5ex6jhWIrh+QcFE9Y6cYDuzOEq5rpRNr5mjIX":{"registrationId":941058876,"currentRatchet":{"ephemeralKeyPair":{"pubKey":"BV+gPfDv1UQwSfTs/p8h+3DJ3okTr8pMJHEpPMEHkEMV","privKey":"cFImJfA9zrslKK1FU1bVEQ2DYwRBuDIRaZtXlQaEKFs="},"lastRemoteEphemeralKey":"BWWeobog4GEUj30M8iDSZZVwBgB8CHZLfv598v1O5vUQ","previousCounter":0,"rootKey":"F09Ghv/2hiUW8KJKVnzybYhBF3uv6E3n7Ryu4vQSXyE="},"indexInfo":{"baseKey":"BcyMpXf5ex6jhWIrh+QcFE9Y6cYDuzOEq5rpRNr5mjIX","baseKeyType":2,"closed":-1,"used":1735851667005,"created":1735851667005,"remoteIdentityKey":"BXvrP4nuW7PZEJZryUxxHqyWVUbERuhY5baaj6d0vdw1"},"_chains":{"BWWeobog4GEUj30M8iDSZZVwBgB8CHZLfv598v1O5vUQ":{"chainKey":{"counter":1,"key":"EsKjA7CEqdbtTDIm5/fSpRy0ZI9IhbEOrRs0FxsHYUw="},"chainType":2,"messageKeys":{"0":"j1oGtsqN+bo6g9017zDgK5fgLUPTf3rPKJqAYzDgtlQ="}},"BV+gPfDv1UQwSfTs/p8h+3DJ3okTr8pMJHEpPMEHkEMV":{"chainKey":{"counter":0,"key":"z/NAi749iqHr822xsfi1RV6iFcyXgdenT/Kj/awN39o="},"chainType":1,"messageKeys":{}}}}},"version":"v1"}