{"_sessions":{"BXOhL+WEVnlXahstiZX0mUPoRBZVovsQSf+HEPU6Z4U3":{"registrationId":1954395800,"currentRatchet":{"ephemeralKeyPair":{"pubKey":"BfzcoRKV03v4+G8ocmLQLLR1PNaa3puX4XM3p9UJ4tdR","privKey":"6Lzbxc/+hlT8yUh5cZYXQDCEn47GOF6bRo5fKn/HzVo="},"lastRemoteEphemeralKey":"BfDxMKRfXHw20a1MQldPeBg15EkCsawweU3Z+6RLotx3","previousCounter":1,"rootKey":"0bsIaYO3a4freYY4flRUHM5yfM2EjIAOvBdKNvijDpM="},"indexInfo":{"baseKey":"BXOhL+WEVnlXahstiZX0mUPoRBZVovsQSf+HEPU6Z4U3","baseKeyType":2,"closed":-1,"used":1735853097062,"created":1735853093173,"remoteIdentityKey":"BZTmcBD3Bfd2zka0u7Ju9wiTuZxoWqCda7eN7NRGK1tu"},"_chains":{"BW2w66uz/ZWntip8FKFIw/5IJmvAvvQcCrTFr1snIxcH":{"chainKey":{"counter":0},"chainType":2,"messageKeys":{}},"BfDxMKRfXHw20a1MQldPeBg15EkCsawweU3Z+6RLotx3":{"chainKey":{"counter":0,"key":"8DRZf8TeHmN/b3sQwgxdS7ISECe8x8pwj7x+FCFNbI0="},"chainType":2,"messageKeys":{}},"BfzcoRKV03v4+G8ocmLQLLR1PNaa3puX4XM3p9UJ4tdR":{"chainKey":{"counter":1,"key":"gEaOfodiMshzIW5GquxslUHy2mRl4GB8lLT3EjBYlF8="},"chainType":1,"messageKeys":{}}}}},"version":"v1"}