{"_sessions":{"BXwWVPWohwgZDHN8kyl90TpzvhrL/IeAd3XTCcOh2U4b":{"registrationId":1777623562,"currentRatchet":{"ephemeralKeyPair":{"pubKey":"BWHeDvJmKrYfZgbDs4uygSWf+/OJL33lWRM04o+AXax9","privKey":"uMxbYEXb/1XU58LguKJa47a9TWlcmNLnIHSrcW6N+U4="},"lastRemoteEphemeralKey":"BeMMjLla8LA3kY0g+Yvt3VMcWHQIhViHgoVhDSCl15xh","previousCounter":0,"rootKey":"RqrDIe2ZQcriJEa3JLbxCJNlZFHTet84kUVGFm2FA1k="},"indexInfo":{"baseKey":"BXwWVPWohwgZDHN8kyl90TpzvhrL/IeAd3XTCcOh2U4b","baseKeyType":1,"closed":-1,"used":1735852241677,"created":1735852241677,"remoteIdentityKey":"BZA9KkKCpARdJSzRdmf8IcjISdx6MfR5zfUIZLd4dNZE"},"_chains":{"BWHeDvJmKrYfZgbDs4uygSWf+/OJL33lWRM04o+AXax9":{"chainKey":{"counter":0,"key":"R/gRlnvWtue1F/UztyQ778Dw20aq/1hAb06jQAi88+M="},"chainType":1,"messageKeys":{}}},"pendingPreKey":{"signedKeyId":0,"baseKey":"BXwWVPWohwgZDHN8kyl90TpzvhrL/IeAd3XTCcOh2U4b","preKeyId":2235034}}},"version":"v1"}