{"_sessions":{"BXC4zIK8d25zW6S1BQSYDNLuMz7Zrs2FOp9Gyg8srqdH":{"registrationId":1370262808,"currentRatchet":{"ephemeralKeyPair":{"pubKey":"BansxzR5ob85fYR1RRanxaxT7KMFwQjxKYABz+7AiUsj","privKey":"wH4FMr3MRrHTJmz3lc4eNuVrHMaGTeXDrSi+KJiKKF0="},"lastRemoteEphemeralKey":"Bfs7EX60tvr97Wxd4SLsT/CHm2rBFXZa7whqQbgFl44q","previousCounter":0,"rootKey":"GtBCVErec+c3Ry4sj0XRo42rGvcvv3XGhUyB6+X6p9M="},"indexInfo":{"baseKey":"BXC4zIK8d25zW6S1BQSYDNLuMz7Zrs2FOp9Gyg8srqdH","baseKeyType":1,"closed":-1,"used":1735852241681,"created":1735852241681,"remoteIdentityKey":"BbTUpoiuKF+M/jalJiYm+c3UF0GhUzoWA2C0aFvZjbsz"},"_chains":{"BansxzR5ob85fYR1RRanxaxT7KMFwQjxKYABz+7AiUsj":{"chainKey":{"counter":0,"key":"tCefL3p5JmRk9dH484cixiPhIhAKuzqU8TtQaNrTteg="},"chainType":1,"messageKeys":{}}},"pendingPreKey":{"signedKeyId":2,"baseKey":"BXC4zIK8d25zW6S1BQSYDNLuMz7Zrs2FOp9Gyg8srqdH","preKeyId":4668977}}},"version":"v1"}