{"_sessions":{"BdklU2vIMhOOx2iAwMqw+s17XK1afQf+Ky2YaRiYgTsu":{"registrationId":173,"currentRatchet":{"ephemeralKeyPair":{"pubKey":"BbJ+3l5nsAyZo/7NylgYniLDcXTKejti5BYLkmaIrNVd","privKey":"EB1ozc7FBzQWE7zcySGi6BZBmKEWOwTvZz+eh1avjUU="},"lastRemoteEphemeralKey":"BWmmIRuFVWbqY/r1kTJ2j/VqGUPcwPOpEJqOqG5Vr3N5","previousCounter":0,"rootKey":"Pp3UfuzPkWpJJYT3uRlPKtUjw6Iih5s/7Np260hw23A="},"indexInfo":{"baseKey":"BdklU2vIMhOOx2iAwMqw+s17XK1afQf+Ky2YaRiYgTsu","baseKeyType":1,"closed":-1,"used":1735853155950,"created":1735853155950,"remoteIdentityKey":"BdE5A4HbyHH1GZFMHIqVLTCDmjvvvuOB1eqxtApYBzxh"},"_chains":{"BbJ+3l5nsAyZo/7NylgYniLDcXTKejti5BYLkmaIrNVd":{"chainKey":{"counter":7,"key":"oR73INsLlcic+Dbj/fQWnuePaE7YV8lBP4TlzWdRzE8="},"chainType":1,"messageKeys":{}}},"pendingPreKey":{"signedKeyId":1,"baseKey":"BdklU2vIMhOOx2iAwMqw+s17XK1afQf+Ky2YaRiYgTsu"}}},"version":"v1"}