{"_sessions":{"BfiP8x+EdLeY2ONk3GTNEBusGZs8anV/fU9veqohM+MB":{"registrationId":849932813,"currentRatchet":{"ephemeralKeyPair":{"pubKey":"BRBUHdEPOx+Pvw2Oj0YtfiHFudnnpodSGH6hWQ7rRPUq","privKey":"6LR8urOxed/w985V+vNbi0P5KdWIQJ567zX3xRE8lFk="},"lastRemoteEphemeralKey":"BYRWNwoVONI8sficy4/8UmRHDXwkpTidLCrMJGCR+l04","previousCounter":1,"rootKey":"CE2l97ub+h2YzMZMLwf+81XfFgABKoRosdbedAx+xZY="},"indexInfo":{"baseKey":"BfiP8x+EdLeY2ONk3GTNEBusGZs8anV/fU9veqohM+MB","baseKeyType":2,"closed":-1,"used":1735856930648,"created":1735853152228,"remoteIdentityKey":"BSiSUUu/GJqoydjUAxDdMCFPlng1ZJFUzsJ3ckzH3357"},"_chains":{"BaUCx5TwljPnEgUBeeUhdT5jnpIxM/21rZ5tkPCKdD1w":{"chainKey":{"counter":0},"chainType":2,"messageKeys":{}},"BWLTkuL4x2NKNk3ij6CoFhSWTxiAg/jpKaOeACrdCDoO":{"chainKey":{"counter":0},"chainType":2,"messageKeys":{}},"BZo8Wqfszo3cF9MjTJ5JwWv9taSNf7E35v1BEsTahZsc":{"chainKey":{"counter":0},"chainType":2,"messageKeys":{}},"BeB5Q5mEE1OJJRCfXM7oUR93DGjF4JZGTblMiyto5vAJ":{"chainKey":{"counter":1},"chainType":2,"messageKeys":{}},"BR7ldPTdbcndorieNIFkBxJvqcJIYaLlpEf+wgX3zZhN":{"chainKey":{"counter":1},"chainType":2,"messageKeys":{}},"Bfml5sEEuTkIqEX7HibXCKeGWlwQaBNpz5wingOOcRtD":{"chainKey":{"counter":2},"chainType":2,"messageKeys":{}},"BUUhvl51Cayk/0CJgtmSPaT5QXK5xlfS3dqXdhcOlJps":{"chainKey":{"counter":1},"chainType":2,"messageKeys":{}},"BYRWNwoVONI8sficy4/8UmRHDXwkpTidLCrMJGCR+l04":{"chainKey":{"counter":0,"key":"bNqq0qsV0Sr4zicX+/j+OrMlIhfYDgp+EewhIIJTl0I="},"chainType":2,"messageKeys":{}},"BRBUHdEPOx+Pvw2Oj0YtfiHFudnnpodSGH6hWQ7rRPUq":{"chainKey":{"counter":2,"key":"hzUCxuT+o9yW7lXd5MuPhFMJIf9teaMA9U8ZsWtidpg="},"chainType":1,"messageKeys":{}}}}},"version":"v1"}