{"_sessions":{"BfdvcBRjEdcskaf21/KOACnyPaXeNTrK0fMqMytqxUsV":{"registrationId":1896737288,"currentRatchet":{"ephemeralKeyPair":{"pubKey":"BVC5iveZANhaLjBxguEAeVe1DkWmalOOe/mI7DDQ5W48","privKey":"eMOszsmTFc9PeWvDbz3hguXjGCRKYa5YWJu2JBLCRGw="},"lastRemoteEphemeralKey":"Bd+PgeYuoZrp7YgCjkOT7jCCsxalyFhhTFlkzT4j4tx0","previousCounter":0,"rootKey":"g+dC9BCE+lauI2Lb0G8fg/lxkTsklSg9cSr78yA3y8g="},"indexInfo":{"baseKey":"BfdvcBRjEdcskaf21/KOACnyPaXeNTrK0fMqMytqxUsV","baseKeyType":1,"closed":-1,"used":1735857692902,"created":1735857692902,"remoteIdentityKey":"BWIxqB45pHuoy5YFwAFPBXG9BL6mnQ0VgfOO54xb/Jtg"},"_chains":{"BVC5iveZANhaLjBxguEAeVe1DkWmalOOe/mI7DDQ5W48":{"chainKey":{"counter":0,"key":"1is4r8uNG6bdvRXzxVK4JA73bZLPG545vlY6yiSlpJk="},"chainType":1,"messageKeys":{}}},"pendingPreKey":{"signedKeyId":1,"baseKey":"BfdvcBRjEdcskaf21/KOACnyPaXeNTrK0fMqMytqxUsV"}}},"version":"v1"}