{"_sessions":{"BRDK/xjU6DzqBS/M3nsjgWUh/RsQHeOXBphMTYltWxlI":{"registrationId":741710867,"currentRatchet":{"ephemeralKeyPair":{"pubKey":"BbBw1z36s3y9e4VqMFDlCtGPIGd+u6T9yd6d19DCYNFa","privKey":"UAu0ECiS0ZaTYqV046zk7DxTes2aWD7L/VMAFWAItnc="},"lastRemoteEphemeralKey":"BdWiY1spiY7sFhQNXA4OdbTIDEBQ/7AZZXgmbu508kg2","previousCounter":0,"rootKey":"xBIQ3uOWMFDmTAj4+1IH/LJMvww9w7hqom0904ZMcws="},"indexInfo":{"baseKey":"BRDK/xjU6DzqBS/M3nsjgWUh/RsQHeOXBphMTYltWxlI","baseKeyType":1,"closed":-1,"used":1735857692843,"created":1735857692843,"remoteIdentityKey":"BbgT1+nJuLwKjVJ1cT7uqpxWJZrAYCVWhqUciZVEQytS"},"_chains":{"BbBw1z36s3y9e4VqMFDlCtGPIGd+u6T9yd6d19DCYNFa":{"chainKey":{"counter":0,"key":"2vaJRG+HeJZYyKDJSC33Dy/TsBz8KdaXfRNxiWQ4gIc="},"chainType":1,"messageKeys":{}}},"pendingPreKey":{"signedKeyId":12,"baseKey":"BRDK/xjU6DzqBS/M3nsjgWUh/RsQHeOXBphMTYltWxlI"}}},"version":"v1"}