{"_sessions":{"BdOje+h2EeyZpMn2zYAbYftAXYoAvorjzjI4RgRYvPV3":{"registrationId":1382358498,"currentRatchet":{"ephemeralKeyPair":{"pubKey":"BcWRZlmyxRWIehhhYoK/FnZ8i/0zBXgXw+Se2RGsYhdc","privKey":"WOstnpVk3B7V2B++xO8wLGBrqdLYhxJZLORveBYj8Uo="},"lastRemoteEphemeralKey":"Bch9iPfP0vsWkrUvtVGLC5aeUv6/Zvk7LXJUYd1dT1Bg","previousCounter":0,"rootKey":"As34kHvBg/BIpVphRvkhbPjcWGWsPRCeNj1G+G5FSD0="},"indexInfo":{"baseKey":"BdOje+h2EeyZpMn2zYAbYftAXYoAvorjzjI4RgRYvPV3","baseKeyType":1,"closed":-1,"used":1735857692848,"created":1735857692848,"remoteIdentityKey":"BZTZShKmDeoDhxo25tUDniadgIvFaZ4buULPDHYP16Yb"},"_chains":{"BcWRZlmyxRWIehhhYoK/FnZ8i/0zBXgXw+Se2RGsYhdc":{"chainKey":{"counter":0,"key":"pptGH0agXUjj0REXse4Vppi1DPF0tu+muNpgFg3QrE4="},"chainType":1,"messageKeys":{}}},"pendingPreKey":{"signedKeyId":7,"baseKey":"BdOje+h2EeyZpMn2zYAbYftAXYoAvorjzjI4RgRYvPV3","preKeyId":6648397}}},"version":"v1"}