{"_sessions":{"BR5obIjm80/ZoqbIZGelgPAYVHf9juCTZTfM/zfawk1K":{"registrationId":111,"currentRatchet":{"ephemeralKeyPair":{"pubKey":"BWuhIoFSl0JGzDxozQ7+I5Kfelpd05sI3YhlaseI6EA+","privKey":"GHtMH+LuP7TcbCzd/RlgCQnVDYJryN8OhWDjLOS59E8="},"lastRemoteEphemeralKey":"BXfhWofPTRvPAFonZMG1U0OXGuUuAmkS97OkAhX8bxJo","previousCounter":16,"rootKey":"OfVbBsQ8AnZxdGstmQef8U9w/ne1SfYVfFm3IgvLy1w="},"indexInfo":{"baseKey":"BR5obIjm80/ZoqbIZGelgPAYVHf9juCTZTfM/zfawk1K","baseKeyType":1,"closed":-1,"used":1735856804101,"created":1735852967794,"remoteIdentityKey":"BelMVsfQdtFC12P6IYrQPT0C914rc0uxrkLdmeTtGdUP"},"_chains":{"BW3BVFJ1ehqZBHQsa6cj5q3UDxn27PFx1fMZuzVFL6c0":{"chainKey":{"counter":1},"chainType":2,"messageKeys":{}},"BezVF3GAMNFWbkN71/ltcpUc1BpoB2hhM9EYWNYJ8OJd":{"chainKey":{"counter":1},"chainType":2,"messageKeys":{}},"BVDkU/NB+FrM0S2oUyRMGeIWwwHUL2sEQQJn2SuLzTg+":{"chainKey":{"counter":1},"chainType":2,"messageKeys":{}},"BXfhWofPTRvPAFonZMG1U0OXGuUuAmkS97OkAhX8bxJo":{"chainKey":{"counter":0,"key":"OB+DcZ5BOsw2cl9V9l7cj+GR15hB5WuvzVH+wuoa8Ww="},"chainType":2,"messageKeys":{}},"BWuhIoFSl0JGzDxozQ7+I5Kfelpd05sI3YhlaseI6EA+":{"chainKey":{"counter":6,"key":"w/UUB0GxRjbJ9wHixAAluulHvYsD2HzEFZPZuEH05XQ="},"chainType":1,"messageKeys":{}}}}},"version":"v1"}