{"_sessions":{"BSaSoIQn7sLrMTSGBEvXnYXpeZQBHvc6X1XZL33PNi4I":{"registrationId":1800620410,"currentRatchet":{"ephemeralKeyPair":{"pubKey":"Be613Vsz3gYW5l4byIVvcJAsAyz0pQkyO1elVK+EW2Bl","privKey":"aO7nNBtB9WXDtb4gaYeU/KYjcBARgTQrRkZa8ARRf0w="},"lastRemoteEphemeralKey":"BZa0Z9odig+hbkrBcTnjWr8XHK76kgzVFIB2q7sPyEZH","previousCounter":0,"rootKey":"0rxYyUQaq5R3WCjmmcKpuWYd/8/ZgoFbuZGzUHvXii8="},"indexInfo":{"baseKey":"BSaSoIQn7sLrMTSGBEvXnYXpeZQBHvc6X1XZL33PNi4I","baseKeyType":1,"closed":-1,"used":1735852241662,"created":1735852241662,"remoteIdentityKey":"BXJ5Zb8OJSlgMmhbHz14/czxYK2k+Ab7aAIVtJ3wBnNL"},"_chains":{"Be613Vsz3gYW5l4byIVvcJAsAyz0pQkyO1elVK+EW2Bl":{"chainKey":{"counter":0,"key":"YmVD9hGy4bjYlIoEolq9KrdPuFd0tI1xgTq03+/snuU="},"chainType":1,"messageKeys":{}}},"pendingPreKey":{"signedKeyId":8905904,"baseKey":"BSaSoIQn7sLrMTSGBEvXnYXpeZQBHvc6X1XZL33PNi4I","preKeyId":1540}}},"version":"v1"}