{"_sessions":{"BSNR1FgzUfU/WQb1U8HZ2yoR+9aS06fWlsSFGb3pNnNI":{"registrationId":2009292837,"currentRatchet":{"ephemeralKeyPair":{"pubKey":"BfGhBqYodhRa6eakJKXE8hW4fYN6EEEeicjG5nRVpjVp","privKey":"0L5ObKMoQS/VfM3n+ePfxTbKt58825lb3yFzGfE152M="},"lastRemoteEphemeralKey":"BWcrEbrrBWZaZaY+WuPuCVgo2R1qysAL9EXbweqVvR9s","previousCounter":0,"rootKey":"vvOvlsSEZXk6bktBTdr0chhOpvfP3VD76dkmbE7Bh+c="},"indexInfo":{"baseKey":"BSNR1FgzUfU/WQb1U8HZ2yoR+9aS06fWlsSFGb3pNnNI","baseKeyType":2,"closed":-1,"used":1735852141488,"created":1735852141488,"remoteIdentityKey":"BVFlim90pAKdSBUlUWoV1us2+WYLhrCUh5KIA0WBtys1"},"_chains":{"BWcrEbrrBWZaZaY+WuPuCVgo2R1qysAL9EXbweqVvR9s":{"chainKey":{"counter":10,"key":"uAx4UlF6s2cAp+Ca+Vic6sUxuTveHZ7Q2jspaoxCCNE="},"chainType":2,"messageKeys":{"0":"iXIQKFwvPGlHauXRrna90MlHWHlxCud3dcrsA52TgjU=","1":"W7qJaxcl7ZpmEsADUfxm14U7+dLmJP77UM3DzmLeHAY=","2":"tOPnBISdV0gtrURKnk+jHT82Uviv7mvm41glje6rgV0=","3":"gkKfWT2iBcfMvVUv5oMfMUgBoBN/+PwAJbBLQ/KHXuk=","4":"1b+9RK8U/LpRXaHbYDJPfEfF8xUwNswAnxEDPJv1jt4=","5":"JPqvgv90ltWO9yj/RB5bkjeBBDoEhTQa9160G0jvyqU=","6":"MY3P6Ffoptj5lozyLBKzr2Vm9xrAX9MAVJaMbyok0kY="}},"BfGhBqYodhRa6eakJKXE8hW4fYN6EEEeicjG5nRVpjVp":{"chainKey":{"counter":-1,"key":"cFz3qPYy1BmK95R+Ik660wZJJ4iSbKF8hcNr78WORBM="},"chainType":1,"messageKeys":{}}}}},"version":"v1"}