{"_sessions":{"BddZnJ17Q0Rprp26SV/nTNZByElaTXwPZ6sHebokZnkn":{"registrationId":743102384,"currentRatchet":{"ephemeralKeyPair":{"pubKey":"BY+91D8tLFHgeHLmssqjmMPmWVdJ0RhjoSZXHO1b9OBP","privKey":"KAvFUFU8tb47uy0kBmrXfcYH5a4DdVRjdpZbDNxYgVE="},"lastRemoteEphemeralKey":"BeLjYgfNr3RTUxbkU2aCy0tSvEufhaQ8WtWkEGCeOLYx","previousCounter":0,"rootKey":"1wc5qOBvWpZY12B7nr9NHnIGmP7KHiMGYIrT8e38Ubg="},"indexInfo":{"baseKey":"BddZnJ17Q0Rprp26SV/nTNZByElaTXwPZ6sHebokZnkn","baseKeyType":1,"closed":-1,"used":1735857692838,"created":1735857692838,"remoteIdentityKey":"BX63HNEHMhg4ln4aNQ5bWJB9MTPnKHw49wO5TiTQYHBT"},"_chains":{"BY+91D8tLFHgeHLmssqjmMPmWVdJ0RhjoSZXHO1b9OBP":{"chainKey":{"counter":0,"key":"x5b3S4AP5ZuZuNsgsybn2zeNMpMo4L3W3ghdwlFZNr0="},"chainType":1,"messageKeys":{}}},"pendingPreKey":{"signedKeyId":2,"baseKey":"BddZnJ17Q0Rprp26SV/nTNZByElaTXwPZ6sHebokZnkn","preKeyId":10780989}}},"version":"v1"}